participant_id,trial,choice,reward_H,reward_L,alpha_true,theta_true
1,1,1,1,0,0.732186814566789,7.316635319256157
1,2,1,0,1,0.732186814566789,7.316635319256157
1,3,0,1,0,0.732186814566789,7.316635319256157
1,4,1,1,1,0.732186814566789,7.316635319256157
1,5,1,1,0,0.732186814566789,7.316635319256157
1,6,1,0,0,0.732186814566789,7.316635319256157
1,7,1,1,1,0.732186814566789,7.316635319256157
1,8,0,0,0,0.732186814566789,7.316635319256157
1,9,1,1,0,0.732186814566789,7.316635319256157
1,10,1,0,1,0.732186814566789,7.316635319256157
1,11,0,1,0,0.732186814566789,7.316635319256157
1,12,1,1,0,0.732186814566789,7.316635319256157
1,13,1,1,0,0.732186814566789,7.316635319256157
1,14,1,0,0,0.732186814566789,7.316635319256157
1,15,1,0,0,0.732186814566789,7.316635319256157
1,16,1,1,0,0.732186814566789,7.316635319256157
1,17,1,1,1,0.732186814566789,7.316635319256157
1,18,1,0,1,0.732186814566789,7.316635319256157
1,19,0,1,0,0.732186814566789,7.316635319256157
1,20,1,1,0,0.732186814566789,7.316635319256157
1,21,1,0,0,0.732186814566789,7.316635319256157
1,22,1,1,0,0.732186814566789,7.316635319256157
1,23,1,1,0,0.732186814566789,7.316635319256157
1,24,1,0,0,0.732186814566789,7.316635319256157
1,25,1,1,0,0.732186814566789,7.316635319256157
1,26,1,1,1,0.732186814566789,7.316635319256157
1,27,1,1,1,0.732186814566789,7.316635319256157
1,28,1,1,0,0.732186814566789,7.316635319256157
1,29,1,1,0,0.732186814566789,7.316635319256157
1,30,1,1,0,0.732186814566789,7.316635319256157
1,31,1,1,0,0.732186814566789,7.316635319256157
1,32,1,1,0,0.732186814566789,7.316635319256157
1,33,1,0,1,0.732186814566789,7.316635319256157
1,34,0,1,1,0.732186814566789,7.316635319256157
1,35,1,0,0,0.732186814566789,7.316635319256157
1,36,0,1,1,0.732186814566789,7.316635319256157
1,37,0,1,0,0.732186814566789,7.316635319256157
1,38,1,1,1,0.732186814566789,7.316635319256157
1,39,1,0,0,0.732186814566789,7.316635319256157
1,40,0,1,0,0.732186814566789,7.316635319256157
1,41,1,1,0,0.732186814566789,7.316635319256157
1,42,1,1,0,0.732186814566789,7.316635319256157
1,43,1,1,0,0.732186814566789,7.316635319256157
1,44,1,1,0,0.732186814566789,7.316635319256157
1,45,1,1,1,0.732186814566789,7.316635319256157
1,46,1,0,0,0.732186814566789,7.316635319256157
1,47,1,1,1,0.732186814566789,7.316635319256157
1,48,0,1,0,0.732186814566789,7.316635319256157
1,49,1,1,0,0.732186814566789,7.316635319256157
1,50,1,0,1,0.732186814566789,7.316635319256157
1,51,0,1,0,0.732186814566789,7.316635319256157
1,52,1,1,0,0.732186814566789,7.316635319256157
1,53,1,0,0,0.732186814566789,7.316635319256157
1,54,0,1,0,0.732186814566789,7.316635319256157
1,55,1,1,1,0.732186814566789,7.316635319256157
1,56,1,1,1,0.732186814566789,7.316635319256157
1,57,1,1,0,0.732186814566789,7.316635319256157
1,58,1,1,0,0.732186814566789,7.316635319256157
1,59,1,0,1,0.732186814566789,7.316635319256157
1,60,0,0,1,0.732186814566789,7.316635319256157
1,61,0,1,1,0.732186814566789,7.316635319256157
1,62,0,1,0,0.732186814566789,7.316635319256157
1,63,1,1,1,0.732186814566789,7.316635319256157
1,64,1,1,1,0.732186814566789,7.316635319256157
1,65,1,1,0,0.732186814566789,7.316635319256157
1,66,1,1,0,0.732186814566789,7.316635319256157
1,67,1,0,0,0.732186814566789,7.316635319256157
1,68,1,1,0,0.732186814566789,7.316635319256157
1,69,1,1,0,0.732186814566789,7.316635319256157
1,70,1,1,0,0.732186814566789,7.316635319256157
1,71,1,0,1,0.732186814566789,7.316635319256157
1,72,0,1,0,0.732186814566789,7.316635319256157
1,73,1,1,0,0.732186814566789,7.316635319256157
1,74,1,1,1,0.732186814566789,7.316635319256157
1,75,1,0,0,0.732186814566789,7.316635319256157
1,76,1,1,0,0.732186814566789,7.316635319256157
1,77,1,1,1,0.732186814566789,7.316635319256157
1,78,1,0,1,0.732186814566789,7.316635319256157
1,79,0,0,0,0.732186814566789,7.316635319256157
1,80,0,0,1,0.732186814566789,7.316635319256157
1,81,0,1,0,0.732186814566789,7.316635319256157
1,82,1,1,0,0.732186814566789,7.316635319256157
1,83,1,1,0,0.732186814566789,7.316635319256157
1,84,1,1,0,0.732186814566789,7.316635319256157
1,85,1,0,1,0.732186814566789,7.316635319256157
1,86,0,1,0,0.732186814566789,7.316635319256157
1,87,1,0,0,0.732186814566789,7.316635319256157
1,88,1,0,0,0.732186814566789,7.316635319256157
1,89,1,1,0,0.732186814566789,7.316635319256157
1,90,1,1,0,0.732186814566789,7.316635319256157
1,91,1,1,0,0.732186814566789,7.316635319256157
1,92,1,1,0,0.732186814566789,7.316635319256157
1,93,1,0,0,0.732186814566789,7.316635319256157
1,94,1,1,0,0.732186814566789,7.316635319256157
1,95,1,1,0,0.732186814566789,7.316635319256157
1,96,1,1,0,0.732186814566789,7.316635319256157
1,97,1,1,1,0.732186814566789,7.316635319256157
1,98,1,0,1,0.732186814566789,7.316635319256157
1,99,0,0,1,0.732186814566789,7.316635319256157
1,100,0,0,0,0.732186814566789,7.316635319256157
2,1,1,1,0,0.6608204107842912,7.542668610571243
2,2,1,1,0,0.6608204107842912,7.542668610571243
2,3,1,1,0,0.6608204107842912,7.542668610571243
2,4,1,1,0,0.6608204107842912,7.542668610571243
2,5,1,1,0,0.6608204107842912,7.542668610571243
2,6,1,0,0,0.6608204107842912,7.542668610571243
2,7,1,1,1,0.6608204107842912,7.542668610571243
2,8,1,0,0,0.6608204107842912,7.542668610571243
2,9,0,1,1,0.6608204107842912,7.542668610571243
2,10,1,1,1,0.6608204107842912,7.542668610571243
2,11,1,1,0,0.6608204107842912,7.542668610571243
2,12,1,1,1,0.6608204107842912,7.542668610571243
2,13,1,0,1,0.6608204107842912,7.542668610571243
2,14,0,0,1,0.6608204107842912,7.542668610571243
2,15,0,1,0,0.6608204107842912,7.542668610571243
2,16,1,1,0,0.6608204107842912,7.542668610571243
2,17,1,1,0,0.6608204107842912,7.542668610571243
2,18,1,0,1,0.6608204107842912,7.542668610571243
2,19,0,1,1,0.6608204107842912,7.542668610571243
2,20,0,1,0,0.6608204107842912,7.542668610571243
2,21,1,1,1,0.6608204107842912,7.542668610571243
2,22,1,1,1,0.6608204107842912,7.542668610571243
2,23,0,1,0,0.6608204107842912,7.542668610571243
2,24,1,1,0,0.6608204107842912,7.542668610571243
2,25,1,1,0,0.6608204107842912,7.542668610571243
2,26,1,1,1,0.6608204107842912,7.542668610571243
2,27,1,1,0,0.6608204107842912,7.542668610571243
2,28,1,0,1,0.6608204107842912,7.542668610571243
2,29,0,0,0,0.6608204107842912,7.542668610571243
2,30,0,1,0,0.6608204107842912,7.542668610571243
2,31,1,1,1,0.6608204107842912,7.542668610571243
2,32,1,1,0,0.6608204107842912,7.542668610571243
2,33,1,0,1,0.6608204107842912,7.542668610571243
2,34,0,0,1,0.6608204107842912,7.542668610571243
2,35,0,0,0,0.6608204107842912,7.542668610571243
2,36,1,1,0,0.6608204107842912,7.542668610571243
2,37,1,0,0,0.6608204107842912,7.542668610571243
2,38,1,1,1,0.6608204107842912,7.542668610571243
2,39,1,0,0,0.6608204107842912,7.542668610571243
2,40,1,1,0,0.6608204107842912,7.542668610571243
2,41,1,0,0,0.6608204107842912,7.542668610571243
2,42,0,1,1,0.6608204107842912,7.542668610571243
2,43,0,0,0,0.6608204107842912,7.542668610571243
2,44,0,1,0,0.6608204107842912,7.542668610571243
2,45,1,1,1,0.6608204107842912,7.542668610571243
2,46,1,0,0,0.6608204107842912,7.542668610571243
2,47,0,1,0,0.6608204107842912,7.542668610571243
2,48,1,0,0,0.6608204107842912,7.542668610571243
2,49,1,1,0,0.6608204107842912,7.542668610571243
2,50,1,0,0,0.6608204107842912,7.542668610571243
2,51,1,1,1,0.6608204107842912,7.542668610571243
2,52,1,0,0,0.6608204107842912,7.542668610571243
2,53,0,1,1,0.6608204107842912,7.542668610571243
2,54,1,1,0,0.6608204107842912,7.542668610571243
2,55,1,0,0,0.6608204107842912,7.542668610571243
2,56,1,1,0,0.6608204107842912,7.542668610571243
2,57,1,1,0,0.6608204107842912,7.542668610571243
2,58,1,1,0,0.6608204107842912,7.542668610571243
2,59,1,1,0,0.6608204107842912,7.542668610571243
2,60,1,1,0,0.6608204107842912,7.542668610571243
2,61,1,1,0,0.6608204107842912,7.542668610571243
2,62,1,1,0,0.6608204107842912,7.542668610571243
2,63,1,1,0,0.6608204107842912,7.542668610571243
2,64,1,0,0,0.6608204107842912,7.542668610571243
2,65,1,1,0,0.6608204107842912,7.542668610571243
2,66,1,0,1,0.6608204107842912,7.542668610571243
2,67,0,1,0,0.6608204107842912,7.542668610571243
2,68,1,1,1,0.6608204107842912,7.542668610571243
2,69,1,1,0,0.6608204107842912,7.542668610571243
2,70,1,1,0,0.6608204107842912,7.542668610571243
2,71,1,1,0,0.6608204107842912,7.542668610571243
2,72,1,1,1,0.6608204107842912,7.542668610571243
2,73,1,1,0,0.6608204107842912,7.542668610571243
2,74,1,1,0,0.6608204107842912,7.542668610571243
2,75,1,0,1,0.6608204107842912,7.542668610571243
2,76,0,1,1,0.6608204107842912,7.542668610571243
2,77,0,1,0,0.6608204107842912,7.542668610571243
2,78,1,1,0,0.6608204107842912,7.542668610571243
2,79,1,0,1,0.6608204107842912,7.542668610571243
2,80,0,0,1,0.6608204107842912,7.542668610571243
2,81,0,1,0,0.6608204107842912,7.542668610571243
2,82,1,0,0,0.6608204107842912,7.542668610571243
2,83,1,1,0,0.6608204107842912,7.542668610571243
2,84,1,1,0,0.6608204107842912,7.542668610571243
2,85,1,1,0,0.6608204107842912,7.542668610571243
2,86,1,1,0,0.6608204107842912,7.542668610571243
2,87,1,1,0,0.6608204107842912,7.542668610571243
2,88,1,0,0,0.6608204107842912,7.542668610571243
2,89,1,1,0,0.6608204107842912,7.542668610571243
2,90,1,1,1,0.6608204107842912,7.542668610571243
2,91,1,1,1,0.6608204107842912,7.542668610571243
2,92,1,0,0,0.6608204107842912,7.542668610571243
2,93,1,1,0,0.6608204107842912,7.542668610571243
2,94,1,0,0,0.6608204107842912,7.542668610571243
2,95,1,1,0,0.6608204107842912,7.542668610571243
2,96,1,0,0,0.6608204107842912,7.542668610571243
2,97,1,1,0,0.6608204107842912,7.542668610571243
2,98,1,0,0,0.6608204107842912,7.542668610571243
2,99,0,1,0,0.6608204107842912,7.542668610571243
2,100,1,0,1,0.6608204107842912,7.542668610571243
3,1,1,1,1,0.788963367064814,8.346015512214532
3,2,0,1,0,0.788963367064814,8.346015512214532
3,3,1,0,0,0.788963367064814,8.346015512214532
3,4,1,0,0,0.788963367064814,8.346015512214532
3,5,1,1,1,0.788963367064814,8.346015512214532
3,6,1,0,0,0.788963367064814,8.346015512214532
3,7,0,1,1,0.788963367064814,8.346015512214532
3,8,1,1,1,0.788963367064814,8.346015512214532
3,9,0,0,0,0.788963367064814,8.346015512214532
3,10,1,1,0,0.788963367064814,8.346015512214532
3,11,1,0,1,0.788963367064814,8.346015512214532
3,12,0,0,1,0.788963367064814,8.346015512214532
3,13,0,1,0,0.788963367064814,8.346015512214532
3,14,1,1,0,0.788963367064814,8.346015512214532
3,15,1,1,0,0.788963367064814,8.346015512214532
3,16,1,1,0,0.788963367064814,8.346015512214532
3,17,1,1,1,0.788963367064814,8.346015512214532
3,18,1,1,0,0.788963367064814,8.346015512214532
3,19,1,0,0,0.788963367064814,8.346015512214532
3,20,1,1,1,0.788963367064814,8.346015512214532
3,21,0,0,0,0.788963367064814,8.346015512214532
3,22,1,1,0,0.788963367064814,8.346015512214532
3,23,1,0,0,0.788963367064814,8.346015512214532
3,24,1,0,0,0.788963367064814,8.346015512214532
3,25,1,1,0,0.788963367064814,8.346015512214532
3,26,1,1,0,0.788963367064814,8.346015512214532
3,27,1,1,0,0.788963367064814,8.346015512214532
3,28,1,0,0,0.788963367064814,8.346015512214532
3,29,1,0,0,0.788963367064814,8.346015512214532
3,30,1,0,0,0.788963367064814,8.346015512214532
3,31,0,1,0,0.788963367064814,8.346015512214532
3,32,1,1,0,0.788963367064814,8.346015512214532
3,33,1,0,0,0.788963367064814,8.346015512214532
3,34,1,0,1,0.788963367064814,8.346015512214532
3,35,0,1,1,0.788963367064814,8.346015512214532
3,36,0,0,1,0.788963367064814,8.346015512214532
3,37,0,1,0,0.788963367064814,8.346015512214532
3,38,1,1,1,0.788963367064814,8.346015512214532
3,39,1,1,0,0.788963367064814,8.346015512214532
3,40,1,1,0,0.788963367064814,8.346015512214532
3,41,1,1,0,0.788963367064814,8.346015512214532
3,42,1,1,0,0.788963367064814,8.346015512214532
3,43,1,1,0,0.788963367064814,8.346015512214532
3,44,1,1,0,0.788963367064814,8.346015512214532
3,45,1,1,0,0.788963367064814,8.346015512214532
3,46,1,0,0,0.788963367064814,8.346015512214532
3,47,1,1,0,0.788963367064814,8.346015512214532
3,48,1,0,1,0.788963367064814,8.346015512214532
3,49,0,1,0,0.788963367064814,8.346015512214532
3,50,1,1,0,0.788963367064814,8.346015512214532
3,51,1,0,0,0.788963367064814,8.346015512214532
3,52,1,0,0,0.788963367064814,8.346015512214532
3,53,1,1,1,0.788963367064814,8.346015512214532
3,54,1,1,0,0.788963367064814,8.346015512214532
3,55,1,1,0,0.788963367064814,8.346015512214532
3,56,1,1,1,0.788963367064814,8.346015512214532
3,57,1,0,0,0.788963367064814,8.346015512214532
3,58,1,0,1,0.788963367064814,8.346015512214532
3,59,0,0,0,0.788963367064814,8.346015512214532
3,60,0,0,0,0.788963367064814,8.346015512214532
3,61,1,1,1,0.788963367064814,8.346015512214532
3,62,1,1,0,0.788963367064814,8.346015512214532
3,63,1,1,0,0.788963367064814,8.346015512214532
3,64,1,1,0,0.788963367064814,8.346015512214532
3,65,1,0,1,0.788963367064814,8.346015512214532
3,66,0,0,0,0.788963367064814,8.346015512214532
3,67,0,1,0,0.788963367064814,8.346015512214532
3,68,1,1,1,0.788963367064814,8.346015512214532
3,69,1,1,1,0.788963367064814,8.346015512214532
3,70,0,1,1,0.788963367064814,8.346015512214532
3,71,0,1,0,0.788963367064814,8.346015512214532
3,72,1,1,0,0.788963367064814,8.346015512214532
3,73,1,1,1,0.788963367064814,8.346015512214532
3,74,1,1,0,0.788963367064814,8.346015512214532
3,75,1,1,0,0.788963367064814,8.346015512214532
3,76,1,1,0,0.788963367064814,8.346015512214532
3,77,1,1,1,0.788963367064814,8.346015512214532
3,78,0,1,0,0.788963367064814,8.346015512214532
3,79,1,0,0,0.788963367064814,8.346015512214532
3,80,1,1,1,0.788963367064814,8.346015512214532
3,81,1,1,0,0.788963367064814,8.346015512214532
3,82,1,1,0,0.788963367064814,8.346015512214532
3,83,1,0,0,0.788963367064814,8.346015512214532
3,84,1,0,1,0.788963367064814,8.346015512214532
3,85,0,1,1,0.788963367064814,8.346015512214532
3,86,0,0,0,0.788963367064814,8.346015512214532
3,87,0,0,1,0.788963367064814,8.346015512214532
3,88,0,1,0,0.788963367064814,8.346015512214532
3,89,1,1,1,0.788963367064814,8.346015512214532
3,90,1,0,1,0.788963367064814,8.346015512214532
3,91,0,1,0,0.788963367064814,8.346015512214532
3,92,1,1,0,0.788963367064814,8.346015512214532
3,93,1,1,0,0.788963367064814,8.346015512214532
3,94,1,1,0,0.788963367064814,8.346015512214532
3,95,1,1,0,0.788963367064814,8.346015512214532
3,96,1,1,0,0.788963367064814,8.346015512214532
3,97,1,0,0,0.788963367064814,8.346015512214532
3,98,1,1,0,0.788963367064814,8.346015512214532
3,99,1,1,0,0.788963367064814,8.346015512214532
3,100,1,0,0,0.788963367064814,8.346015512214532
4,1,0,1,1,0.6486519669885855,6.3320762220888485
4,2,1,0,1,0.6486519669885855,6.3320762220888485
4,3,0,0,0,0.6486519669885855,6.3320762220888485
4,4,0,1,0,0.6486519669885855,6.3320762220888485
4,5,1,0,0,0.6486519669885855,6.3320762220888485
4,6,1,1,0,0.6486519669885855,6.3320762220888485
4,7,1,0,0,0.6486519669885855,6.3320762220888485
4,8,1,1,0,0.6486519669885855,6.3320762220888485
4,9,1,0,1,0.6486519669885855,6.3320762220888485
4,10,0,0,0,0.6486519669885855,6.3320762220888485
4,11,1,1,0,0.6486519669885855,6.3320762220888485
4,12,1,1,0,0.6486519669885855,6.3320762220888485
4,13,1,1,1,0.6486519669885855,6.3320762220888485
4,14,1,0,0,0.6486519669885855,6.3320762220888485
4,15,1,1,0,0.6486519669885855,6.3320762220888485
4,16,1,0,1,0.6486519669885855,6.3320762220888485
4,17,0,1,0,0.6486519669885855,6.3320762220888485
4,18,1,1,0,0.6486519669885855,6.3320762220888485
4,19,1,1,1,0.6486519669885855,6.3320762220888485
4,20,1,0,0,0.6486519669885855,6.3320762220888485
4,21,1,1,0,0.6486519669885855,6.3320762220888485
4,22,1,1,1,0.6486519669885855,6.3320762220888485
4,23,1,1,0,0.6486519669885855,6.3320762220888485
4,24,1,1,0,0.6486519669885855,6.3320762220888485
4,25,1,0,1,0.6486519669885855,6.3320762220888485
4,26,0,1,1,0.6486519669885855,6.3320762220888485
4,27,0,1,0,0.6486519669885855,6.3320762220888485
4,28,1,1,1,0.6486519669885855,6.3320762220888485
4,29,1,1,1,0.6486519669885855,6.3320762220888485
4,30,1,1,0,0.6486519669885855,6.3320762220888485
4,31,0,1,0,0.6486519669885855,6.3320762220888485
4,32,1,1,0,0.6486519669885855,6.3320762220888485
4,33,1,1,1,0.6486519669885855,6.3320762220888485
4,34,1,0,0,0.6486519669885855,6.3320762220888485
4,35,1,1,0,0.6486519669885855,6.3320762220888485
4,36,1,1,0,0.6486519669885855,6.3320762220888485
4,37,1,0,0,0.6486519669885855,6.3320762220888485
4,38,1,0,1,0.6486519669885855,6.3320762220888485
4,39,1,1,0,0.6486519669885855,6.3320762220888485
4,40,1,0,0,0.6486519669885855,6.3320762220888485
4,41,0,1,0,0.6486519669885855,6.3320762220888485
4,42,1,1,1,0.6486519669885855,6.3320762220888485
4,43,1,1,0,0.6486519669885855,6.3320762220888485
4,44,1,1,0,0.6486519669885855,6.3320762220888485
4,45,1,1,0,0.6486519669885855,6.3320762220888485
4,46,1,1,0,0.6486519669885855,6.3320762220888485
4,47,1,0,1,0.6486519669885855,6.3320762220888485
4,48,0,1,0,0.6486519669885855,6.3320762220888485
4,49,1,1,0,0.6486519669885855,6.3320762220888485
4,50,1,0,0,0.6486519669885855,6.3320762220888485
4,51,1,0,1,0.6486519669885855,6.3320762220888485
4,52,0,1,0,0.6486519669885855,6.3320762220888485
4,53,1,0,0,0.6486519669885855,6.3320762220888485
4,54,1,1,0,0.6486519669885855,6.3320762220888485
4,55,1,1,0,0.6486519669885855,6.3320762220888485
4,56,1,0,0,0.6486519669885855,6.3320762220888485
4,57,1,1,0,0.6486519669885855,6.3320762220888485
4,58,1,1,1,0.6486519669885855,6.3320762220888485
4,59,0,0,1,0.6486519669885855,6.3320762220888485
4,60,0,0,1,0.6486519669885855,6.3320762220888485
4,61,0,1,0,0.6486519669885855,6.3320762220888485
4,62,1,1,0,0.6486519669885855,6.3320762220888485
4,63,1,1,0,0.6486519669885855,6.3320762220888485
4,64,1,0,0,0.6486519669885855,6.3320762220888485
4,65,1,1,1,0.6486519669885855,6.3320762220888485
4,66,0,1,1,0.6486519669885855,6.3320762220888485
4,67,1,1,1,0.6486519669885855,6.3320762220888485
4,68,1,1,0,0.6486519669885855,6.3320762220888485
4,69,1,0,1,0.6486519669885855,6.3320762220888485
4,70,0,1,1,0.6486519669885855,6.3320762220888485
4,71,0,0,0,0.6486519669885855,6.3320762220888485
4,72,0,0,0,0.6486519669885855,6.3320762220888485
4,73,0,1,0,0.6486519669885855,6.3320762220888485
4,74,1,1,1,0.6486519669885855,6.3320762220888485
4,75,0,1,0,0.6486519669885855,6.3320762220888485
4,76,1,0,0,0.6486519669885855,6.3320762220888485
4,77,1,1,0,0.6486519669885855,6.3320762220888485
4,78,1,1,1,0.6486519669885855,6.3320762220888485
4,79,1,0,0,0.6486519669885855,6.3320762220888485
4,80,1,0,1,0.6486519669885855,6.3320762220888485
4,81,0,0,0,0.6486519669885855,6.3320762220888485
4,82,1,1,0,0.6486519669885855,6.3320762220888485
4,83,1,1,0,0.6486519669885855,6.3320762220888485
4,84,1,1,1,0.6486519669885855,6.3320762220888485
4,85,1,1,1,0.6486519669885855,6.3320762220888485
4,86,1,1,1,0.6486519669885855,6.3320762220888485
4,87,0,1,1,0.6486519669885855,6.3320762220888485
4,88,1,1,1,0.6486519669885855,6.3320762220888485
4,89,1,0,0,0.6486519669885855,6.3320762220888485
4,90,0,1,0,0.6486519669885855,6.3320762220888485
4,91,1,1,1,0.6486519669885855,6.3320762220888485
4,92,1,1,0,0.6486519669885855,6.3320762220888485
4,93,1,0,0,0.6486519669885855,6.3320762220888485
4,94,0,1,0,0.6486519669885855,6.3320762220888485
4,95,1,1,1,0.6486519669885855,6.3320762220888485
4,96,0,0,0,0.6486519669885855,6.3320762220888485
4,97,1,1,0,0.6486519669885855,6.3320762220888485
4,98,1,1,0,0.6486519669885855,6.3320762220888485
4,99,1,0,0,0.6486519669885855,6.3320762220888485
4,100,1,1,0,0.6486519669885855,6.3320762220888485
5,1,1,0,0,0.5780553966028974,7.255968261944405
5,2,0,1,0,0.5780553966028974,7.255968261944405
5,3,1,1,0,0.5780553966028974,7.255968261944405
5,4,1,1,0,0.5780553966028974,7.255968261944405
5,5,1,1,0,0.5780553966028974,7.255968261944405
5,6,1,1,0,0.5780553966028974,7.255968261944405
5,7,1,1,0,0.5780553966028974,7.255968261944405
5,8,1,1,0,0.5780553966028974,7.255968261944405
5,9,1,1,0,0.5780553966028974,7.255968261944405
5,10,1,1,0,0.5780553966028974,7.255968261944405
5,11,1,1,0,0.5780553966028974,7.255968261944405
5,12,1,1,0,0.5780553966028974,7.255968261944405
5,13,1,1,1,0.5780553966028974,7.255968261944405
5,14,1,1,0,0.5780553966028974,7.255968261944405
5,15,1,1,0,0.5780553966028974,7.255968261944405
5,16,1,0,1,0.5780553966028974,7.255968261944405
5,17,0,0,0,0.5780553966028974,7.255968261944405
5,18,0,1,1,0.5780553966028974,7.255968261944405
5,19,1,0,0,0.5780553966028974,7.255968261944405
5,20,1,1,0,0.5780553966028974,7.255968261944405
5,21,1,1,0,0.5780553966028974,7.255968261944405
5,22,1,1,0,0.5780553966028974,7.255968261944405
5,23,1,1,1,0.5780553966028974,7.255968261944405
5,24,1,1,0,0.5780553966028974,7.255968261944405
5,25,1,1,1,0.5780553966028974,7.255968261944405
5,26,0,1,0,0.5780553966028974,7.255968261944405
5,27,1,1,0,0.5780553966028974,7.255968261944405
5,28,1,1,0,0.5780553966028974,7.255968261944405
5,29,1,1,0,0.5780553966028974,7.255968261944405
5,30,1,0,0,0.5780553966028974,7.255968261944405
5,31,1,1,1,0.5780553966028974,7.255968261944405
5,32,1,0,1,0.5780553966028974,7.255968261944405
5,33,0,1,0,0.5780553966028974,7.255968261944405
5,34,0,1,1,0.5780553966028974,7.255968261944405
5,35,1,1,0,0.5780553966028974,7.255968261944405
5,36,1,1,0,0.5780553966028974,7.255968261944405
5,37,1,0,0,0.5780553966028974,7.255968261944405
5,38,1,1,1,0.5780553966028974,7.255968261944405
5,39,1,0,0,0.5780553966028974,7.255968261944405
5,40,1,1,0,0.5780553966028974,7.255968261944405
5,41,1,1,0,0.5780553966028974,7.255968261944405
5,42,1,0,1,0.5780553966028974,7.255968261944405
5,43,0,1,1,0.5780553966028974,7.255968261944405
5,44,0,1,1,0.5780553966028974,7.255968261944405
5,45,0,1,1,0.5780553966028974,7.255968261944405
5,46,1,1,0,0.5780553966028974,7.255968261944405
5,47,1,1,1,0.5780553966028974,7.255968261944405
5,48,1,1,0,0.5780553966028974,7.255968261944405
5,49,1,1,0,0.5780553966028974,7.255968261944405
5,50,1,1,0,0.5780553966028974,7.255968261944405
5,51,1,1,0,0.5780553966028974,7.255968261944405
5,52,1,1,0,0.5780553966028974,7.255968261944405
5,53,1,1,0,0.5780553966028974,7.255968261944405
5,54,1,1,1,0.5780553966028974,7.255968261944405
5,55,1,0,1,0.5780553966028974,7.255968261944405
5,56,0,1,1,0.5780553966028974,7.255968261944405
5,57,0,1,0,0.5780553966028974,7.255968261944405
5,58,1,1,1,0.5780553966028974,7.255968261944405
5,59,0,1,1,0.5780553966028974,7.255968261944405
5,60,1,0,0,0.5780553966028974,7.255968261944405
5,61,0,0,0,0.5780553966028974,7.255968261944405
5,62,1,0,0,0.5780553966028974,7.255968261944405
5,63,0,0,0,0.5780553966028974,7.255968261944405
5,64,1,1,0,0.5780553966028974,7.255968261944405
5,65,1,1,0,0.5780553966028974,7.255968261944405
5,66,1,0,0,0.5780553966028974,7.255968261944405
5,67,1,0,1,0.5780553966028974,7.255968261944405
5,68,1,0,1,0.5780553966028974,7.255968261944405
5,69,0,0,0,0.5780553966028974,7.255968261944405
5,70,0,0,1,0.5780553966028974,7.255968261944405
5,71,0,1,0,0.5780553966028974,7.255968261944405
5,72,1,1,0,0.5780553966028974,7.255968261944405
5,73,1,1,1,0.5780553966028974,7.255968261944405
5,74,1,0,0,0.5780553966028974,7.255968261944405
5,75,1,1,0,0.5780553966028974,7.255968261944405
5,76,1,1,0,0.5780553966028974,7.255968261944405
5,77,1,0,0,0.5780553966028974,7.255968261944405
5,78,1,1,0,0.5780553966028974,7.255968261944405
5,79,1,1,1,0.5780553966028974,7.255968261944405
5,80,1,1,0,0.5780553966028974,7.255968261944405
5,81,1,1,1,0.5780553966028974,7.255968261944405
5,82,0,1,0,0.5780553966028974,7.255968261944405
5,83,1,1,1,0.5780553966028974,7.255968261944405
5,84,1,0,0,0.5780553966028974,7.255968261944405
5,85,1,1,0,0.5780553966028974,7.255968261944405
5,86,1,1,0,0.5780553966028974,7.255968261944405
5,87,1,1,1,0.5780553966028974,7.255968261944405
5,88,1,1,0,0.5780553966028974,7.255968261944405
5,89,1,1,0,0.5780553966028974,7.255968261944405
5,90,1,1,0,0.5780553966028974,7.255968261944405
5,91,1,1,0,0.5780553966028974,7.255968261944405
5,92,1,1,0,0.5780553966028974,7.255968261944405
5,93,1,1,1,0.5780553966028974,7.255968261944405
5,94,1,1,1,0.5780553966028974,7.255968261944405
5,95,1,0,0,0.5780553966028974,7.255968261944405
5,96,0,0,0,0.5780553966028974,7.255968261944405
5,97,1,1,0,0.5780553966028974,7.255968261944405
5,98,1,1,0,0.5780553966028974,7.255968261944405
5,99,1,1,1,0.5780553966028974,7.255968261944405
5,100,1,1,1,0.5780553966028974,7.255968261944405
6,1,1,0,1,0.5393465507554129,6.595750990593924
6,2,0,1,1,0.5393465507554129,6.595750990593924
6,3,0,1,0,0.5393465507554129,6.595750990593924
6,4,1,0,1,0.5393465507554129,6.595750990593924
6,5,0,1,0,0.5393465507554129,6.595750990593924
6,6,1,1,0,0.5393465507554129,6.595750990593924
6,7,1,1,0,0.5393465507554129,6.595750990593924
6,8,1,1,0,0.5393465507554129,6.595750990593924
6,9,1,0,1,0.5393465507554129,6.595750990593924
6,10,0,0,0,0.5393465507554129,6.595750990593924
6,11,0,1,0,0.5393465507554129,6.595750990593924
6,12,1,1,1,0.5393465507554129,6.595750990593924
6,13,1,1,0,0.5393465507554129,6.595750990593924
6,14,1,1,0,0.5393465507554129,6.595750990593924
6,15,1,0,1,0.5393465507554129,6.595750990593924
6,16,0,1,1,0.5393465507554129,6.595750990593924
6,17,1,1,1,0.5393465507554129,6.595750990593924
6,18,1,0,0,0.5393465507554129,6.595750990593924
6,19,0,1,0,0.5393465507554129,6.595750990593924
6,20,1,1,0,0.5393465507554129,6.595750990593924
6,21,1,0,0,0.5393465507554129,6.595750990593924
6,22,1,0,1,0.5393465507554129,6.595750990593924
6,23,1,0,1,0.5393465507554129,6.595750990593924
6,24,0,1,0,0.5393465507554129,6.595750990593924
6,25,1,0,0,0.5393465507554129,6.595750990593924
6,26,1,1,0,0.5393465507554129,6.595750990593924
6,27,1,1,1,0.5393465507554129,6.595750990593924
6,28,1,0,0,0.5393465507554129,6.595750990593924
6,29,1,1,1,0.5393465507554129,6.595750990593924
6,30,1,0,0,0.5393465507554129,6.595750990593924
6,31,0,0,0,0.5393465507554129,6.595750990593924
6,32,1,0,0,0.5393465507554129,6.595750990593924
6,33,1,1,0,0.5393465507554129,6.595750990593924
6,34,1,0,0,0.5393465507554129,6.595750990593924
6,35,1,1,0,0.5393465507554129,6.595750990593924
6,36,1,0,0,0.5393465507554129,6.595750990593924
6,37,1,1,1,0.5393465507554129,6.595750990593924
6,38,1,1,1,0.5393465507554129,6.595750990593924
6,39,1,1,0,0.5393465507554129,6.595750990593924
6,40,1,1,1,0.5393465507554129,6.595750990593924
6,41,1,1,1,0.5393465507554129,6.595750990593924
6,42,1,1,1,0.5393465507554129,6.595750990593924
6,43,1,0,1,0.5393465507554129,6.595750990593924
6,44,0,1,0,0.5393465507554129,6.595750990593924
6,45,1,1,0,0.5393465507554129,6.595750990593924
6,46,1,0,1,0.5393465507554129,6.595750990593924
6,47,0,1,0,0.5393465507554129,6.595750990593924
6,48,1,0,0,0.5393465507554129,6.595750990593924
6,49,1,0,0,0.5393465507554129,6.595750990593924
6,50,1,1,0,0.5393465507554129,6.595750990593924
6,51,1,1,1,0.5393465507554129,6.595750990593924
6,52,1,0,0,0.5393465507554129,6.595750990593924
6,53,1,0,0,0.5393465507554129,6.595750990593924
6,54,0,0,0,0.5393465507554129,6.595750990593924
6,55,0,0,1,0.5393465507554129,6.595750990593924
6,56,0,0,0,0.5393465507554129,6.595750990593924
6,57,0,0,1,0.5393465507554129,6.595750990593924
6,58,0,1,0,0.5393465507554129,6.595750990593924
6,59,1,1,0,0.5393465507554129,6.595750990593924
6,60,1,0,1,0.5393465507554129,6.595750990593924
6,61,0,0,0,0.5393465507554129,6.595750990593924
6,62,0,1,1,0.5393465507554129,6.595750990593924
6,63,1,0,1,0.5393465507554129,6.595750990593924
6,64,1,1,0,0.5393465507554129,6.595750990593924
6,65,1,0,0,0.5393465507554129,6.595750990593924
6,66,1,0,0,0.5393465507554129,6.595750990593924
6,67,0,1,1,0.5393465507554129,6.595750990593924
6,68,0,1,1,0.5393465507554129,6.595750990593924
6,69,1,1,0,0.5393465507554129,6.595750990593924
6,70,1,1,0,0.5393465507554129,6.595750990593924
6,71,1,1,0,0.5393465507554129,6.595750990593924
6,72,1,1,1,0.5393465507554129,6.595750990593924
6,73,1,1,1,0.5393465507554129,6.595750990593924
6,74,1,0,0,0.5393465507554129,6.595750990593924
6,75,0,0,1,0.5393465507554129,6.595750990593924
6,76,0,1,1,0.5393465507554129,6.595750990593924
6,77,0,1,0,0.5393465507554129,6.595750990593924
6,78,0,0,0,0.5393465507554129,6.595750990593924
6,79,1,1,0,0.5393465507554129,6.595750990593924
6,80,1,1,0,0.5393465507554129,6.595750990593924
6,81,1,0,0,0.5393465507554129,6.595750990593924
6,82,1,1,1,0.5393465507554129,6.595750990593924
6,83,0,0,0,0.5393465507554129,6.595750990593924
6,84,1,1,0,0.5393465507554129,6.595750990593924
6,85,1,1,1,0.5393465507554129,6.595750990593924
6,86,1,1,1,0.5393465507554129,6.595750990593924
6,87,1,0,0,0.5393465507554129,6.595750990593924
6,88,0,1,0,0.5393465507554129,6.595750990593924
6,89,1,1,0,0.5393465507554129,6.595750990593924
6,90,1,1,1,0.5393465507554129,6.595750990593924
6,91,1,1,0,0.5393465507554129,6.595750990593924
6,92,1,1,0,0.5393465507554129,6.595750990593924
6,93,1,1,1,0.5393465507554129,6.595750990593924
6,94,1,1,0,0.5393465507554129,6.595750990593924
6,95,1,1,0,0.5393465507554129,6.595750990593924
6,96,1,1,0,0.5393465507554129,6.595750990593924
6,97,1,1,0,0.5393465507554129,6.595750990593924
6,98,1,1,0,0.5393465507554129,6.595750990593924
6,99,1,1,0,0.5393465507554129,6.595750990593924
6,100,1,1,0,0.5393465507554129,6.595750990593924
7,1,1,1,1,0.7228718929574247,6.71118623095399
7,2,0,1,0,0.7228718929574247,6.71118623095399
7,3,1,1,0,0.7228718929574247,6.71118623095399
7,4,1,0,0,0.7228718929574247,6.71118623095399
7,5,1,1,1,0.7228718929574247,6.71118623095399
7,6,1,1,1,0.7228718929574247,6.71118623095399
7,7,1,1,0,0.7228718929574247,6.71118623095399
7,8,1,1,0,0.7228718929574247,6.71118623095399
7,9,1,0,0,0.7228718929574247,6.71118623095399
7,10,1,1,1,0.7228718929574247,6.71118623095399
7,11,1,1,0,0.7228718929574247,6.71118623095399
7,12,1,1,1,0.7228718929574247,6.71118623095399
7,13,1,0,0,0.7228718929574247,6.71118623095399
7,14,0,0,1,0.7228718929574247,6.71118623095399
7,15,0,1,0,0.7228718929574247,6.71118623095399
7,16,1,1,1,0.7228718929574247,6.71118623095399
7,17,0,1,0,0.7228718929574247,6.71118623095399
7,18,1,0,0,0.7228718929574247,6.71118623095399
7,19,1,0,0,0.7228718929574247,6.71118623095399
7,20,1,0,1,0.7228718929574247,6.71118623095399
7,21,0,0,0,0.7228718929574247,6.71118623095399
7,22,0,1,0,0.7228718929574247,6.71118623095399
7,23,1,1,0,0.7228718929574247,6.71118623095399
7,24,1,1,0,0.7228718929574247,6.71118623095399
7,25,1,1,1,0.7228718929574247,6.71118623095399
7,26,1,1,1,0.7228718929574247,6.71118623095399
7,27,1,1,0,0.7228718929574247,6.71118623095399
7,28,1,1,0,0.7228718929574247,6.71118623095399
7,29,1,1,0,0.7228718929574247,6.71118623095399
7,30,1,0,0,0.7228718929574247,6.71118623095399
7,31,1,1,0,0.7228718929574247,6.71118623095399
7,32,1,0,1,0.7228718929574247,6.71118623095399
7,33,0,1,1,0.7228718929574247,6.71118623095399
7,34,0,1,0,0.7228718929574247,6.71118623095399
7,35,1,0,0,0.7228718929574247,6.71118623095399
7,36,0,1,0,0.7228718929574247,6.71118623095399
7,37,1,1,0,0.7228718929574247,6.71118623095399
7,38,1,1,1,0.7228718929574247,6.71118623095399
7,39,1,1,0,0.7228718929574247,6.71118623095399
7,40,1,0,1,0.7228718929574247,6.71118623095399
7,41,0,1,0,0.7228718929574247,6.71118623095399
7,42,1,1,0,0.7228718929574247,6.71118623095399
7,43,1,1,0,0.7228718929574247,6.71118623095399
7,44,1,0,1,0.7228718929574247,6.71118623095399
7,45,0,0,0,0.7228718929574247,6.71118623095399
7,46,1,0,0,0.7228718929574247,6.71118623095399
7,47,1,0,1,0.7228718929574247,6.71118623095399
7,48,0,1,0,0.7228718929574247,6.71118623095399
7,49,1,1,0,0.7228718929574247,6.71118623095399
7,50,1,1,0,0.7228718929574247,6.71118623095399
7,51,1,1,1,0.7228718929574247,6.71118623095399
7,52,1,1,0,0.7228718929574247,6.71118623095399
7,53,1,0,1,0.7228718929574247,6.71118623095399
7,54,0,1,0,0.7228718929574247,6.71118623095399
7,55,1,0,1,0.7228718929574247,6.71118623095399
7,56,0,0,0,0.7228718929574247,6.71118623095399
7,57,1,1,0,0.7228718929574247,6.71118623095399
7,58,1,1,0,0.7228718929574247,6.71118623095399
7,59,1,1,0,0.7228718929574247,6.71118623095399
7,60,1,1,0,0.7228718929574247,6.71118623095399
7,61,1,0,0,0.7228718929574247,6.71118623095399
7,62,1,0,0,0.7228718929574247,6.71118623095399
7,63,0,1,1,0.7228718929574247,6.71118623095399
7,64,0,1,1,0.7228718929574247,6.71118623095399
7,65,1,1,0,0.7228718929574247,6.71118623095399
7,66,1,1,0,0.7228718929574247,6.71118623095399
7,67,1,1,0,0.7228718929574247,6.71118623095399
7,68,1,1,0,0.7228718929574247,6.71118623095399
7,69,1,1,0,0.7228718929574247,6.71118623095399
7,70,1,1,0,0.7228718929574247,6.71118623095399
7,71,1,1,1,0.7228718929574247,6.71118623095399
7,72,1,1,0,0.7228718929574247,6.71118623095399
7,73,1,1,0,0.7228718929574247,6.71118623095399
7,74,1,1,1,0.7228718929574247,6.71118623095399
7,75,0,1,0,0.7228718929574247,6.71118623095399
7,76,1,1,1,0.7228718929574247,6.71118623095399
7,77,1,0,1,0.7228718929574247,6.71118623095399
7,78,0,1,0,0.7228718929574247,6.71118623095399
7,79,1,1,1,0.7228718929574247,6.71118623095399
7,80,1,1,1,0.7228718929574247,6.71118623095399
7,81,1,1,1,0.7228718929574247,6.71118623095399
7,82,1,1,0,0.7228718929574247,6.71118623095399
7,83,1,1,0,0.7228718929574247,6.71118623095399
7,84,1,1,1,0.7228718929574247,6.71118623095399
7,85,1,0,0,0.7228718929574247,6.71118623095399
7,86,1,0,0,0.7228718929574247,6.71118623095399
7,87,1,0,0,0.7228718929574247,6.71118623095399
7,88,0,0,0,0.7228718929574247,6.71118623095399
7,89,1,1,0,0.7228718929574247,6.71118623095399
7,90,1,1,0,0.7228718929574247,6.71118623095399
7,91,1,1,0,0.7228718929574247,6.71118623095399
7,92,1,0,0,0.7228718929574247,6.71118623095399
7,93,1,0,0,0.7228718929574247,6.71118623095399
7,94,1,0,0,0.7228718929574247,6.71118623095399
7,95,1,1,0,0.7228718929574247,6.71118623095399
7,96,1,0,0,0.7228718929574247,6.71118623095399
7,97,0,0,0,0.7228718929574247,6.71118623095399
7,98,0,0,1,0.7228718929574247,6.71118623095399
7,99,0,1,0,0.7228718929574247,6.71118623095399
7,100,1,1,0,0.7228718929574247,6.71118623095399
8,1,0,1,0,0.5042374200430472,8.783005207362665
8,2,1,1,0,0.5042374200430472,8.783005207362665
8,3,1,1,0,0.5042374200430472,8.783005207362665
8,4,1,1,0,0.5042374200430472,8.783005207362665
8,5,1,1,0,0.5042374200430472,8.783005207362665
8,6,1,0,1,0.5042374200430472,8.783005207362665
8,7,0,1,0,0.5042374200430472,8.783005207362665
8,8,1,0,1,0.5042374200430472,8.783005207362665
8,9,0,1,1,0.5042374200430472,8.783005207362665
8,10,1,1,1,0.5042374200430472,8.783005207362665
8,11,0,0,1,0.5042374200430472,8.783005207362665
8,12,0,1,0,0.5042374200430472,8.783005207362665
8,13,1,0,0,0.5042374200430472,8.783005207362665
8,14,0,1,0,0.5042374200430472,8.783005207362665
8,15,1,1,0,0.5042374200430472,8.783005207362665
8,16,1,1,0,0.5042374200430472,8.783005207362665
8,17,1,1,1,0.5042374200430472,8.783005207362665
8,18,1,1,0,0.5042374200430472,8.783005207362665
8,19,1,1,0,0.5042374200430472,8.783005207362665
8,20,1,1,0,0.5042374200430472,8.783005207362665
8,21,1,0,0,0.5042374200430472,8.783005207362665
8,22,1,0,1,0.5042374200430472,8.783005207362665
8,23,0,1,0,0.5042374200430472,8.783005207362665
8,24,1,0,0,0.5042374200430472,8.783005207362665
8,25,1,0,0,0.5042374200430472,8.783005207362665
8,26,1,0,0,0.5042374200430472,8.783005207362665
8,27,0,0,0,0.5042374200430472,8.783005207362665
8,28,1,1,0,0.5042374200430472,8.783005207362665
8,29,1,0,1,0.5042374200430472,8.783005207362665
8,30,0,1,0,0.5042374200430472,8.783005207362665
8,31,1,1,0,0.5042374200430472,8.783005207362665
8,32,1,0,0,0.5042374200430472,8.783005207362665
8,33,1,1,1,0.5042374200430472,8.783005207362665
8,34,1,1,1,0.5042374200430472,8.783005207362665
8,35,0,1,0,0.5042374200430472,8.783005207362665
8,36,1,1,0,0.5042374200430472,8.783005207362665
8,37,1,1,1,0.5042374200430472,8.783005207362665
8,38,1,1,0,0.5042374200430472,8.783005207362665
8,39,1,1,0,0.5042374200430472,8.783005207362665
8,40,1,0,1,0.5042374200430472,8.783005207362665
8,41,0,1,0,0.5042374200430472,8.783005207362665
8,42,1,1,0,0.5042374200430472,8.783005207362665
8,43,1,1,0,0.5042374200430472,8.783005207362665
8,44,1,1,0,0.5042374200430472,8.783005207362665
8,45,1,1,0,0.5042374200430472,8.783005207362665
8,46,1,1,0,0.5042374200430472,8.783005207362665
8,47,1,1,1,0.5042374200430472,8.783005207362665
8,48,1,1,0,0.5042374200430472,8.783005207362665
8,49,1,0,0,0.5042374200430472,8.783005207362665
8,50,1,1,0,0.5042374200430472,8.783005207362665
8,51,1,1,1,0.5042374200430472,8.783005207362665
8,52,1,1,0,0.5042374200430472,8.783005207362665
8,53,1,0,1,0.5042374200430472,8.783005207362665
8,54,0,1,0,0.5042374200430472,8.783005207362665
8,55,1,1,0,0.5042374200430472,8.783005207362665
8,56,1,1,1,0.5042374200430472,8.783005207362665
8,57,1,1,1,0.5042374200430472,8.783005207362665
8,58,1,1,0,0.5042374200430472,8.783005207362665
8,59,1,0,0,0.5042374200430472,8.783005207362665
8,60,1,1,0,0.5042374200430472,8.783005207362665
8,61,1,1,0,0.5042374200430472,8.783005207362665
8,62,1,0,1,0.5042374200430472,8.783005207362665
8,63,0,1,0,0.5042374200430472,8.783005207362665
8,64,1,1,0,0.5042374200430472,8.783005207362665
8,65,1,0,1,0.5042374200430472,8.783005207362665
8,66,0,1,0,0.5042374200430472,8.783005207362665
8,67,1,1,0,0.5042374200430472,8.783005207362665
8,68,1,1,1,0.5042374200430472,8.783005207362665
8,69,1,1,0,0.5042374200430472,8.783005207362665
8,70,1,1,1,0.5042374200430472,8.783005207362665
8,71,1,1,0,0.5042374200430472,8.783005207362665
8,72,1,1,0,0.5042374200430472,8.783005207362665
8,73,1,1,0,0.5042374200430472,8.783005207362665
8,74,1,0,0,0.5042374200430472,8.783005207362665
8,75,1,1,0,0.5042374200430472,8.783005207362665
8,76,1,0,0,0.5042374200430472,8.783005207362665
8,77,1,1,1,0.5042374200430472,8.783005207362665
8,78,0,1,0,0.5042374200430472,8.783005207362665
8,79,1,0,0,0.5042374200430472,8.783005207362665
8,80,1,1,1,0.5042374200430472,8.783005207362665
8,81,1,1,1,0.5042374200430472,8.783005207362665
8,82,1,0,0,0.5042374200430472,8.783005207362665
8,83,1,0,0,0.5042374200430472,8.783005207362665
8,84,0,1,0,0.5042374200430472,8.783005207362665
8,85,1,1,0,0.5042374200430472,8.783005207362665
8,86,1,1,0,0.5042374200430472,8.783005207362665
8,87,1,1,1,0.5042374200430472,8.783005207362665
8,88,1,1,0,0.5042374200430472,8.783005207362665
8,89,1,1,0,0.5042374200430472,8.783005207362665
8,90,1,1,1,0.5042374200430472,8.783005207362665
8,91,0,1,1,0.5042374200430472,8.783005207362665
8,92,1,1,1,0.5042374200430472,8.783005207362665
8,93,1,1,0,0.5042374200430472,8.783005207362665
8,94,1,1,0,0.5042374200430472,8.783005207362665
8,95,1,1,0,0.5042374200430472,8.783005207362665
8,96,1,0,1,0.5042374200430472,8.783005207362665
8,97,1,1,0,0.5042374200430472,8.783005207362665
8,98,1,1,1,0.5042374200430472,8.783005207362665
8,99,1,0,0,0.5042374200430472,8.783005207362665
8,100,1,1,0,0.5042374200430472,8.783005207362665
9,1,0,0,0,0.571010598357981,7.582909081813447
9,2,0,0,0,0.571010598357981,7.582909081813447
9,3,1,0,0,0.571010598357981,7.582909081813447
9,4,1,1,1,0.571010598357981,7.582909081813447
9,5,1,0,0,0.571010598357981,7.582909081813447
9,6,0,1,1,0.571010598357981,7.582909081813447
9,7,1,1,0,0.571010598357981,7.582909081813447
9,8,1,0,0,0.571010598357981,7.582909081813447
9,9,1,1,0,0.571010598357981,7.582909081813447
9,10,1,1,0,0.571010598357981,7.582909081813447
9,11,1,1,0,0.571010598357981,7.582909081813447
9,12,1,1,1,0.571010598357981,7.582909081813447
9,13,1,1,0,0.571010598357981,7.582909081813447
9,14,1,1,0,0.571010598357981,7.582909081813447
9,15,1,1,0,0.571010598357981,7.582909081813447
9,16,1,1,1,0.571010598357981,7.582909081813447
9,17,1,1,0,0.571010598357981,7.582909081813447
9,18,1,1,1,0.571010598357981,7.582909081813447
9,19,1,1,0,0.571010598357981,7.582909081813447
9,20,1,1,0,0.571010598357981,7.582909081813447
9,21,1,0,0,0.571010598357981,7.582909081813447
9,22,1,1,0,0.571010598357981,7.582909081813447
9,23,1,1,1,0.571010598357981,7.582909081813447
9,24,1,1,0,0.571010598357981,7.582909081813447
9,25,1,1,0,0.571010598357981,7.582909081813447
9,26,1,0,0,0.571010598357981,7.582909081813447
9,27,1,1,1,0.571010598357981,7.582909081813447
9,28,1,1,0,0.571010598357981,7.582909081813447
9,29,1,0,0,0.571010598357981,7.582909081813447
9,30,1,0,1,0.571010598357981,7.582909081813447
9,31,0,1,0,0.571010598357981,7.582909081813447
9,32,1,1,0,0.571010598357981,7.582909081813447
9,33,1,0,0,0.571010598357981,7.582909081813447
9,34,1,1,0,0.571010598357981,7.582909081813447
9,35,1,1,0,0.571010598357981,7.582909081813447
9,36,1,0,0,0.571010598357981,7.582909081813447
9,37,1,0,1,0.571010598357981,7.582909081813447
9,38,0,1,0,0.571010598357981,7.582909081813447
9,39,1,1,1,0.571010598357981,7.582909081813447
9,40,1,0,0,0.571010598357981,7.582909081813447
9,41,1,1,0,0.571010598357981,7.582909081813447
9,42,1,1,0,0.571010598357981,7.582909081813447
9,43,1,1,1,0.571010598357981,7.582909081813447
9,44,1,1,0,0.571010598357981,7.582909081813447
9,45,1,1,0,0.571010598357981,7.582909081813447
9,46,1,1,0,0.571010598357981,7.582909081813447
9,47,1,1,0,0.571010598357981,7.582909081813447
9,48,1,1,0,0.571010598357981,7.582909081813447
9,49,1,1,0,0.571010598357981,7.582909081813447
9,50,1,1,0,0.571010598357981,7.582909081813447
9,51,1,0,0,0.571010598357981,7.582909081813447
9,52,1,0,1,0.571010598357981,7.582909081813447
9,53,0,1,0,0.571010598357981,7.582909081813447
9,54,1,1,1,0.571010598357981,7.582909081813447
9,55,1,0,0,0.571010598357981,7.582909081813447
9,56,1,1,0,0.571010598357981,7.582909081813447
9,57,1,1,0,0.571010598357981,7.582909081813447
9,58,1,0,1,0.571010598357981,7.582909081813447
9,59,0,1,0,0.571010598357981,7.582909081813447
9,60,1,1,0,0.571010598357981,7.582909081813447
9,61,1,0,0,0.571010598357981,7.582909081813447
9,62,1,1,1,0.571010598357981,7.582909081813447
9,63,1,1,0,0.571010598357981,7.582909081813447
9,64,1,1,0,0.571010598357981,7.582909081813447
9,65,1,0,0,0.571010598357981,7.582909081813447
9,66,1,1,0,0.571010598357981,7.582909081813447
9,67,1,0,1,0.571010598357981,7.582909081813447
9,68,1,0,1,0.571010598357981,7.582909081813447
9,69,0,0,0,0.571010598357981,7.582909081813447
9,70,0,1,0,0.571010598357981,7.582909081813447
9,71,1,1,0,0.571010598357981,7.582909081813447
9,72,1,0,0,0.571010598357981,7.582909081813447
9,73,1,1,0,0.571010598357981,7.582909081813447
9,74,1,0,0,0.571010598357981,7.582909081813447
9,75,1,0,0,0.571010598357981,7.582909081813447
9,76,0,1,1,0.571010598357981,7.582909081813447
9,77,0,0,0,0.571010598357981,7.582909081813447
9,78,0,0,0,0.571010598357981,7.582909081813447
9,79,0,0,0,0.571010598357981,7.582909081813447
9,80,0,1,0,0.571010598357981,7.582909081813447
9,81,1,1,1,0.571010598357981,7.582909081813447
9,82,1,1,0,0.571010598357981,7.582909081813447
9,83,1,0,1,0.571010598357981,7.582909081813447
9,84,0,1,0,0.571010598357981,7.582909081813447
9,85,1,1,0,0.571010598357981,7.582909081813447
9,86,1,1,0,0.571010598357981,7.582909081813447
9,87,1,0,1,0.571010598357981,7.582909081813447
9,88,0,0,1,0.571010598357981,7.582909081813447
9,89,0,1,0,0.571010598357981,7.582909081813447
9,90,1,1,0,0.571010598357981,7.582909081813447
9,91,1,1,1,0.571010598357981,7.582909081813447
9,92,1,0,1,0.571010598357981,7.582909081813447
9,93,0,1,1,0.571010598357981,7.582909081813447
9,94,0,1,1,0.571010598357981,7.582909081813447
9,95,1,1,0,0.571010598357981,7.582909081813447
9,96,1,0,0,0.571010598357981,7.582909081813447
9,97,0,1,0,0.571010598357981,7.582909081813447
9,98,1,0,0,0.571010598357981,7.582909081813447
9,99,1,1,1,0.571010598357981,7.582909081813447
9,100,1,1,1,0.571010598357981,7.582909081813447
10,1,1,0,0,0.5036422702766131,7.669458271532382
10,2,0,1,1,0.5036422702766131,7.669458271532382
10,3,1,1,0,0.5036422702766131,7.669458271532382
10,4,1,1,0,0.5036422702766131,7.669458271532382
10,5,1,1,0,0.5036422702766131,7.669458271532382
10,6,1,1,0,0.5036422702766131,7.669458271532382
10,7,1,1,0,0.5036422702766131,7.669458271532382
10,8,1,1,1,0.5036422702766131,7.669458271532382
10,9,1,0,0,0.5036422702766131,7.669458271532382
10,10,1,1,0,0.5036422702766131,7.669458271532382
10,11,1,0,1,0.5036422702766131,7.669458271532382
10,12,0,0,1,0.5036422702766131,7.669458271532382
10,13,0,1,0,0.5036422702766131,7.669458271532382
10,14,1,1,1,0.5036422702766131,7.669458271532382
10,15,1,1,0,0.5036422702766131,7.669458271532382
10,16,1,1,0,0.5036422702766131,7.669458271532382
10,17,1,0,0,0.5036422702766131,7.669458271532382
10,18,1,0,0,0.5036422702766131,7.669458271532382
10,19,1,1,0,0.5036422702766131,7.669458271532382
10,20,1,1,0,0.5036422702766131,7.669458271532382
10,21,1,1,0,0.5036422702766131,7.669458271532382
10,22,1,1,0,0.5036422702766131,7.669458271532382
10,23,1,1,1,0.5036422702766131,7.669458271532382
10,24,1,0,0,0.5036422702766131,7.669458271532382
10,25,1,0,1,0.5036422702766131,7.669458271532382
10,26,0,1,0,0.5036422702766131,7.669458271532382
10,27,1,0,1,0.5036422702766131,7.669458271532382
10,28,0,1,0,0.5036422702766131,7.669458271532382
10,29,1,1,0,0.5036422702766131,7.669458271532382
10,30,1,1,0,0.5036422702766131,7.669458271532382
10,31,1,0,0,0.5036422702766131,7.669458271532382
10,32,1,1,0,0.5036422702766131,7.669458271532382
10,33,1,1,0,0.5036422702766131,7.669458271532382
10,34,1,1,0,0.5036422702766131,7.669458271532382
10,35,1,0,1,0.5036422702766131,7.669458271532382
10,36,1,1,0,0.5036422702766131,7.669458271532382
10,37,1,0,0,0.5036422702766131,7.669458271532382
10,38,1,1,1,0.5036422702766131,7.669458271532382
10,39,1,1,0,0.5036422702766131,7.669458271532382
10,40,1,1,0,0.5036422702766131,7.669458271532382
10,41,1,1,0,0.5036422702766131,7.669458271532382
10,42,1,1,0,0.5036422702766131,7.669458271532382
10,43,1,1,1,0.5036422702766131,7.669458271532382
10,44,1,1,0,0.5036422702766131,7.669458271532382
10,45,1,1,1,0.5036422702766131,7.669458271532382
10,46,1,1,0,0.5036422702766131,7.669458271532382
10,47,1,1,0,0.5036422702766131,7.669458271532382
10,48,1,1,0,0.5036422702766131,7.669458271532382
10,49,1,1,0,0.5036422702766131,7.669458271532382
10,50,1,0,0,0.5036422702766131,7.669458271532382
10,51,1,1,0,0.5036422702766131,7.669458271532382
10,52,1,1,0,0.5036422702766131,7.669458271532382
10,53,1,1,0,0.5036422702766131,7.669458271532382
10,54,1,1,0,0.5036422702766131,7.669458271532382
10,55,1,1,0,0.5036422702766131,7.669458271532382
10,56,1,1,1,0.5036422702766131,7.669458271532382
10,57,1,1,0,0.5036422702766131,7.669458271532382
10,58,1,1,0,0.5036422702766131,7.669458271532382
10,59,1,1,1,0.5036422702766131,7.669458271532382
10,60,1,1,0,0.5036422702766131,7.669458271532382
10,61,1,0,0,0.5036422702766131,7.669458271532382
10,62,0,1,0,0.5036422702766131,7.669458271532382
10,63,1,1,1,0.5036422702766131,7.669458271532382
10,64,1,0,0,0.5036422702766131,7.669458271532382
10,65,1,1,0,0.5036422702766131,7.669458271532382
10,66,1,1,1,0.5036422702766131,7.669458271532382
10,67,1,0,1,0.5036422702766131,7.669458271532382
10,68,0,1,0,0.5036422702766131,7.669458271532382
10,69,1,1,0,0.5036422702766131,7.669458271532382
10,70,1,1,0,0.5036422702766131,7.669458271532382
10,71,1,1,0,0.5036422702766131,7.669458271532382
10,72,1,1,0,0.5036422702766131,7.669458271532382
10,73,1,1,0,0.5036422702766131,7.669458271532382
10,74,1,0,0,0.5036422702766131,7.669458271532382
10,75,1,1,0,0.5036422702766131,7.669458271532382
10,76,1,1,1,0.5036422702766131,7.669458271532382
10,77,0,0,0,0.5036422702766131,7.669458271532382
10,78,1,1,1,0.5036422702766131,7.669458271532382
10,79,1,1,0,0.5036422702766131,7.669458271532382
10,80,1,1,1,0.5036422702766131,7.669458271532382
10,81,1,0,0,0.5036422702766131,7.669458271532382
10,82,1,1,0,0.5036422702766131,7.669458271532382
10,83,1,1,0,0.5036422702766131,7.669458271532382
10,84,1,1,0,0.5036422702766131,7.669458271532382
10,85,1,0,0,0.5036422702766131,7.669458271532382
10,86,1,1,1,0.5036422702766131,7.669458271532382
10,87,1,0,0,0.5036422702766131,7.669458271532382
10,88,1,1,0,0.5036422702766131,7.669458271532382
10,89,1,1,0,0.5036422702766131,7.669458271532382
10,90,1,1,0,0.5036422702766131,7.669458271532382
10,91,1,0,0,0.5036422702766131,7.669458271532382
10,92,1,1,0,0.5036422702766131,7.669458271532382
10,93,1,1,1,0.5036422702766131,7.669458271532382
10,94,1,0,0,0.5036422702766131,7.669458271532382
10,95,1,0,0,0.5036422702766131,7.669458271532382
10,96,0,1,0,0.5036422702766131,7.669458271532382
10,97,1,0,0,0.5036422702766131,7.669458271532382
10,98,1,0,0,0.5036422702766131,7.669458271532382
10,99,1,0,1,0.5036422702766131,7.669458271532382
10,100,0,1,0,0.5036422702766131,7.669458271532382
11,1,0,1,0,0.6179750403202,8.22699796456184
11,2,1,1,1,0.6179750403202,8.22699796456184
11,3,1,1,1,0.6179750403202,8.22699796456184
11,4,1,1,0,0.6179750403202,8.22699796456184
11,5,1,0,0,0.6179750403202,8.22699796456184
11,6,1,1,0,0.6179750403202,8.22699796456184
11,7,1,0,1,0.6179750403202,8.22699796456184
11,8,0,0,1,0.6179750403202,8.22699796456184
11,9,0,1,1,0.6179750403202,8.22699796456184
11,10,0,0,0,0.6179750403202,8.22699796456184
11,11,0,0,0,0.6179750403202,8.22699796456184
11,12,0,1,0,0.6179750403202,8.22699796456184
11,13,1,1,0,0.6179750403202,8.22699796456184
11,14,1,1,1,0.6179750403202,8.22699796456184
11,15,1,1,0,0.6179750403202,8.22699796456184
11,16,1,0,0,0.6179750403202,8.22699796456184
11,17,1,0,1,0.6179750403202,8.22699796456184
11,18,0,0,1,0.6179750403202,8.22699796456184
11,19,0,1,0,0.6179750403202,8.22699796456184
11,20,1,1,0,0.6179750403202,8.22699796456184
11,21,1,0,1,0.6179750403202,8.22699796456184
11,22,0,1,0,0.6179750403202,8.22699796456184
11,23,1,0,1,0.6179750403202,8.22699796456184
11,24,0,0,1,0.6179750403202,8.22699796456184
11,25,0,1,0,0.6179750403202,8.22699796456184
11,26,1,1,0,0.6179750403202,8.22699796456184
11,27,1,1,1,0.6179750403202,8.22699796456184
11,28,1,1,0,0.6179750403202,8.22699796456184
11,29,1,1,0,0.6179750403202,8.22699796456184
11,30,1,1,0,0.6179750403202,8.22699796456184
11,31,1,1,0,0.6179750403202,8.22699796456184
11,32,1,1,0,0.6179750403202,8.22699796456184
11,33,1,1,0,0.6179750403202,8.22699796456184
11,34,1,1,0,0.6179750403202,8.22699796456184
11,35,1,1,0,0.6179750403202,8.22699796456184
11,36,1,1,1,0.6179750403202,8.22699796456184
11,37,1,0,0,0.6179750403202,8.22699796456184
11,38,1,0,1,0.6179750403202,8.22699796456184
11,39,0,1,1,0.6179750403202,8.22699796456184
11,40,0,1,0,0.6179750403202,8.22699796456184
11,41,0,1,1,0.6179750403202,8.22699796456184
11,42,1,0,1,0.6179750403202,8.22699796456184
11,43,0,1,0,0.6179750403202,8.22699796456184
11,44,1,1,0,0.6179750403202,8.22699796456184
11,45,1,1,0,0.6179750403202,8.22699796456184
11,46,1,0,0,0.6179750403202,8.22699796456184
11,47,0,0,0,0.6179750403202,8.22699796456184
11,48,1,1,0,0.6179750403202,8.22699796456184
11,49,1,1,0,0.6179750403202,8.22699796456184
11,50,1,0,0,0.6179750403202,8.22699796456184
11,51,1,0,0,0.6179750403202,8.22699796456184
11,52,1,0,0,0.6179750403202,8.22699796456184
11,53,1,1,1,0.6179750403202,8.22699796456184
11,54,1,1,0,0.6179750403202,8.22699796456184
11,55,1,1,1,0.6179750403202,8.22699796456184
11,56,1,1,0,0.6179750403202,8.22699796456184
11,57,1,1,0,0.6179750403202,8.22699796456184
11,58,1,1,0,0.6179750403202,8.22699796456184
11,59,1,1,0,0.6179750403202,8.22699796456184
11,60,1,0,1,0.6179750403202,8.22699796456184
11,61,1,1,1,0.6179750403202,8.22699796456184
11,62,0,1,0,0.6179750403202,8.22699796456184
11,63,1,1,0,0.6179750403202,8.22699796456184
11,64,1,0,0,0.6179750403202,8.22699796456184
11,65,1,0,0,0.6179750403202,8.22699796456184
11,66,1,1,0,0.6179750403202,8.22699796456184
11,67,1,0,1,0.6179750403202,8.22699796456184
11,68,0,1,1,0.6179750403202,8.22699796456184
11,69,0,1,0,0.6179750403202,8.22699796456184
11,70,1,1,0,0.6179750403202,8.22699796456184
11,71,1,1,0,0.6179750403202,8.22699796456184
11,72,1,0,0,0.6179750403202,8.22699796456184
11,73,1,1,1,0.6179750403202,8.22699796456184
11,74,1,0,0,0.6179750403202,8.22699796456184
11,75,1,1,0,0.6179750403202,8.22699796456184
11,76,1,0,0,0.6179750403202,8.22699796456184
11,77,0,1,0,0.6179750403202,8.22699796456184
11,78,1,1,1,0.6179750403202,8.22699796456184
11,79,1,1,0,0.6179750403202,8.22699796456184
11,80,1,1,0,0.6179750403202,8.22699796456184
11,81,1,1,0,0.6179750403202,8.22699796456184
11,82,1,1,1,0.6179750403202,8.22699796456184
11,83,1,1,1,0.6179750403202,8.22699796456184
11,84,1,1,1,0.6179750403202,8.22699796456184
11,85,0,0,0,0.6179750403202,8.22699796456184
11,86,1,1,0,0.6179750403202,8.22699796456184
11,87,1,1,0,0.6179750403202,8.22699796456184
11,88,1,1,0,0.6179750403202,8.22699796456184
11,89,1,1,0,0.6179750403202,8.22699796456184
11,90,1,1,1,0.6179750403202,8.22699796456184
11,91,1,1,0,0.6179750403202,8.22699796456184
11,92,1,0,0,0.6179750403202,8.22699796456184
11,93,1,1,1,0.6179750403202,8.22699796456184
11,94,1,1,1,0.6179750403202,8.22699796456184
11,95,0,1,0,0.6179750403202,8.22699796456184
11,96,1,1,0,0.6179750403202,8.22699796456184
11,97,1,0,0,0.6179750403202,8.22699796456184
11,98,1,1,0,0.6179750403202,8.22699796456184
11,99,1,1,0,0.6179750403202,8.22699796456184
11,100,1,1,0,0.6179750403202,8.22699796456184
12,1,1,0,0,0.712304273024023,8.404046794265817
12,2,1,1,0,0.712304273024023,8.404046794265817
12,3,1,1,0,0.712304273024023,8.404046794265817
12,4,1,1,0,0.712304273024023,8.404046794265817
12,5,1,0,0,0.712304273024023,8.404046794265817
12,6,1,1,1,0.712304273024023,8.404046794265817
12,7,1,1,0,0.712304273024023,8.404046794265817
12,8,1,0,0,0.712304273024023,8.404046794265817
12,9,1,1,0,0.712304273024023,8.404046794265817
12,10,1,1,0,0.712304273024023,8.404046794265817
12,11,1,1,0,0.712304273024023,8.404046794265817
12,12,1,1,0,0.712304273024023,8.404046794265817
12,13,1,1,0,0.712304273024023,8.404046794265817
12,14,1,1,0,0.712304273024023,8.404046794265817
12,15,1,1,0,0.712304273024023,8.404046794265817
12,16,1,0,0,0.712304273024023,8.404046794265817
12,17,1,1,0,0.712304273024023,8.404046794265817
12,18,1,1,1,0.712304273024023,8.404046794265817
12,19,1,0,0,0.712304273024023,8.404046794265817
12,20,0,0,0,0.712304273024023,8.404046794265817
12,21,1,1,0,0.712304273024023,8.404046794265817
12,22,1,1,0,0.712304273024023,8.404046794265817
12,23,1,1,1,0.712304273024023,8.404046794265817
12,24,1,0,1,0.712304273024023,8.404046794265817
12,25,0,1,0,0.712304273024023,8.404046794265817
12,26,1,1,1,0.712304273024023,8.404046794265817
12,27,1,0,1,0.712304273024023,8.404046794265817
12,28,0,1,0,0.712304273024023,8.404046794265817
12,29,1,1,0,0.712304273024023,8.404046794265817
12,30,1,1,0,0.712304273024023,8.404046794265817
12,31,1,1,0,0.712304273024023,8.404046794265817
12,32,1,1,1,0.712304273024023,8.404046794265817
12,33,1,1,0,0.712304273024023,8.404046794265817
12,34,1,1,0,0.712304273024023,8.404046794265817
12,35,1,0,1,0.712304273024023,8.404046794265817
12,36,0,1,0,0.712304273024023,8.404046794265817
12,37,1,1,0,0.712304273024023,8.404046794265817
12,38,1,1,0,0.712304273024023,8.404046794265817
12,39,1,1,0,0.712304273024023,8.404046794265817
12,40,1,1,0,0.712304273024023,8.404046794265817
12,41,1,1,0,0.712304273024023,8.404046794265817
12,42,1,1,1,0.712304273024023,8.404046794265817
12,43,1,1,0,0.712304273024023,8.404046794265817
12,44,1,0,1,0.712304273024023,8.404046794265817
12,45,0,0,0,0.712304273024023,8.404046794265817
12,46,1,1,1,0.712304273024023,8.404046794265817
12,47,0,1,1,0.712304273024023,8.404046794265817
12,48,1,1,0,0.712304273024023,8.404046794265817
12,49,1,0,0,0.712304273024023,8.404046794265817
12,50,1,1,0,0.712304273024023,8.404046794265817
12,51,1,1,1,0.712304273024023,8.404046794265817
12,52,0,0,0,0.712304273024023,8.404046794265817
12,53,1,0,1,0.712304273024023,8.404046794265817
12,54,0,1,1,0.712304273024023,8.404046794265817
12,55,0,0,0,0.712304273024023,8.404046794265817
12,56,0,1,0,0.712304273024023,8.404046794265817
12,57,1,1,0,0.712304273024023,8.404046794265817
12,58,1,0,1,0.712304273024023,8.404046794265817
12,59,0,0,0,0.712304273024023,8.404046794265817
12,60,0,1,0,0.712304273024023,8.404046794265817
12,61,1,1,0,0.712304273024023,8.404046794265817
12,62,1,1,0,0.712304273024023,8.404046794265817
12,63,1,0,1,0.712304273024023,8.404046794265817
12,64,0,0,1,0.712304273024023,8.404046794265817
12,65,0,1,0,0.712304273024023,8.404046794265817
12,66,1,1,1,0.712304273024023,8.404046794265817
12,67,1,1,0,0.712304273024023,8.404046794265817
12,68,1,1,0,0.712304273024023,8.404046794265817
12,69,1,1,0,0.712304273024023,8.404046794265817
12,70,1,1,0,0.712304273024023,8.404046794265817
12,71,1,0,0,0.712304273024023,8.404046794265817
12,72,1,1,0,0.712304273024023,8.404046794265817
12,73,1,1,1,0.712304273024023,8.404046794265817
12,74,1,1,0,0.712304273024023,8.404046794265817
12,75,1,0,0,0.712304273024023,8.404046794265817
12,76,1,0,0,0.712304273024023,8.404046794265817
12,77,1,1,0,0.712304273024023,8.404046794265817
12,78,1,1,1,0.712304273024023,8.404046794265817
12,79,1,1,1,0.712304273024023,8.404046794265817
12,80,1,0,0,0.712304273024023,8.404046794265817
12,81,0,0,1,0.712304273024023,8.404046794265817
12,82,0,0,0,0.712304273024023,8.404046794265817
12,83,0,1,0,0.712304273024023,8.404046794265817
12,84,1,1,0,0.712304273024023,8.404046794265817
12,85,1,1,1,0.712304273024023,8.404046794265817
12,86,1,0,1,0.712304273024023,8.404046794265817
12,87,0,0,1,0.712304273024023,8.404046794265817
12,88,0,1,0,0.712304273024023,8.404046794265817
12,89,1,1,1,0.712304273024023,8.404046794265817
12,90,1,0,0,0.712304273024023,8.404046794265817
12,91,1,0,1,0.712304273024023,8.404046794265817
12,92,0,0,0,0.712304273024023,8.404046794265817
12,93,0,1,0,0.712304273024023,8.404046794265817
12,94,1,0,0,0.712304273024023,8.404046794265817
12,95,1,1,0,0.712304273024023,8.404046794265817
12,96,1,1,0,0.712304273024023,8.404046794265817
12,97,1,0,0,0.712304273024023,8.404046794265817
12,98,1,1,0,0.712304273024023,8.404046794265817
12,99,1,0,0,0.712304273024023,8.404046794265817
12,100,1,1,1,0.712304273024023,8.404046794265817
13,1,1,1,0,0.7005330712117321,7.681958522187505
13,2,1,1,1,0.7005330712117321,7.681958522187505
13,3,1,1,0,0.7005330712117321,7.681958522187505
13,4,1,0,0,0.7005330712117321,7.681958522187505
13,5,1,1,0,0.7005330712117321,7.681958522187505
13,6,1,0,0,0.7005330712117321,7.681958522187505
13,7,1,0,0,0.7005330712117321,7.681958522187505
13,8,1,1,1,0.7005330712117321,7.681958522187505
13,9,1,1,0,0.7005330712117321,7.681958522187505
13,10,1,1,0,0.7005330712117321,7.681958522187505
13,11,1,1,1,0.7005330712117321,7.681958522187505
13,12,1,1,1,0.7005330712117321,7.681958522187505
13,13,0,1,0,0.7005330712117321,7.681958522187505
13,14,1,1,0,0.7005330712117321,7.681958522187505
13,15,1,1,0,0.7005330712117321,7.681958522187505
13,16,1,1,0,0.7005330712117321,7.681958522187505
13,17,1,0,0,0.7005330712117321,7.681958522187505
13,18,1,1,0,0.7005330712117321,7.681958522187505
13,19,1,1,0,0.7005330712117321,7.681958522187505
13,20,1,1,0,0.7005330712117321,7.681958522187505
13,21,1,0,0,0.7005330712117321,7.681958522187505
13,22,1,1,0,0.7005330712117321,7.681958522187505
13,23,1,1,1,0.7005330712117321,7.681958522187505
13,24,1,1,0,0.7005330712117321,7.681958522187505
13,25,1,1,1,0.7005330712117321,7.681958522187505
13,26,1,1,0,0.7005330712117321,7.681958522187505
13,27,1,1,0,0.7005330712117321,7.681958522187505
13,28,1,1,1,0.7005330712117321,7.681958522187505
13,29,1,0,1,0.7005330712117321,7.681958522187505
13,30,0,0,1,0.7005330712117321,7.681958522187505
13,31,0,0,1,0.7005330712117321,7.681958522187505
13,32,0,1,0,0.7005330712117321,7.681958522187505
13,33,1,1,1,0.7005330712117321,7.681958522187505
13,34,0,0,0,0.7005330712117321,7.681958522187505
13,35,0,0,1,0.7005330712117321,7.681958522187505
13,36,0,1,0,0.7005330712117321,7.681958522187505
13,37,1,0,0,0.7005330712117321,7.681958522187505
13,38,1,0,0,0.7005330712117321,7.681958522187505
13,39,1,1,1,0.7005330712117321,7.681958522187505
13,40,1,1,1,0.7005330712117321,7.681958522187505
13,41,1,0,0,0.7005330712117321,7.681958522187505
13,42,1,1,0,0.7005330712117321,7.681958522187505
13,43,1,0,0,0.7005330712117321,7.681958522187505
13,44,1,1,0,0.7005330712117321,7.681958522187505
13,45,1,1,1,0.7005330712117321,7.681958522187505
13,46,1,1,0,0.7005330712117321,7.681958522187505
13,47,1,0,0,0.7005330712117321,7.681958522187505
13,48,1,1,0,0.7005330712117321,7.681958522187505
13,49,1,0,0,0.7005330712117321,7.681958522187505
13,50,1,0,0,0.7005330712117321,7.681958522187505
13,51,0,1,1,0.7005330712117321,7.681958522187505
13,52,0,1,1,0.7005330712117321,7.681958522187505
13,53,0,1,0,0.7005330712117321,7.681958522187505
13,54,1,0,0,0.7005330712117321,7.681958522187505
13,55,1,1,0,0.7005330712117321,7.681958522187505
13,56,1,1,0,0.7005330712117321,7.681958522187505
13,57,1,1,0,0.7005330712117321,7.681958522187505
13,58,1,1,0,0.7005330712117321,7.681958522187505
13,59,1,1,0,0.7005330712117321,7.681958522187505
13,60,1,1,0,0.7005330712117321,7.681958522187505
13,61,1,1,1,0.7005330712117321,7.681958522187505
13,62,1,1,0,0.7005330712117321,7.681958522187505
13,63,1,1,0,0.7005330712117321,7.681958522187505
13,64,1,1,0,0.7005330712117321,7.681958522187505
13,65,1,0,1,0.7005330712117321,7.681958522187505
13,66,0,1,0,0.7005330712117321,7.681958522187505
13,67,1,1,0,0.7005330712117321,7.681958522187505
13,68,1,0,0,0.7005330712117321,7.681958522187505
13,69,1,1,0,0.7005330712117321,7.681958522187505
13,70,1,1,0,0.7005330712117321,7.681958522187505
13,71,1,1,1,0.7005330712117321,7.681958522187505
13,72,1,1,0,0.7005330712117321,7.681958522187505
13,73,1,1,1,0.7005330712117321,7.681958522187505
13,74,1,0,1,0.7005330712117321,7.681958522187505
13,75,0,1,0,0.7005330712117321,7.681958522187505
13,76,1,1,0,0.7005330712117321,7.681958522187505
13,77,1,1,1,0.7005330712117321,7.681958522187505
13,78,1,0,0,0.7005330712117321,7.681958522187505
13,79,1,1,0,0.7005330712117321,7.681958522187505
13,80,1,0,0,0.7005330712117321,7.681958522187505
13,81,1,1,0,0.7005330712117321,7.681958522187505
13,82,1,1,0,0.7005330712117321,7.681958522187505
13,83,1,1,1,0.7005330712117321,7.681958522187505
13,84,1,1,1,0.7005330712117321,7.681958522187505
13,85,1,1,1,0.7005330712117321,7.681958522187505
13,86,0,0,0,0.7005330712117321,7.681958522187505
13,87,0,1,1,0.7005330712117321,7.681958522187505
13,88,0,0,0,0.7005330712117321,7.681958522187505
13,89,1,1,0,0.7005330712117321,7.681958522187505
13,90,1,0,0,0.7005330712117321,7.681958522187505
13,91,1,1,0,0.7005330712117321,7.681958522187505
13,92,1,1,1,0.7005330712117321,7.681958522187505
13,93,1,1,0,0.7005330712117321,7.681958522187505
13,94,1,0,1,0.7005330712117321,7.681958522187505
13,95,0,0,0,0.7005330712117321,7.681958522187505
13,96,0,0,0,0.7005330712117321,7.681958522187505
13,97,0,1,0,0.7005330712117321,7.681958522187505
13,98,1,1,0,0.7005330712117321,7.681958522187505
13,99,1,0,0,0.7005330712117321,7.681958522187505
13,100,0,1,0,0.7005330712117321,7.681958522187505
14,1,0,0,0,0.6609845280588357,8.485943543780985
14,2,1,1,0,0.6609845280588357,8.485943543780985
14,3,1,1,0,0.6609845280588357,8.485943543780985
14,4,1,1,0,0.6609845280588357,8.485943543780985
14,5,1,1,0,0.6609845280588357,8.485943543780985
14,6,1,1,1,0.6609845280588357,8.485943543780985
14,7,1,1,1,0.6609845280588357,8.485943543780985
14,8,1,1,1,0.6609845280588357,8.485943543780985
14,9,0,0,0,0.6609845280588357,8.485943543780985
14,10,0,0,1,0.6609845280588357,8.485943543780985
14,11,0,1,0,0.6609845280588357,8.485943543780985
14,12,1,1,0,0.6609845280588357,8.485943543780985
14,13,1,1,0,0.6609845280588357,8.485943543780985
14,14,1,1,0,0.6609845280588357,8.485943543780985
14,15,1,1,0,0.6609845280588357,8.485943543780985
14,16,1,1,0,0.6609845280588357,8.485943543780985
14,17,1,1,0,0.6609845280588357,8.485943543780985
14,18,1,1,0,0.6609845280588357,8.485943543780985
14,19,1,1,0,0.6609845280588357,8.485943543780985
14,20,1,1,0,0.6609845280588357,8.485943543780985
14,21,1,0,1,0.6609845280588357,8.485943543780985
14,22,0,1,0,0.6609845280588357,8.485943543780985
14,23,1,1,0,0.6609845280588357,8.485943543780985
14,24,1,1,0,0.6609845280588357,8.485943543780985
14,25,1,1,1,0.6609845280588357,8.485943543780985
14,26,1,1,0,0.6609845280588357,8.485943543780985
14,27,1,1,0,0.6609845280588357,8.485943543780985
14,28,1,1,0,0.6609845280588357,8.485943543780985
14,29,1,1,0,0.6609845280588357,8.485943543780985
14,30,1,1,0,0.6609845280588357,8.485943543780985
14,31,1,0,0,0.6609845280588357,8.485943543780985
14,32,1,1,1,0.6609845280588357,8.485943543780985
14,33,0,0,0,0.6609845280588357,8.485943543780985
14,34,0,1,1,0.6609845280588357,8.485943543780985
14,35,1,1,0,0.6609845280588357,8.485943543780985
14,36,1,1,0,0.6609845280588357,8.485943543780985
14,37,1,0,0,0.6609845280588357,8.485943543780985
14,38,1,1,1,0.6609845280588357,8.485943543780985
14,39,1,0,0,0.6609845280588357,8.485943543780985
14,40,1,1,0,0.6609845280588357,8.485943543780985
14,41,1,0,1,0.6609845280588357,8.485943543780985
14,42,0,1,0,0.6609845280588357,8.485943543780985
14,43,1,0,0,0.6609845280588357,8.485943543780985
14,44,0,1,1,0.6609845280588357,8.485943543780985
14,45,0,0,0,0.6609845280588357,8.485943543780985
14,46,0,1,1,0.6609845280588357,8.485943543780985
14,47,1,1,1,0.6609845280588357,8.485943543780985
14,48,1,1,0,0.6609845280588357,8.485943543780985
14,49,1,1,0,0.6609845280588357,8.485943543780985
14,50,1,1,0,0.6609845280588357,8.485943543780985
14,51,1,1,0,0.6609845280588357,8.485943543780985
14,52,1,0,0,0.6609845280588357,8.485943543780985
14,53,1,0,0,0.6609845280588357,8.485943543780985
14,54,1,1,0,0.6609845280588357,8.485943543780985
14,55,1,0,1,0.6609845280588357,8.485943543780985
14,56,0,1,0,0.6609845280588357,8.485943543780985
14,57,1,1,0,0.6609845280588357,8.485943543780985
14,58,1,1,0,0.6609845280588357,8.485943543780985
14,59,1,1,1,0.6609845280588357,8.485943543780985
14,60,1,0,1,0.6609845280588357,8.485943543780985
14,61,0,1,0,0.6609845280588357,8.485943543780985
14,62,1,0,0,0.6609845280588357,8.485943543780985
14,63,1,1,0,0.6609845280588357,8.485943543780985
14,64,1,1,0,0.6609845280588357,8.485943543780985
14,65,1,0,1,0.6609845280588357,8.485943543780985
14,66,0,0,0,0.6609845280588357,8.485943543780985
14,67,0,1,1,0.6609845280588357,8.485943543780985
14,68,1,0,0,0.6609845280588357,8.485943543780985
14,69,0,1,0,0.6609845280588357,8.485943543780985
14,70,1,1,1,0.6609845280588357,8.485943543780985
14,71,1,0,0,0.6609845280588357,8.485943543780985
14,72,1,1,0,0.6609845280588357,8.485943543780985
14,73,1,1,0,0.6609845280588357,8.485943543780985
14,74,1,1,0,0.6609845280588357,8.485943543780985
14,75,1,1,0,0.6609845280588357,8.485943543780985
14,76,1,1,0,0.6609845280588357,8.485943543780985
14,77,1,1,0,0.6609845280588357,8.485943543780985
14,78,1,1,0,0.6609845280588357,8.485943543780985
14,79,1,1,0,0.6609845280588357,8.485943543780985
14,80,1,1,0,0.6609845280588357,8.485943543780985
14,81,1,1,1,0.6609845280588357,8.485943543780985
14,82,1,0,0,0.6609845280588357,8.485943543780985
14,83,0,1,0,0.6609845280588357,8.485943543780985
14,84,1,1,1,0.6609845280588357,8.485943543780985
14,85,1,1,0,0.6609845280588357,8.485943543780985
14,86,1,0,1,0.6609845280588357,8.485943543780985
14,87,0,1,0,0.6609845280588357,8.485943543780985
14,88,1,1,1,0.6609845280588357,8.485943543780985
14,89,1,0,0,0.6609845280588357,8.485943543780985
14,90,1,1,1,0.6609845280588357,8.485943543780985
14,91,1,1,0,0.6609845280588357,8.485943543780985
14,92,1,1,0,0.6609845280588357,8.485943543780985
14,93,1,0,0,0.6609845280588357,8.485943543780985
14,94,1,1,0,0.6609845280588357,8.485943543780985
14,95,1,1,0,0.6609845280588357,8.485943543780985
14,96,1,1,0,0.6609845280588357,8.485943543780985
14,97,1,1,1,0.6609845280588357,8.485943543780985
14,98,1,1,0,0.6609845280588357,8.485943543780985
14,99,1,1,0,0.6609845280588357,8.485943543780985
14,100,1,1,0,0.6609845280588357,8.485943543780985
15,1,1,1,1,0.6669978202062347,6.76734196027498
15,2,1,1,0,0.6669978202062347,6.76734196027498
15,3,1,0,0,0.6669978202062347,6.76734196027498
15,4,1,0,1,0.6669978202062347,6.76734196027498
15,5,0,1,1,0.6669978202062347,6.76734196027498
15,6,0,0,0,0.6669978202062347,6.76734196027498
15,7,0,0,0,0.6669978202062347,6.76734196027498
15,8,0,1,0,0.6669978202062347,6.76734196027498
15,9,1,1,0,0.6669978202062347,6.76734196027498
15,10,1,0,0,0.6669978202062347,6.76734196027498
15,11,0,0,0,0.6669978202062347,6.76734196027498
15,12,0,1,0,0.6669978202062347,6.76734196027498
15,13,1,0,1,0.6669978202062347,6.76734196027498
15,14,0,0,0,0.6669978202062347,6.76734196027498
15,15,1,0,0,0.6669978202062347,6.76734196027498
15,16,0,1,1,0.6669978202062347,6.76734196027498
15,17,0,0,0,0.6669978202062347,6.76734196027498
15,18,0,1,0,0.6669978202062347,6.76734196027498
15,19,1,1,1,0.6669978202062347,6.76734196027498
15,20,1,0,0,0.6669978202062347,6.76734196027498
15,21,1,1,0,0.6669978202062347,6.76734196027498
15,22,1,0,0,0.6669978202062347,6.76734196027498
15,23,1,1,0,0.6669978202062347,6.76734196027498
15,24,1,1,1,0.6669978202062347,6.76734196027498
15,25,0,1,0,0.6669978202062347,6.76734196027498
15,26,1,1,0,0.6669978202062347,6.76734196027498
15,27,1,1,0,0.6669978202062347,6.76734196027498
15,28,1,1,1,0.6669978202062347,6.76734196027498
15,29,1,1,1,0.6669978202062347,6.76734196027498
15,30,0,0,0,0.6669978202062347,6.76734196027498
15,31,0,1,0,0.6669978202062347,6.76734196027498
15,32,1,1,0,0.6669978202062347,6.76734196027498
15,33,1,0,1,0.6669978202062347,6.76734196027498
15,34,0,1,1,0.6669978202062347,6.76734196027498
15,35,0,1,1,0.6669978202062347,6.76734196027498
15,36,0,1,0,0.6669978202062347,6.76734196027498
15,37,1,0,0,0.6669978202062347,6.76734196027498
15,38,1,1,0,0.6669978202062347,6.76734196027498
15,39,1,0,1,0.6669978202062347,6.76734196027498
15,40,0,1,1,0.6669978202062347,6.76734196027498
15,41,0,1,0,0.6669978202062347,6.76734196027498
15,42,1,0,0,0.6669978202062347,6.76734196027498
15,43,0,1,0,0.6669978202062347,6.76734196027498
15,44,1,1,0,0.6669978202062347,6.76734196027498
15,45,1,0,1,0.6669978202062347,6.76734196027498
15,46,0,1,0,0.6669978202062347,6.76734196027498
15,47,1,1,0,0.6669978202062347,6.76734196027498
15,48,1,1,0,0.6669978202062347,6.76734196027498
15,49,1,1,1,0.6669978202062347,6.76734196027498
15,50,1,0,0,0.6669978202062347,6.76734196027498
15,51,1,1,0,0.6669978202062347,6.76734196027498
15,52,1,0,1,0.6669978202062347,6.76734196027498
15,53,0,1,1,0.6669978202062347,6.76734196027498
15,54,0,1,1,0.6669978202062347,6.76734196027498
15,55,0,1,0,0.6669978202062347,6.76734196027498
15,56,1,1,1,0.6669978202062347,6.76734196027498
15,57,1,0,1,0.6669978202062347,6.76734196027498
15,58,0,1,0,0.6669978202062347,6.76734196027498
15,59,1,1,1,0.6669978202062347,6.76734196027498
15,60,1,0,0,0.6669978202062347,6.76734196027498
15,61,1,1,1,0.6669978202062347,6.76734196027498
15,62,1,1,1,0.6669978202062347,6.76734196027498
15,63,0,1,0,0.6669978202062347,6.76734196027498
15,64,1,1,0,0.6669978202062347,6.76734196027498
15,65,1,1,0,0.6669978202062347,6.76734196027498
15,66,1,1,0,0.6669978202062347,6.76734196027498
15,67,1,1,0,0.6669978202062347,6.76734196027498
15,68,1,0,0,0.6669978202062347,6.76734196027498
15,69,1,1,1,0.6669978202062347,6.76734196027498
15,70,1,1,0,0.6669978202062347,6.76734196027498
15,71,1,1,1,0.6669978202062347,6.76734196027498
15,72,0,1,0,0.6669978202062347,6.76734196027498
15,73,1,1,0,0.6669978202062347,6.76734196027498
15,74,1,0,1,0.6669978202062347,6.76734196027498
15,75,0,1,0,0.6669978202062347,6.76734196027498
15,76,1,1,0,0.6669978202062347,6.76734196027498
15,77,1,0,0,0.6669978202062347,6.76734196027498
15,78,1,1,1,0.6669978202062347,6.76734196027498
15,79,1,1,0,0.6669978202062347,6.76734196027498
15,80,1,0,0,0.6669978202062347,6.76734196027498
15,81,0,1,0,0.6669978202062347,6.76734196027498
15,82,1,1,0,0.6669978202062347,6.76734196027498
15,83,1,1,1,0.6669978202062347,6.76734196027498
15,84,0,1,0,0.6669978202062347,6.76734196027498
15,85,1,1,1,0.6669978202062347,6.76734196027498
15,86,1,0,0,0.6669978202062347,6.76734196027498
15,87,1,1,0,0.6669978202062347,6.76734196027498
15,88,1,0,0,0.6669978202062347,6.76734196027498
15,89,1,1,0,0.6669978202062347,6.76734196027498
15,90,1,0,1,0.6669978202062347,6.76734196027498
15,91,0,1,0,0.6669978202062347,6.76734196027498
15,92,1,1,0,0.6669978202062347,6.76734196027498
15,93,1,1,1,0.6669978202062347,6.76734196027498
15,94,1,1,0,0.6669978202062347,6.76734196027498
15,95,1,1,0,0.6669978202062347,6.76734196027498
15,96,1,1,0,0.6669978202062347,6.76734196027498
15,97,1,1,0,0.6669978202062347,6.76734196027498
15,98,1,0,1,0.6669978202062347,6.76734196027498
15,99,0,1,1,0.6669978202062347,6.76734196027498
15,100,1,1,0,0.6669978202062347,6.76734196027498
16,1,1,1,0,0.7311827997915297,6.9513619856254145
16,2,1,1,1,0.7311827997915297,6.9513619856254145
16,3,1,1,0,0.7311827997915297,6.9513619856254145
16,4,1,0,0,0.7311827997915297,6.9513619856254145
16,5,1,1,1,0.7311827997915297,6.9513619856254145
16,6,1,0,0,0.7311827997915297,6.9513619856254145
16,7,1,1,0,0.7311827997915297,6.9513619856254145
16,8,1,1,1,0.7311827997915297,6.9513619856254145
16,9,1,0,0,0.7311827997915297,6.9513619856254145
16,10,0,0,0,0.7311827997915297,6.9513619856254145
16,11,1,0,0,0.7311827997915297,6.9513619856254145
16,12,0,0,0,0.7311827997915297,6.9513619856254145
16,13,0,1,0,0.7311827997915297,6.9513619856254145
16,14,1,1,0,0.7311827997915297,6.9513619856254145
16,15,1,1,1,0.7311827997915297,6.9513619856254145
16,16,1,1,0,0.7311827997915297,6.9513619856254145
16,17,1,0,1,0.7311827997915297,6.9513619856254145
16,18,1,1,1,0.7311827997915297,6.9513619856254145
16,19,0,0,0,0.7311827997915297,6.9513619856254145
16,20,1,1,0,0.7311827997915297,6.9513619856254145
16,21,1,1,0,0.7311827997915297,6.9513619856254145
16,22,1,1,0,0.7311827997915297,6.9513619856254145
16,23,1,1,0,0.7311827997915297,6.9513619856254145
16,24,1,0,0,0.7311827997915297,6.9513619856254145
16,25,1,1,1,0.7311827997915297,6.9513619856254145
16,26,1,1,1,0.7311827997915297,6.9513619856254145
16,27,0,1,0,0.7311827997915297,6.9513619856254145
16,28,1,1,0,0.7311827997915297,6.9513619856254145
16,29,1,1,0,0.7311827997915297,6.9513619856254145
16,30,1,1,1,0.7311827997915297,6.9513619856254145
16,31,1,0,0,0.7311827997915297,6.9513619856254145
16,32,0,0,0,0.7311827997915297,6.9513619856254145
16,33,1,1,0,0.7311827997915297,6.9513619856254145
16,34,1,1,0,0.7311827997915297,6.9513619856254145
16,35,1,1,0,0.7311827997915297,6.9513619856254145
16,36,1,1,0,0.7311827997915297,6.9513619856254145
16,37,1,1,0,0.7311827997915297,6.9513619856254145
16,38,1,1,1,0.7311827997915297,6.9513619856254145
16,39,0,1,0,0.7311827997915297,6.9513619856254145
16,40,1,0,1,0.7311827997915297,6.9513619856254145
16,41,0,1,0,0.7311827997915297,6.9513619856254145
16,42,1,0,0,0.7311827997915297,6.9513619856254145
16,43,1,1,0,0.7311827997915297,6.9513619856254145
16,44,1,1,0,0.7311827997915297,6.9513619856254145
16,45,1,1,1,0.7311827997915297,6.9513619856254145
16,46,1,0,0,0.7311827997915297,6.9513619856254145
16,47,1,1,0,0.7311827997915297,6.9513619856254145
16,48,1,1,0,0.7311827997915297,6.9513619856254145
16,49,1,1,0,0.7311827997915297,6.9513619856254145
16,50,1,0,0,0.7311827997915297,6.9513619856254145
16,51,1,0,1,0.7311827997915297,6.9513619856254145
16,52,0,1,0,0.7311827997915297,6.9513619856254145
16,53,1,0,0,0.7311827997915297,6.9513619856254145
16,54,1,0,1,0.7311827997915297,6.9513619856254145
16,55,0,1,0,0.7311827997915297,6.9513619856254145
16,56,1,1,1,0.7311827997915297,6.9513619856254145
16,57,0,1,0,0.7311827997915297,6.9513619856254145
16,58,1,1,0,0.7311827997915297,6.9513619856254145
16,59,1,1,0,0.7311827997915297,6.9513619856254145
16,60,1,0,0,0.7311827997915297,6.9513619856254145
16,61,1,0,0,0.7311827997915297,6.9513619856254145
16,62,1,1,0,0.7311827997915297,6.9513619856254145
16,63,1,1,0,0.7311827997915297,6.9513619856254145
16,64,1,1,0,0.7311827997915297,6.9513619856254145
16,65,1,1,1,0.7311827997915297,6.9513619856254145
16,66,1,1,0,0.7311827997915297,6.9513619856254145
16,67,1,0,0,0.7311827997915297,6.9513619856254145
16,68,1,0,1,0.7311827997915297,6.9513619856254145
16,69,0,1,0,0.7311827997915297,6.9513619856254145
16,70,1,1,0,0.7311827997915297,6.9513619856254145
16,71,1,1,0,0.7311827997915297,6.9513619856254145
16,72,1,1,0,0.7311827997915297,6.9513619856254145
16,73,1,1,0,0.7311827997915297,6.9513619856254145
16,74,1,1,0,0.7311827997915297,6.9513619856254145
16,75,1,1,0,0.7311827997915297,6.9513619856254145
16,76,1,1,1,0.7311827997915297,6.9513619856254145
16,77,1,1,1,0.7311827997915297,6.9513619856254145
16,78,1,1,0,0.7311827997915297,6.9513619856254145
16,79,1,1,0,0.7311827997915297,6.9513619856254145
16,80,1,1,0,0.7311827997915297,6.9513619856254145
16,81,1,1,0,0.7311827997915297,6.9513619856254145
16,82,1,1,0,0.7311827997915297,6.9513619856254145
16,83,1,1,0,0.7311827997915297,6.9513619856254145
16,84,1,0,0,0.7311827997915297,6.9513619856254145
16,85,0,0,0,0.7311827997915297,6.9513619856254145
16,86,0,1,0,0.7311827997915297,6.9513619856254145
16,87,1,1,0,0.7311827997915297,6.9513619856254145
16,88,1,1,0,0.7311827997915297,6.9513619856254145
16,89,1,1,1,0.7311827997915297,6.9513619856254145
16,90,1,1,0,0.7311827997915297,6.9513619856254145
16,91,1,1,1,0.7311827997915297,6.9513619856254145
16,92,1,1,0,0.7311827997915297,6.9513619856254145
16,93,1,1,0,0.7311827997915297,6.9513619856254145
16,94,1,1,1,0.7311827997915297,6.9513619856254145
16,95,1,1,0,0.7311827997915297,6.9513619856254145
16,96,1,1,0,0.7311827997915297,6.9513619856254145
16,97,1,1,0,0.7311827997915297,6.9513619856254145
16,98,1,1,0,0.7311827997915297,6.9513619856254145
16,99,1,1,1,0.7311827997915297,6.9513619856254145
16,100,0,1,0,0.7311827997915297,6.9513619856254145
17,1,0,0,0,0.7046869155979194,8.220438626088011
17,2,0,1,0,0.7046869155979194,8.220438626088011
17,3,1,1,0,0.7046869155979194,8.220438626088011
17,4,1,1,0,0.7046869155979194,8.220438626088011
17,5,1,1,0,0.7046869155979194,8.220438626088011
17,6,1,1,1,0.7046869155979194,8.220438626088011
17,7,1,1,0,0.7046869155979194,8.220438626088011
17,8,1,1,0,0.7046869155979194,8.220438626088011
17,9,1,1,0,0.7046869155979194,8.220438626088011
17,10,1,1,1,0.7046869155979194,8.220438626088011
17,11,1,1,0,0.7046869155979194,8.220438626088011
17,12,1,1,0,0.7046869155979194,8.220438626088011
17,13,1,1,0,0.7046869155979194,8.220438626088011
17,14,1,1,0,0.7046869155979194,8.220438626088011
17,15,1,1,0,0.7046869155979194,8.220438626088011
17,16,1,1,0,0.7046869155979194,8.220438626088011
17,17,1,1,1,0.7046869155979194,8.220438626088011
17,18,1,1,0,0.7046869155979194,8.220438626088011
17,19,1,0,0,0.7046869155979194,8.220438626088011
17,20,1,1,0,0.7046869155979194,8.220438626088011
17,21,1,1,0,0.7046869155979194,8.220438626088011
17,22,1,0,1,0.7046869155979194,8.220438626088011
17,23,0,1,0,0.7046869155979194,8.220438626088011
17,24,1,0,0,0.7046869155979194,8.220438626088011
17,25,0,1,0,0.7046869155979194,8.220438626088011
17,26,1,1,0,0.7046869155979194,8.220438626088011
17,27,1,0,0,0.7046869155979194,8.220438626088011
17,28,1,0,0,0.7046869155979194,8.220438626088011
17,29,0,1,0,0.7046869155979194,8.220438626088011
17,30,1,1,1,0.7046869155979194,8.220438626088011
17,31,1,1,0,0.7046869155979194,8.220438626088011
17,32,1,0,0,0.7046869155979194,8.220438626088011
17,33,1,1,1,0.7046869155979194,8.220438626088011
17,34,1,1,0,0.7046869155979194,8.220438626088011
17,35,1,0,0,0.7046869155979194,8.220438626088011
17,36,1,0,0,0.7046869155979194,8.220438626088011
17,37,1,0,0,0.7046869155979194,8.220438626088011
17,38,0,1,1,0.7046869155979194,8.220438626088011
17,39,0,1,0,0.7046869155979194,8.220438626088011
17,40,1,1,1,0.7046869155979194,8.220438626088011
17,41,1,1,1,0.7046869155979194,8.220438626088011
17,42,1,1,1,0.7046869155979194,8.220438626088011
17,43,1,1,0,0.7046869155979194,8.220438626088011
17,44,1,1,0,0.7046869155979194,8.220438626088011
17,45,1,1,0,0.7046869155979194,8.220438626088011
17,46,1,1,0,0.7046869155979194,8.220438626088011
17,47,1,0,0,0.7046869155979194,8.220438626088011
17,48,1,1,0,0.7046869155979194,8.220438626088011
17,49,1,0,1,0.7046869155979194,8.220438626088011
17,50,0,1,0,0.7046869155979194,8.220438626088011
17,51,1,1,0,0.7046869155979194,8.220438626088011
17,52,1,0,0,0.7046869155979194,8.220438626088011
17,53,1,0,1,0.7046869155979194,8.220438626088011
17,54,0,1,0,0.7046869155979194,8.220438626088011
17,55,1,1,0,0.7046869155979194,8.220438626088011
17,56,1,1,0,0.7046869155979194,8.220438626088011
17,57,1,1,0,0.7046869155979194,8.220438626088011
17,58,1,0,0,0.7046869155979194,8.220438626088011
17,59,1,1,0,0.7046869155979194,8.220438626088011
17,60,1,1,1,0.7046869155979194,8.220438626088011
17,61,1,1,0,0.7046869155979194,8.220438626088011
17,62,1,1,0,0.7046869155979194,8.220438626088011
17,63,1,0,1,0.7046869155979194,8.220438626088011
17,64,0,1,0,0.7046869155979194,8.220438626088011
17,65,1,1,0,0.7046869155979194,8.220438626088011
17,66,1,1,1,0.7046869155979194,8.220438626088011
17,67,1,1,0,0.7046869155979194,8.220438626088011
17,68,1,0,0,0.7046869155979194,8.220438626088011
17,69,0,0,0,0.7046869155979194,8.220438626088011
17,70,1,1,0,0.7046869155979194,8.220438626088011
17,71,1,0,0,0.7046869155979194,8.220438626088011
17,72,1,1,1,0.7046869155979194,8.220438626088011
17,73,1,1,0,0.7046869155979194,8.220438626088011
17,74,1,0,0,0.7046869155979194,8.220438626088011
17,75,1,1,0,0.7046869155979194,8.220438626088011
17,76,1,1,0,0.7046869155979194,8.220438626088011
17,77,1,1,1,0.7046869155979194,8.220438626088011
17,78,1,1,0,0.7046869155979194,8.220438626088011
17,79,1,1,0,0.7046869155979194,8.220438626088011
17,80,1,1,0,0.7046869155979194,8.220438626088011
17,81,1,1,0,0.7046869155979194,8.220438626088011
17,82,1,1,1,0.7046869155979194,8.220438626088011
17,83,1,1,0,0.7046869155979194,8.220438626088011
17,84,1,0,0,0.7046869155979194,8.220438626088011
17,85,1,1,1,0.7046869155979194,8.220438626088011
17,86,1,1,1,0.7046869155979194,8.220438626088011
17,87,1,1,1,0.7046869155979194,8.220438626088011
17,88,0,1,0,0.7046869155979194,8.220438626088011
17,89,1,0,0,0.7046869155979194,8.220438626088011
17,90,1,1,0,0.7046869155979194,8.220438626088011
17,91,1,1,0,0.7046869155979194,8.220438626088011
17,92,1,1,1,0.7046869155979194,8.220438626088011
17,93,1,1,1,0.7046869155979194,8.220438626088011
17,94,0,1,1,0.7046869155979194,8.220438626088011
17,95,0,0,0,0.7046869155979194,8.220438626088011
17,96,1,1,0,0.7046869155979194,8.220438626088011
17,97,1,1,0,0.7046869155979194,8.220438626088011
17,98,1,1,0,0.7046869155979194,8.220438626088011
17,99,1,0,0,0.7046869155979194,8.220438626088011
17,100,1,1,0,0.7046869155979194,8.220438626088011
18,1,0,1,0,0.7623516797339536,7.500108644812919
18,2,1,1,0,0.7623516797339536,7.500108644812919
18,3,1,0,0,0.7623516797339536,7.500108644812919
18,4,1,0,0,0.7623516797339536,7.500108644812919
18,5,0,1,0,0.7623516797339536,7.500108644812919
18,6,1,1,0,0.7623516797339536,7.500108644812919
18,7,1,1,0,0.7623516797339536,7.500108644812919
18,8,1,1,0,0.7623516797339536,7.500108644812919
18,9,1,0,0,0.7623516797339536,7.500108644812919
18,10,1,1,1,0.7623516797339536,7.500108644812919
18,11,1,0,0,0.7623516797339536,7.500108644812919
18,12,1,0,0,0.7623516797339536,7.500108644812919
18,13,0,1,0,0.7623516797339536,7.500108644812919
18,14,1,1,0,0.7623516797339536,7.500108644812919
18,15,1,1,0,0.7623516797339536,7.500108644812919
18,16,1,1,0,0.7623516797339536,7.500108644812919
18,17,1,0,0,0.7623516797339536,7.500108644812919
18,18,1,0,0,0.7623516797339536,7.500108644812919
18,19,0,1,0,0.7623516797339536,7.500108644812919
18,20,1,0,1,0.7623516797339536,7.500108644812919
18,21,0,1,1,0.7623516797339536,7.500108644812919
18,22,0,1,0,0.7623516797339536,7.500108644812919
18,23,1,1,0,0.7623516797339536,7.500108644812919
18,24,1,1,1,0.7623516797339536,7.500108644812919
18,25,1,1,0,0.7623516797339536,7.500108644812919
18,26,1,0,1,0.7623516797339536,7.500108644812919
18,27,0,1,0,0.7623516797339536,7.500108644812919
18,28,1,1,0,0.7623516797339536,7.500108644812919
18,29,1,1,0,0.7623516797339536,7.500108644812919
18,30,1,1,0,0.7623516797339536,7.500108644812919
18,31,1,1,0,0.7623516797339536,7.500108644812919
18,32,1,0,1,0.7623516797339536,7.500108644812919
18,33,0,1,1,0.7623516797339536,7.500108644812919
18,34,0,1,0,0.7623516797339536,7.500108644812919
18,35,1,1,0,0.7623516797339536,7.500108644812919
18,36,1,1,0,0.7623516797339536,7.500108644812919
18,37,1,1,0,0.7623516797339536,7.500108644812919
18,38,1,1,1,0.7623516797339536,7.500108644812919
18,39,1,1,0,0.7623516797339536,7.500108644812919
18,40,1,0,1,0.7623516797339536,7.500108644812919
18,41,0,1,0,0.7623516797339536,7.500108644812919
18,42,1,1,0,0.7623516797339536,7.500108644812919
18,43,1,0,0,0.7623516797339536,7.500108644812919
18,44,1,1,1,0.7623516797339536,7.500108644812919
18,45,0,1,1,0.7623516797339536,7.500108644812919
18,46,0,0,1,0.7623516797339536,7.500108644812919
18,47,0,0,0,0.7623516797339536,7.500108644812919
18,48,0,1,1,0.7623516797339536,7.500108644812919
18,49,1,1,1,0.7623516797339536,7.500108644812919
18,50,0,1,0,0.7623516797339536,7.500108644812919
18,51,1,1,0,0.7623516797339536,7.500108644812919
18,52,1,1,0,0.7623516797339536,7.500108644812919
18,53,1,1,1,0.7623516797339536,7.500108644812919
18,54,1,0,0,0.7623516797339536,7.500108644812919
18,55,1,1,0,0.7623516797339536,7.500108644812919
18,56,1,0,0,0.7623516797339536,7.500108644812919
18,57,1,1,1,0.7623516797339536,7.500108644812919
18,58,1,1,0,0.7623516797339536,7.500108644812919
18,59,1,1,0,0.7623516797339536,7.500108644812919
18,60,1,1,0,0.7623516797339536,7.500108644812919
18,61,1,0,0,0.7623516797339536,7.500108644812919
18,62,1,1,0,0.7623516797339536,7.500108644812919
18,63,1,1,0,0.7623516797339536,7.500108644812919
18,64,1,1,1,0.7623516797339536,7.500108644812919
18,65,1,1,1,0.7623516797339536,7.500108644812919
18,66,0,1,0,0.7623516797339536,7.500108644812919
18,67,1,0,0,0.7623516797339536,7.500108644812919
18,68,1,0,0,0.7623516797339536,7.500108644812919
18,69,1,1,1,0.7623516797339536,7.500108644812919
18,70,0,1,0,0.7623516797339536,7.500108644812919
18,71,1,0,0,0.7623516797339536,7.500108644812919
18,72,1,0,1,0.7623516797339536,7.500108644812919
18,73,0,1,1,0.7623516797339536,7.500108644812919
18,74,1,1,0,0.7623516797339536,7.500108644812919
18,75,1,0,0,0.7623516797339536,7.500108644812919
18,76,1,1,1,0.7623516797339536,7.500108644812919
18,77,0,0,0,0.7623516797339536,7.500108644812919
18,78,0,0,0,0.7623516797339536,7.500108644812919
18,79,1,0,0,0.7623516797339536,7.500108644812919
18,80,0,1,0,0.7623516797339536,7.500108644812919
18,81,1,0,0,0.7623516797339536,7.500108644812919
18,82,0,1,0,0.7623516797339536,7.500108644812919
18,83,1,1,0,0.7623516797339536,7.500108644812919
18,84,1,1,0,0.7623516797339536,7.500108644812919
18,85,1,0,0,0.7623516797339536,7.500108644812919
18,86,1,0,0,0.7623516797339536,7.500108644812919
18,87,1,1,0,0.7623516797339536,7.500108644812919
18,88,1,1,0,0.7623516797339536,7.500108644812919
18,89,1,1,0,0.7623516797339536,7.500108644812919
18,90,1,1,1,0.7623516797339536,7.500108644812919
18,91,1,1,0,0.7623516797339536,7.500108644812919
18,92,1,1,1,0.7623516797339536,7.500108644812919
18,93,1,1,1,0.7623516797339536,7.500108644812919
18,94,1,1,1,0.7623516797339536,7.500108644812919
18,95,1,1,0,0.7623516797339536,7.500108644812919
18,96,1,0,0,0.7623516797339536,7.500108644812919
18,97,0,1,1,0.7623516797339536,7.500108644812919
18,98,0,0,0,0.7623516797339536,7.500108644812919
18,99,1,1,0,0.7623516797339536,7.500108644812919
18,100,1,0,0,0.7623516797339536,7.500108644812919
19,1,1,1,0,0.7489959946954666,6.612565918926013
19,2,1,0,1,0.7489959946954666,6.612565918926013
19,3,0,1,1,0.7489959946954666,6.612565918926013
19,4,0,1,0,0.7489959946954666,6.612565918926013
19,5,1,1,1,0.7489959946954666,6.612565918926013
19,6,1,0,0,0.7489959946954666,6.612565918926013
19,7,1,1,0,0.7489959946954666,6.612565918926013
19,8,1,1,0,0.7489959946954666,6.612565918926013
19,9,1,0,0,0.7489959946954666,6.612565918926013
19,10,1,0,0,0.7489959946954666,6.612565918926013
19,11,1,1,0,0.7489959946954666,6.612565918926013
19,12,1,0,0,0.7489959946954666,6.612565918926013
19,13,1,1,0,0.7489959946954666,6.612565918926013
19,14,1,1,1,0.7489959946954666,6.612565918926013
19,15,1,1,0,0.7489959946954666,6.612565918926013
19,16,1,0,1,0.7489959946954666,6.612565918926013
19,17,0,1,0,0.7489959946954666,6.612565918926013
19,18,1,1,0,0.7489959946954666,6.612565918926013
19,19,1,1,1,0.7489959946954666,6.612565918926013
19,20,1,0,0,0.7489959946954666,6.612565918926013
19,21,1,1,0,0.7489959946954666,6.612565918926013
19,22,1,1,0,0.7489959946954666,6.612565918926013
19,23,1,1,0,0.7489959946954666,6.612565918926013
19,24,1,0,0,0.7489959946954666,6.612565918926013
19,25,1,1,0,0.7489959946954666,6.612565918926013
19,26,1,1,1,0.7489959946954666,6.612565918926013
19,27,1,1,0,0.7489959946954666,6.612565918926013
19,28,1,1,0,0.7489959946954666,6.612565918926013
19,29,1,1,0,0.7489959946954666,6.612565918926013
19,30,1,1,0,0.7489959946954666,6.612565918926013
19,31,1,0,0,0.7489959946954666,6.612565918926013
19,32,0,1,0,0.7489959946954666,6.612565918926013
19,33,1,0,0,0.7489959946954666,6.612565918926013
19,34,1,1,0,0.7489959946954666,6.612565918926013
19,35,1,1,0,0.7489959946954666,6.612565918926013
19,36,1,1,0,0.7489959946954666,6.612565918926013
19,37,1,1,0,0.7489959946954666,6.612565918926013
19,38,1,1,0,0.7489959946954666,6.612565918926013
19,39,1,1,0,0.7489959946954666,6.612565918926013
19,40,1,1,0,0.7489959946954666,6.612565918926013
19,41,1,1,1,0.7489959946954666,6.612565918926013
19,42,1,1,0,0.7489959946954666,6.612565918926013
19,43,1,1,0,0.7489959946954666,6.612565918926013
19,44,1,1,1,0.7489959946954666,6.612565918926013
19,45,1,1,0,0.7489959946954666,6.612565918926013
19,46,1,1,0,0.7489959946954666,6.612565918926013
19,47,1,1,1,0.7489959946954666,6.612565918926013
19,48,1,1,0,0.7489959946954666,6.612565918926013
19,49,1,0,1,0.7489959946954666,6.612565918926013
19,50,0,1,0,0.7489959946954666,6.612565918926013
19,51,1,1,0,0.7489959946954666,6.612565918926013
19,52,1,1,0,0.7489959946954666,6.612565918926013
19,53,1,1,1,0.7489959946954666,6.612565918926013
19,54,1,1,0,0.7489959946954666,6.612565918926013
19,55,1,1,1,0.7489959946954666,6.612565918926013
19,56,0,1,0,0.7489959946954666,6.612565918926013
19,57,1,1,0,0.7489959946954666,6.612565918926013
19,58,1,1,1,0.7489959946954666,6.612565918926013
19,59,1,1,0,0.7489959946954666,6.612565918926013
19,60,1,1,1,0.7489959946954666,6.612565918926013
19,61,1,1,0,0.7489959946954666,6.612565918926013
19,62,1,1,0,0.7489959946954666,6.612565918926013
19,63,1,1,1,0.7489959946954666,6.612565918926013
19,64,1,1,0,0.7489959946954666,6.612565918926013
19,65,1,1,0,0.7489959946954666,6.612565918926013
19,66,1,1,0,0.7489959946954666,6.612565918926013
19,67,1,0,0,0.7489959946954666,6.612565918926013
19,68,1,1,1,0.7489959946954666,6.612565918926013
19,69,0,1,0,0.7489959946954666,6.612565918926013
19,70,1,1,0,0.7489959946954666,6.612565918926013
19,71,1,1,1,0.7489959946954666,6.612565918926013
19,72,1,1,0,0.7489959946954666,6.612565918926013
19,73,1,1,1,0.7489959946954666,6.612565918926013
19,74,0,1,1,0.7489959946954666,6.612565918926013
19,75,1,1,0,0.7489959946954666,6.612565918926013
19,76,1,1,0,0.7489959946954666,6.612565918926013
19,77,1,0,0,0.7489959946954666,6.612565918926013
19,78,0,1,1,0.7489959946954666,6.612565918926013
19,79,1,1,0,0.7489959946954666,6.612565918926013
19,80,1,1,0,0.7489959946954666,6.612565918926013
19,81,1,1,1,0.7489959946954666,6.612565918926013
19,82,1,1,0,0.7489959946954666,6.612565918926013
19,83,1,1,0,0.7489959946954666,6.612565918926013
19,84,1,0,1,0.7489959946954666,6.612565918926013
19,85,0,1,0,0.7489959946954666,6.612565918926013
19,86,1,0,0,0.7489959946954666,6.612565918926013
19,87,1,0,1,0.7489959946954666,6.612565918926013
19,88,0,0,0,0.7489959946954666,6.612565918926013
19,89,0,0,0,0.7489959946954666,6.612565918926013
19,90,0,0,1,0.7489959946954666,6.612565918926013
19,91,0,1,1,0.7489959946954666,6.612565918926013
19,92,0,0,0,0.7489959946954666,6.612565918926013
19,93,0,1,1,0.7489959946954666,6.612565918926013
19,94,1,1,0,0.7489959946954666,6.612565918926013
19,95,1,1,0,0.7489959946954666,6.612565918926013
19,96,1,0,1,0.7489959946954666,6.612565918926013
19,97,0,1,1,0.7489959946954666,6.612565918926013
19,98,0,1,1,0.7489959946954666,6.612565918926013
19,99,1,0,0,0.7489959946954666,6.612565918926013
19,100,1,1,0,0.7489959946954666,6.612565918926013
20,1,1,1,1,0.7742181740979355,7.142258924083886
20,2,1,1,0,0.7742181740979355,7.142258924083886
20,3,1,0,1,0.7742181740979355,7.142258924083886
20,4,0,1,0,0.7742181740979355,7.142258924083886
20,5,1,0,0,0.7742181740979355,7.142258924083886
20,6,1,1,0,0.7742181740979355,7.142258924083886
20,7,1,1,0,0.7742181740979355,7.142258924083886
20,8,1,0,1,0.7742181740979355,7.142258924083886
20,9,0,1,0,0.7742181740979355,7.142258924083886
20,10,1,1,1,0.7742181740979355,7.142258924083886
20,11,0,0,0,0.7742181740979355,7.142258924083886
20,12,1,1,0,0.7742181740979355,7.142258924083886
20,13,1,1,1,0.7742181740979355,7.142258924083886
20,14,1,0,1,0.7742181740979355,7.142258924083886
20,15,0,0,0,0.7742181740979355,7.142258924083886
20,16,0,0,1,0.7742181740979355,7.142258924083886
20,17,0,1,1,0.7742181740979355,7.142258924083886
20,18,0,1,0,0.7742181740979355,7.142258924083886
20,19,1,1,0,0.7742181740979355,7.142258924083886
20,20,1,1,0,0.7742181740979355,7.142258924083886
20,21,1,1,1,0.7742181740979355,7.142258924083886
20,22,1,1,1,0.7742181740979355,7.142258924083886
20,23,0,0,0,0.7742181740979355,7.142258924083886
20,24,0,1,0,0.7742181740979355,7.142258924083886
20,25,1,0,0,0.7742181740979355,7.142258924083886
20,26,0,1,0,0.7742181740979355,7.142258924083886
20,27,1,1,0,0.7742181740979355,7.142258924083886
20,28,1,0,0,0.7742181740979355,7.142258924083886
20,29,1,1,0,0.7742181740979355,7.142258924083886
20,30,1,1,1,0.7742181740979355,7.142258924083886
20,31,1,1,0,0.7742181740979355,7.142258924083886
20,32,1,1,0,0.7742181740979355,7.142258924083886
20,33,1,1,0,0.7742181740979355,7.142258924083886
20,34,1,1,0,0.7742181740979355,7.142258924083886
20,35,1,1,0,0.7742181740979355,7.142258924083886
20,36,1,0,0,0.7742181740979355,7.142258924083886
20,37,1,0,1,0.7742181740979355,7.142258924083886
20,38,0,1,0,0.7742181740979355,7.142258924083886
20,39,1,0,0,0.7742181740979355,7.142258924083886
20,40,1,1,0,0.7742181740979355,7.142258924083886
20,41,1,1,0,0.7742181740979355,7.142258924083886
20,42,1,1,0,0.7742181740979355,7.142258924083886
20,43,1,0,0,0.7742181740979355,7.142258924083886
20,44,1,1,0,0.7742181740979355,7.142258924083886
20,45,1,1,0,0.7742181740979355,7.142258924083886
20,46,1,1,0,0.7742181740979355,7.142258924083886
20,47,1,1,0,0.7742181740979355,7.142258924083886
20,48,1,0,1,0.7742181740979355,7.142258924083886
20,49,0,1,0,0.7742181740979355,7.142258924083886
20,50,1,0,0,0.7742181740979355,7.142258924083886
20,51,0,1,0,0.7742181740979355,7.142258924083886
20,52,1,1,1,0.7742181740979355,7.142258924083886
20,53,1,0,0,0.7742181740979355,7.142258924083886
20,54,1,0,0,0.7742181740979355,7.142258924083886
20,55,1,0,0,0.7742181740979355,7.142258924083886
20,56,0,1,0,0.7742181740979355,7.142258924083886
20,57,1,1,1,0.7742181740979355,7.142258924083886
20,58,1,1,0,0.7742181740979355,7.142258924083886
20,59,1,1,1,0.7742181740979355,7.142258924083886
20,60,1,0,0,0.7742181740979355,7.142258924083886
20,61,1,1,1,0.7742181740979355,7.142258924083886
20,62,1,1,0,0.7742181740979355,7.142258924083886
20,63,1,0,1,0.7742181740979355,7.142258924083886
20,64,0,0,0,0.7742181740979355,7.142258924083886
20,65,0,1,0,0.7742181740979355,7.142258924083886
20,66,1,1,0,0.7742181740979355,7.142258924083886
20,67,1,0,0,0.7742181740979355,7.142258924083886
20,68,1,1,1,0.7742181740979355,7.142258924083886
20,69,1,1,0,0.7742181740979355,7.142258924083886
20,70,1,1,0,0.7742181740979355,7.142258924083886
20,71,1,1,0,0.7742181740979355,7.142258924083886
20,72,1,1,0,0.7742181740979355,7.142258924083886
20,73,1,1,0,0.7742181740979355,7.142258924083886
20,74,1,1,0,0.7742181740979355,7.142258924083886
20,75,1,1,0,0.7742181740979355,7.142258924083886
20,76,1,0,0,0.7742181740979355,7.142258924083886
20,77,1,0,0,0.7742181740979355,7.142258924083886
20,78,1,1,1,0.7742181740979355,7.142258924083886
20,79,0,1,1,0.7742181740979355,7.142258924083886
20,80,1,1,0,0.7742181740979355,7.142258924083886
20,81,1,1,1,0.7742181740979355,7.142258924083886
20,82,1,1,0,0.7742181740979355,7.142258924083886
20,83,1,1,1,0.7742181740979355,7.142258924083886
20,84,1,1,0,0.7742181740979355,7.142258924083886
20,85,1,0,0,0.7742181740979355,7.142258924083886
20,86,1,1,1,0.7742181740979355,7.142258924083886
20,87,0,0,0,0.7742181740979355,7.142258924083886
20,88,1,1,0,0.7742181740979355,7.142258924083886
20,89,1,1,0,0.7742181740979355,7.142258924083886
20,90,1,0,1,0.7742181740979355,7.142258924083886
20,91,0,0,0,0.7742181740979355,7.142258924083886
20,92,0,1,0,0.7742181740979355,7.142258924083886
20,93,1,0,1,0.7742181740979355,7.142258924083886
20,94,0,0,1,0.7742181740979355,7.142258924083886
20,95,0,0,1,0.7742181740979355,7.142258924083886
20,96,0,1,0,0.7742181740979355,7.142258924083886
20,97,1,1,0,0.7742181740979355,7.142258924083886
20,98,1,1,0,0.7742181740979355,7.142258924083886
20,99,1,0,1,0.7742181740979355,7.142258924083886
20,100,0,1,0,0.7742181740979355,7.142258924083886
21,1,1,0,0,0.635995810693402,6.0167983165927215
21,2,0,1,0,0.635995810693402,6.0167983165927215
21,3,1,1,0,0.635995810693402,6.0167983165927215
21,4,1,0,0,0.635995810693402,6.0167983165927215
21,5,1,1,0,0.635995810693402,6.0167983165927215
21,6,1,0,1,0.635995810693402,6.0167983165927215
21,7,0,1,0,0.635995810693402,6.0167983165927215
21,8,1,1,1,0.635995810693402,6.0167983165927215
21,9,1,1,0,0.635995810693402,6.0167983165927215
21,10,1,0,0,0.635995810693402,6.0167983165927215
21,11,1,1,1,0.635995810693402,6.0167983165927215
21,12,1,1,0,0.635995810693402,6.0167983165927215
21,13,1,0,0,0.635995810693402,6.0167983165927215
21,14,1,1,0,0.635995810693402,6.0167983165927215
21,15,1,0,0,0.635995810693402,6.0167983165927215
21,16,1,1,1,0.635995810693402,6.0167983165927215
21,17,1,1,0,0.635995810693402,6.0167983165927215
21,18,1,0,0,0.635995810693402,6.0167983165927215
21,19,1,1,0,0.635995810693402,6.0167983165927215
21,20,1,1,0,0.635995810693402,6.0167983165927215
21,21,1,0,0,0.635995810693402,6.0167983165927215
21,22,0,0,0,0.635995810693402,6.0167983165927215
21,23,1,1,0,0.635995810693402,6.0167983165927215
21,24,1,1,1,0.635995810693402,6.0167983165927215
21,25,1,0,0,0.635995810693402,6.0167983165927215
21,26,1,0,0,0.635995810693402,6.0167983165927215
21,27,1,1,0,0.635995810693402,6.0167983165927215
21,28,1,1,0,0.635995810693402,6.0167983165927215
21,29,1,1,0,0.635995810693402,6.0167983165927215
21,30,1,1,0,0.635995810693402,6.0167983165927215
21,31,1,1,0,0.635995810693402,6.0167983165927215
21,32,1,0,0,0.635995810693402,6.0167983165927215
21,33,1,1,0,0.635995810693402,6.0167983165927215
21,34,1,1,0,0.635995810693402,6.0167983165927215
21,35,1,1,1,0.635995810693402,6.0167983165927215
21,36,1,0,1,0.635995810693402,6.0167983165927215
21,37,0,0,0,0.635995810693402,6.0167983165927215
21,38,0,1,0,0.635995810693402,6.0167983165927215
21,39,1,1,0,0.635995810693402,6.0167983165927215
21,40,1,1,0,0.635995810693402,6.0167983165927215
21,41,1,1,1,0.635995810693402,6.0167983165927215
21,42,1,1,0,0.635995810693402,6.0167983165927215
21,43,1,1,1,0.635995810693402,6.0167983165927215
21,44,1,1,0,0.635995810693402,6.0167983165927215
21,45,1,0,1,0.635995810693402,6.0167983165927215
21,46,0,1,0,0.635995810693402,6.0167983165927215
21,47,1,1,1,0.635995810693402,6.0167983165927215
21,48,1,1,1,0.635995810693402,6.0167983165927215
21,49,0,1,0,0.635995810693402,6.0167983165927215
21,50,1,0,0,0.635995810693402,6.0167983165927215
21,51,1,1,0,0.635995810693402,6.0167983165927215
21,52,1,0,0,0.635995810693402,6.0167983165927215
21,53,1,0,0,0.635995810693402,6.0167983165927215
21,54,1,1,0,0.635995810693402,6.0167983165927215
21,55,1,1,0,0.635995810693402,6.0167983165927215
21,56,1,1,1,0.635995810693402,6.0167983165927215
21,57,1,0,0,0.635995810693402,6.0167983165927215
21,58,1,1,0,0.635995810693402,6.0167983165927215
21,59,1,1,0,0.635995810693402,6.0167983165927215
21,60,1,1,0,0.635995810693402,6.0167983165927215
21,61,1,1,0,0.635995810693402,6.0167983165927215
21,62,1,1,0,0.635995810693402,6.0167983165927215
21,63,1,1,1,0.635995810693402,6.0167983165927215
21,64,1,0,0,0.635995810693402,6.0167983165927215
21,65,1,1,0,0.635995810693402,6.0167983165927215
21,66,1,0,0,0.635995810693402,6.0167983165927215
21,67,1,1,0,0.635995810693402,6.0167983165927215
21,68,1,1,0,0.635995810693402,6.0167983165927215
21,69,1,0,0,0.635995810693402,6.0167983165927215
21,70,1,0,0,0.635995810693402,6.0167983165927215
21,71,1,1,1,0.635995810693402,6.0167983165927215
21,72,0,1,0,0.635995810693402,6.0167983165927215
21,73,1,1,1,0.635995810693402,6.0167983165927215
21,74,1,1,1,0.635995810693402,6.0167983165927215
21,75,1,0,0,0.635995810693402,6.0167983165927215
21,76,0,1,0,0.635995810693402,6.0167983165927215
21,77,1,1,0,0.635995810693402,6.0167983165927215
21,78,1,1,1,0.635995810693402,6.0167983165927215
21,79,1,1,1,0.635995810693402,6.0167983165927215
21,80,1,0,0,0.635995810693402,6.0167983165927215
21,81,1,1,1,0.635995810693402,6.0167983165927215
21,82,0,1,1,0.635995810693402,6.0167983165927215
21,83,1,0,1,0.635995810693402,6.0167983165927215
21,84,0,0,1,0.635995810693402,6.0167983165927215
21,85,0,0,1,0.635995810693402,6.0167983165927215
21,86,0,1,1,0.635995810693402,6.0167983165927215
21,87,0,1,0,0.635995810693402,6.0167983165927215
21,88,1,0,0,0.635995810693402,6.0167983165927215
21,89,1,0,0,0.635995810693402,6.0167983165927215
21,90,0,1,1,0.635995810693402,6.0167983165927215
21,91,0,1,0,0.635995810693402,6.0167983165927215
21,92,1,1,1,0.635995810693402,6.0167983165927215
21,93,1,1,0,0.635995810693402,6.0167983165927215
21,94,1,0,0,0.635995810693402,6.0167983165927215
21,95,1,1,1,0.635995810693402,6.0167983165927215
21,96,1,1,0,0.635995810693402,6.0167983165927215
21,97,1,0,0,0.635995810693402,6.0167983165927215
21,98,1,0,0,0.635995810693402,6.0167983165927215
21,99,1,1,0,0.635995810693402,6.0167983165927215
21,100,1,0,1,0.635995810693402,6.0167983165927215
22,1,0,1,1,0.764240881411334,7.355351407313979
22,2,1,1,0,0.764240881411334,7.355351407313979
22,3,1,0,1,0.764240881411334,7.355351407313979
22,4,0,1,0,0.764240881411334,7.355351407313979
22,5,1,0,0,0.764240881411334,7.355351407313979
22,6,1,1,0,0.764240881411334,7.355351407313979
22,7,1,1,1,0.764240881411334,7.355351407313979
22,8,1,1,0,0.764240881411334,7.355351407313979
22,9,1,0,1,0.764240881411334,7.355351407313979
22,10,0,0,1,0.764240881411334,7.355351407313979
22,11,0,1,0,0.764240881411334,7.355351407313979
22,12,1,1,0,0.764240881411334,7.355351407313979
22,13,1,0,0,0.764240881411334,7.355351407313979
22,14,1,1,1,0.764240881411334,7.355351407313979
22,15,1,1,1,0.764240881411334,7.355351407313979
22,16,1,1,0,0.764240881411334,7.355351407313979
22,17,1,1,0,0.764240881411334,7.355351407313979
22,18,1,0,0,0.764240881411334,7.355351407313979
22,19,1,0,0,0.764240881411334,7.355351407313979
22,20,1,1,0,0.764240881411334,7.355351407313979
22,21,1,0,1,0.764240881411334,7.355351407313979
22,22,0,1,0,0.764240881411334,7.355351407313979
22,23,1,0,0,0.764240881411334,7.355351407313979
22,24,0,1,0,0.764240881411334,7.355351407313979
22,25,1,1,1,0.764240881411334,7.355351407313979
22,26,1,1,0,0.764240881411334,7.355351407313979
22,27,1,0,0,0.764240881411334,7.355351407313979
22,28,1,1,0,0.764240881411334,7.355351407313979
22,29,1,1,0,0.764240881411334,7.355351407313979
22,30,1,1,1,0.764240881411334,7.355351407313979
22,31,1,1,0,0.764240881411334,7.355351407313979
22,32,1,0,0,0.764240881411334,7.355351407313979
22,33,1,0,1,0.764240881411334,7.355351407313979
22,34,0,1,0,0.764240881411334,7.355351407313979
22,35,1,1,0,0.764240881411334,7.355351407313979
22,36,1,1,0,0.764240881411334,7.355351407313979
22,37,1,1,0,0.764240881411334,7.355351407313979
22,38,1,1,1,0.764240881411334,7.355351407313979
22,39,1,0,0,0.764240881411334,7.355351407313979
22,40,0,0,0,0.764240881411334,7.355351407313979
22,41,0,0,0,0.764240881411334,7.355351407313979
22,42,0,0,1,0.764240881411334,7.355351407313979
22,43,0,1,1,0.764240881411334,7.355351407313979
22,44,0,1,0,0.764240881411334,7.355351407313979
22,45,1,1,0,0.764240881411334,7.355351407313979
22,46,1,0,0,0.764240881411334,7.355351407313979
22,47,0,0,1,0.764240881411334,7.355351407313979
22,48,0,1,0,0.764240881411334,7.355351407313979
22,49,1,0,0,0.764240881411334,7.355351407313979
22,50,1,0,0,0.764240881411334,7.355351407313979
22,51,0,1,0,0.764240881411334,7.355351407313979
22,52,1,1,0,0.764240881411334,7.355351407313979
22,53,1,1,0,0.764240881411334,7.355351407313979
22,54,1,0,0,0.764240881411334,7.355351407313979
22,55,0,1,0,0.764240881411334,7.355351407313979
22,56,1,0,0,0.764240881411334,7.355351407313979
22,57,1,0,0,0.764240881411334,7.355351407313979
22,58,1,0,0,0.764240881411334,7.355351407313979
22,59,1,1,1,0.764240881411334,7.355351407313979
22,60,1,1,0,0.764240881411334,7.355351407313979
22,61,1,0,0,0.764240881411334,7.355351407313979
22,62,1,1,0,0.764240881411334,7.355351407313979
22,63,1,0,1,0.764240881411334,7.355351407313979
22,64,0,1,0,0.764240881411334,7.355351407313979
22,65,1,1,0,0.764240881411334,7.355351407313979
22,66,1,0,0,0.764240881411334,7.355351407313979
22,67,0,1,0,0.764240881411334,7.355351407313979
22,68,1,1,0,0.764240881411334,7.355351407313979
22,69,1,1,1,0.764240881411334,7.355351407313979
22,70,1,0,0,0.764240881411334,7.355351407313979
22,71,1,1,1,0.764240881411334,7.355351407313979
22,72,1,0,0,0.764240881411334,7.355351407313979
22,73,1,1,0,0.764240881411334,7.355351407313979
22,74,1,1,0,0.764240881411334,7.355351407313979
22,75,1,1,0,0.764240881411334,7.355351407313979
22,76,1,1,0,0.764240881411334,7.355351407313979
22,77,1,1,0,0.764240881411334,7.355351407313979
22,78,1,1,1,0.764240881411334,7.355351407313979
22,79,0,0,1,0.764240881411334,7.355351407313979
22,80,0,0,0,0.764240881411334,7.355351407313979
22,81,0,1,0,0.764240881411334,7.355351407313979
22,82,1,0,0,0.764240881411334,7.355351407313979
22,83,1,1,0,0.764240881411334,7.355351407313979
22,84,1,0,0,0.764240881411334,7.355351407313979
22,85,1,1,0,0.764240881411334,7.355351407313979
22,86,1,1,0,0.764240881411334,7.355351407313979
22,87,1,1,1,0.764240881411334,7.355351407313979
22,88,1,0,0,0.764240881411334,7.355351407313979
22,89,1,1,1,0.764240881411334,7.355351407313979
22,90,1,1,0,0.764240881411334,7.355351407313979
22,91,1,1,0,0.764240881411334,7.355351407313979
22,92,1,1,0,0.764240881411334,7.355351407313979
22,93,1,1,0,0.764240881411334,7.355351407313979
22,94,1,1,1,0.764240881411334,7.355351407313979
22,95,1,1,0,0.764240881411334,7.355351407313979
22,96,1,1,0,0.764240881411334,7.355351407313979
22,97,1,1,1,0.764240881411334,7.355351407313979
22,98,1,1,1,0.764240881411334,7.355351407313979
22,99,0,1,0,0.764240881411334,7.355351407313979
22,100,1,1,0,0.764240881411334,7.355351407313979
23,1,0,1,1,0.6884693023331391,6.299864157633908
23,2,0,1,1,0.6884693023331391,6.299864157633908
23,3,1,1,0,0.6884693023331391,6.299864157633908
23,4,1,1,1,0.6884693023331391,6.299864157633908
23,5,1,1,0,0.6884693023331391,6.299864157633908
23,6,1,1,1,0.6884693023331391,6.299864157633908
23,7,1,0,1,0.6884693023331391,6.299864157633908
23,8,0,1,1,0.6884693023331391,6.299864157633908
23,9,0,1,0,0.6884693023331391,6.299864157633908
23,10,1,1,0,0.6884693023331391,6.299864157633908
23,11,1,0,0,0.6884693023331391,6.299864157633908
23,12,1,1,1,0.6884693023331391,6.299864157633908
23,13,1,0,0,0.6884693023331391,6.299864157633908
23,14,1,0,1,0.6884693023331391,6.299864157633908
23,15,0,1,0,0.6884693023331391,6.299864157633908
23,16,1,0,1,0.6884693023331391,6.299864157633908
23,17,0,1,0,0.6884693023331391,6.299864157633908
23,18,1,0,0,0.6884693023331391,6.299864157633908
23,19,1,1,1,0.6884693023331391,6.299864157633908
23,20,1,1,0,0.6884693023331391,6.299864157633908
23,21,1,1,0,0.6884693023331391,6.299864157633908
23,22,1,1,1,0.6884693023331391,6.299864157633908
23,23,1,1,0,0.6884693023331391,6.299864157633908
23,24,1,0,1,0.6884693023331391,6.299864157633908
23,25,0,1,0,0.6884693023331391,6.299864157633908
23,26,1,1,0,0.6884693023331391,6.299864157633908
23,27,1,1,0,0.6884693023331391,6.299864157633908
23,28,1,0,0,0.6884693023331391,6.299864157633908
23,29,1,1,1,0.6884693023331391,6.299864157633908
23,30,0,1,1,0.6884693023331391,6.299864157633908
23,31,1,1,1,0.6884693023331391,6.299864157633908
23,32,1,1,0,0.6884693023331391,6.299864157633908
23,33,1,1,0,0.6884693023331391,6.299864157633908
23,34,1,1,0,0.6884693023331391,6.299864157633908
23,35,1,1,0,0.6884693023331391,6.299864157633908
23,36,1,0,1,0.6884693023331391,6.299864157633908
23,37,0,1,1,0.6884693023331391,6.299864157633908
23,38,1,1,0,0.6884693023331391,6.299864157633908
23,39,1,1,1,0.6884693023331391,6.299864157633908
23,40,1,1,0,0.6884693023331391,6.299864157633908
23,41,1,1,1,0.6884693023331391,6.299864157633908
23,42,1,1,0,0.6884693023331391,6.299864157633908
23,43,1,0,0,0.6884693023331391,6.299864157633908
23,44,1,1,0,0.6884693023331391,6.299864157633908
23,45,1,0,0,0.6884693023331391,6.299864157633908
23,46,1,1,0,0.6884693023331391,6.299864157633908
23,47,1,1,0,0.6884693023331391,6.299864157633908
23,48,1,0,1,0.6884693023331391,6.299864157633908
23,49,0,1,1,0.6884693023331391,6.299864157633908
23,50,0,1,0,0.6884693023331391,6.299864157633908
23,51,1,1,0,0.6884693023331391,6.299864157633908
23,52,1,1,0,0.6884693023331391,6.299864157633908
23,53,1,1,1,0.6884693023331391,6.299864157633908
23,54,1,1,1,0.6884693023331391,6.299864157633908
23,55,1,0,0,0.6884693023331391,6.299864157633908
23,56,1,1,0,0.6884693023331391,6.299864157633908
23,57,1,1,0,0.6884693023331391,6.299864157633908
23,58,1,1,1,0.6884693023331391,6.299864157633908
23,59,1,0,0,0.6884693023331391,6.299864157633908
23,60,1,1,0,0.6884693023331391,6.299864157633908
23,61,1,0,0,0.6884693023331391,6.299864157633908
23,62,1,1,0,0.6884693023331391,6.299864157633908
23,63,1,0,0,0.6884693023331391,6.299864157633908
23,64,1,1,0,0.6884693023331391,6.299864157633908
23,65,1,0,1,0.6884693023331391,6.299864157633908
23,66,1,0,0,0.6884693023331391,6.299864157633908
23,67,0,1,0,0.6884693023331391,6.299864157633908
23,68,1,1,1,0.6884693023331391,6.299864157633908
23,69,0,1,1,0.6884693023331391,6.299864157633908
23,70,1,1,0,0.6884693023331391,6.299864157633908
23,71,1,1,0,0.6884693023331391,6.299864157633908
23,72,1,1,1,0.6884693023331391,6.299864157633908
23,73,1,1,0,0.6884693023331391,6.299864157633908
23,74,1,1,0,0.6884693023331391,6.299864157633908
23,75,1,1,0,0.6884693023331391,6.299864157633908
23,76,1,1,0,0.6884693023331391,6.299864157633908
23,77,1,1,0,0.6884693023331391,6.299864157633908
23,78,1,1,0,0.6884693023331391,6.299864157633908
23,79,1,1,0,0.6884693023331391,6.299864157633908
23,80,1,0,1,0.6884693023331391,6.299864157633908
23,81,0,1,0,0.6884693023331391,6.299864157633908
23,82,1,1,0,0.6884693023331391,6.299864157633908
23,83,1,1,0,0.6884693023331391,6.299864157633908
23,84,1,0,0,0.6884693023331391,6.299864157633908
23,85,1,0,0,0.6884693023331391,6.299864157633908
23,86,1,1,0,0.6884693023331391,6.299864157633908
23,87,1,0,1,0.6884693023331391,6.299864157633908
23,88,0,0,0,0.6884693023331391,6.299864157633908
23,89,1,1,0,0.6884693023331391,6.299864157633908
23,90,1,0,1,0.6884693023331391,6.299864157633908
23,91,0,1,0,0.6884693023331391,6.299864157633908
23,92,1,0,1,0.6884693023331391,6.299864157633908
23,93,0,1,0,0.6884693023331391,6.299864157633908
23,94,1,1,1,0.6884693023331391,6.299864157633908
23,95,1,0,0,0.6884693023331391,6.299864157633908
23,96,0,1,0,0.6884693023331391,6.299864157633908
23,97,1,0,1,0.6884693023331391,6.299864157633908
23,98,0,1,0,0.6884693023331391,6.299864157633908
23,99,1,1,0,0.6884693023331391,6.299864157633908
23,100,1,1,1,0.6884693023331391,6.299864157633908
24,1,1,0,0,0.7170604651689646,8.142898236579342
24,2,1,1,0,0.7170604651689646,8.142898236579342
24,3,1,1,0,0.7170604651689646,8.142898236579342
24,4,1,1,1,0.7170604651689646,8.142898236579342
24,5,1,1,0,0.7170604651689646,8.142898236579342
24,6,1,1,0,0.7170604651689646,8.142898236579342
24,7,1,1,0,0.7170604651689646,8.142898236579342
24,8,1,0,0,0.7170604651689646,8.142898236579342
24,9,1,0,0,0.7170604651689646,8.142898236579342
24,10,1,0,0,0.7170604651689646,8.142898236579342
24,11,0,0,1,0.7170604651689646,8.142898236579342
24,12,0,1,1,0.7170604651689646,8.142898236579342
24,13,0,1,0,0.7170604651689646,8.142898236579342
24,14,1,1,0,0.7170604651689646,8.142898236579342
24,15,1,1,1,0.7170604651689646,8.142898236579342
24,16,1,0,1,0.7170604651689646,8.142898236579342
24,17,0,1,1,0.7170604651689646,8.142898236579342
24,18,0,0,1,0.7170604651689646,8.142898236579342
24,19,0,1,1,0.7170604651689646,8.142898236579342
24,20,0,0,0,0.7170604651689646,8.142898236579342
24,21,0,1,0,0.7170604651689646,8.142898236579342
24,22,1,1,1,0.7170604651689646,8.142898236579342
24,23,1,0,0,0.7170604651689646,8.142898236579342
24,24,1,1,0,0.7170604651689646,8.142898236579342
24,25,1,0,0,0.7170604651689646,8.142898236579342
24,26,1,1,0,0.7170604651689646,8.142898236579342
24,27,1,1,0,0.7170604651689646,8.142898236579342
24,28,1,1,0,0.7170604651689646,8.142898236579342
24,29,1,1,0,0.7170604651689646,8.142898236579342
24,30,1,1,1,0.7170604651689646,8.142898236579342
24,31,1,0,0,0.7170604651689646,8.142898236579342
24,32,1,1,0,0.7170604651689646,8.142898236579342
24,33,1,0,0,0.7170604651689646,8.142898236579342
24,34,1,1,0,0.7170604651689646,8.142898236579342
24,35,1,1,0,0.7170604651689646,8.142898236579342
24,36,1,1,0,0.7170604651689646,8.142898236579342
24,37,1,1,0,0.7170604651689646,8.142898236579342
24,38,1,1,0,0.7170604651689646,8.142898236579342
24,39,1,1,0,0.7170604651689646,8.142898236579342
24,40,1,0,1,0.7170604651689646,8.142898236579342
24,41,0,0,0,0.7170604651689646,8.142898236579342
24,42,0,1,0,0.7170604651689646,8.142898236579342
24,43,1,1,0,0.7170604651689646,8.142898236579342
24,44,1,1,1,0.7170604651689646,8.142898236579342
24,45,1,0,1,0.7170604651689646,8.142898236579342
24,46,0,1,1,0.7170604651689646,8.142898236579342
24,47,0,1,0,0.7170604651689646,8.142898236579342
24,48,1,1,0,0.7170604651689646,8.142898236579342
24,49,1,0,0,0.7170604651689646,8.142898236579342
24,50,1,1,0,0.7170604651689646,8.142898236579342
24,51,1,1,0,0.7170604651689646,8.142898236579342
24,52,1,1,0,0.7170604651689646,8.142898236579342
24,53,1,1,0,0.7170604651689646,8.142898236579342
24,54,1,1,0,0.7170604651689646,8.142898236579342
24,55,1,1,0,0.7170604651689646,8.142898236579342
24,56,1,0,1,0.7170604651689646,8.142898236579342
24,57,0,1,0,0.7170604651689646,8.142898236579342
24,58,1,1,0,0.7170604651689646,8.142898236579342
24,59,1,0,0,0.7170604651689646,8.142898236579342
24,60,0,1,0,0.7170604651689646,8.142898236579342
24,61,1,1,0,0.7170604651689646,8.142898236579342
24,62,1,1,0,0.7170604651689646,8.142898236579342
24,63,1,1,0,0.7170604651689646,8.142898236579342
24,64,1,0,0,0.7170604651689646,8.142898236579342
24,65,1,0,1,0.7170604651689646,8.142898236579342
24,66,0,0,1,0.7170604651689646,8.142898236579342
24,67,0,0,1,0.7170604651689646,8.142898236579342
24,68,0,1,1,0.7170604651689646,8.142898236579342
24,69,1,1,1,0.7170604651689646,8.142898236579342
24,70,1,0,1,0.7170604651689646,8.142898236579342
24,71,0,1,0,0.7170604651689646,8.142898236579342
24,72,1,1,1,0.7170604651689646,8.142898236579342
24,73,0,1,1,0.7170604651689646,8.142898236579342
24,74,1,1,0,0.7170604651689646,8.142898236579342
24,75,1,1,1,0.7170604651689646,8.142898236579342
24,76,1,1,0,0.7170604651689646,8.142898236579342
24,77,1,0,1,0.7170604651689646,8.142898236579342
24,78,0,1,0,0.7170604651689646,8.142898236579342
24,79,1,1,0,0.7170604651689646,8.142898236579342
24,80,1,1,0,0.7170604651689646,8.142898236579342
24,81,1,1,0,0.7170604651689646,8.142898236579342
24,82,1,1,0,0.7170604651689646,8.142898236579342
24,83,1,0,0,0.7170604651689646,8.142898236579342
24,84,1,0,0,0.7170604651689646,8.142898236579342
24,85,1,1,0,0.7170604651689646,8.142898236579342
24,86,1,1,0,0.7170604651689646,8.142898236579342
24,87,1,1,0,0.7170604651689646,8.142898236579342
24,88,1,1,1,0.7170604651689646,8.142898236579342
24,89,1,1,1,0.7170604651689646,8.142898236579342
24,90,1,1,1,0.7170604651689646,8.142898236579342
24,91,1,1,0,0.7170604651689646,8.142898236579342
24,92,1,1,0,0.7170604651689646,8.142898236579342
24,93,1,1,0,0.7170604651689646,8.142898236579342
24,94,1,1,1,0.7170604651689646,8.142898236579342
24,95,1,1,0,0.7170604651689646,8.142898236579342
24,96,1,1,1,0.7170604651689646,8.142898236579342
24,97,1,1,0,0.7170604651689646,8.142898236579342
24,98,1,1,0,0.7170604651689646,8.142898236579342
24,99,1,0,0,0.7170604651689646,8.142898236579342
24,100,0,0,0,0.7170604651689646,8.142898236579342
25,1,1,1,1,0.7360267616468712,7.802853733049298
25,2,1,1,0,0.7360267616468712,7.802853733049298
25,3,1,0,1,0.7360267616468712,7.802853733049298
25,4,0,0,1,0.7360267616468712,7.802853733049298
25,5,0,1,0,0.7360267616468712,7.802853733049298
25,6,1,1,0,0.7360267616468712,7.802853733049298
25,7,1,1,1,0.7360267616468712,7.802853733049298
25,8,0,1,0,0.7360267616468712,7.802853733049298
25,9,1,0,0,0.7360267616468712,7.802853733049298
25,10,1,1,1,0.7360267616468712,7.802853733049298
25,11,0,1,0,0.7360267616468712,7.802853733049298
25,12,1,0,1,0.7360267616468712,7.802853733049298
25,13,0,1,0,0.7360267616468712,7.802853733049298
25,14,1,1,0,0.7360267616468712,7.802853733049298
25,15,1,1,0,0.7360267616468712,7.802853733049298
25,16,1,1,0,0.7360267616468712,7.802853733049298
25,17,1,1,0,0.7360267616468712,7.802853733049298
25,18,1,0,0,0.7360267616468712,7.802853733049298
25,19,1,1,0,0.7360267616468712,7.802853733049298
25,20,1,1,0,0.7360267616468712,7.802853733049298
25,21,1,1,0,0.7360267616468712,7.802853733049298
25,22,1,1,0,0.7360267616468712,7.802853733049298
25,23,1,0,0,0.7360267616468712,7.802853733049298
25,24,1,1,0,0.7360267616468712,7.802853733049298
25,25,1,0,1,0.7360267616468712,7.802853733049298
25,26,0,0,0,0.7360267616468712,7.802853733049298
25,27,0,1,0,0.7360267616468712,7.802853733049298
25,28,1,1,0,0.7360267616468712,7.802853733049298
25,29,1,0,0,0.7360267616468712,7.802853733049298
25,30,1,1,1,0.7360267616468712,7.802853733049298
25,31,1,1,1,0.7360267616468712,7.802853733049298
25,32,1,1,0,0.7360267616468712,7.802853733049298
25,33,1,1,0,0.7360267616468712,7.802853733049298
25,34,1,1,0,0.7360267616468712,7.802853733049298
25,35,1,1,0,0.7360267616468712,7.802853733049298
25,36,1,0,0,0.7360267616468712,7.802853733049298
25,37,1,1,0,0.7360267616468712,7.802853733049298
25,38,1,0,1,0.7360267616468712,7.802853733049298
25,39,0,1,0,0.7360267616468712,7.802853733049298
25,40,1,0,1,0.7360267616468712,7.802853733049298
25,41,0,0,0,0.7360267616468712,7.802853733049298
25,42,1,1,0,0.7360267616468712,7.802853733049298
25,43,1,0,0,0.7360267616468712,7.802853733049298
25,44,1,1,0,0.7360267616468712,7.802853733049298
25,45,1,1,0,0.7360267616468712,7.802853733049298
25,46,1,1,0,0.7360267616468712,7.802853733049298
25,47,1,1,0,0.7360267616468712,7.802853733049298
25,48,1,1,1,0.7360267616468712,7.802853733049298
25,49,1,0,0,0.7360267616468712,7.802853733049298
25,50,1,0,1,0.7360267616468712,7.802853733049298
25,51,0,1,0,0.7360267616468712,7.802853733049298
25,52,1,1,0,0.7360267616468712,7.802853733049298
25,53,1,1,0,0.7360267616468712,7.802853733049298
25,54,1,0,1,0.7360267616468712,7.802853733049298
25,55,0,1,0,0.7360267616468712,7.802853733049298
25,56,1,1,1,0.7360267616468712,7.802853733049298
25,57,1,1,0,0.7360267616468712,7.802853733049298
25,58,1,1,0,0.7360267616468712,7.802853733049298
25,59,1,1,1,0.7360267616468712,7.802853733049298
25,60,1,1,1,0.7360267616468712,7.802853733049298
25,61,0,1,1,0.7360267616468712,7.802853733049298
25,62,1,1,0,0.7360267616468712,7.802853733049298
25,63,1,1,0,0.7360267616468712,7.802853733049298
25,64,1,0,1,0.7360267616468712,7.802853733049298
25,65,0,1,0,0.7360267616468712,7.802853733049298
25,66,1,1,0,0.7360267616468712,7.802853733049298
25,67,1,1,0,0.7360267616468712,7.802853733049298
25,68,1,1,0,0.7360267616468712,7.802853733049298
25,69,1,1,1,0.7360267616468712,7.802853733049298
25,70,1,1,0,0.7360267616468712,7.802853733049298
25,71,1,1,0,0.7360267616468712,7.802853733049298
25,72,1,0,0,0.7360267616468712,7.802853733049298
25,73,1,1,1,0.7360267616468712,7.802853733049298
25,74,1,1,1,0.7360267616468712,7.802853733049298
25,75,1,1,0,0.7360267616468712,7.802853733049298
25,76,1,1,0,0.7360267616468712,7.802853733049298
25,77,1,0,0,0.7360267616468712,7.802853733049298
25,78,0,1,1,0.7360267616468712,7.802853733049298
25,79,1,0,0,0.7360267616468712,7.802853733049298
25,80,1,1,0,0.7360267616468712,7.802853733049298
25,81,1,0,1,0.7360267616468712,7.802853733049298
25,82,0,0,1,0.7360267616468712,7.802853733049298
25,83,0,1,0,0.7360267616468712,7.802853733049298
25,84,1,1,1,0.7360267616468712,7.802853733049298
25,85,1,1,0,0.7360267616468712,7.802853733049298
25,86,1,0,1,0.7360267616468712,7.802853733049298
25,87,0,1,0,0.7360267616468712,7.802853733049298
25,88,1,1,0,0.7360267616468712,7.802853733049298
25,89,1,1,1,0.7360267616468712,7.802853733049298
25,90,1,1,0,0.7360267616468712,7.802853733049298
25,91,1,1,0,0.7360267616468712,7.802853733049298
25,92,1,1,0,0.7360267616468712,7.802853733049298
25,93,1,0,0,0.7360267616468712,7.802853733049298
25,94,1,1,0,0.7360267616468712,7.802853733049298
25,95,1,1,0,0.7360267616468712,7.802853733049298
25,96,1,1,1,0.7360267616468712,7.802853733049298
25,97,1,1,1,0.7360267616468712,7.802853733049298
25,98,1,1,1,0.7360267616468712,7.802853733049298
25,99,0,1,0,0.7360267616468712,7.802853733049298
25,100,1,1,0,0.7360267616468712,7.802853733049298
26,1,0,1,0,0.7652630124695013,8.013841286698787
26,2,1,1,0,0.7652630124695013,8.013841286698787
26,3,1,0,1,0.7652630124695013,8.013841286698787
26,4,0,1,0,0.7652630124695013,8.013841286698787
26,5,1,0,0,0.7652630124695013,8.013841286698787
26,6,1,0,1,0.7652630124695013,8.013841286698787
26,7,0,0,0,0.7652630124695013,8.013841286698787
26,8,0,1,1,0.7652630124695013,8.013841286698787
26,9,1,1,0,0.7652630124695013,8.013841286698787
26,10,1,1,1,0.7652630124695013,8.013841286698787
26,11,1,0,0,0.7652630124695013,8.013841286698787
26,12,1,1,1,0.7652630124695013,8.013841286698787
26,13,0,1,0,0.7652630124695013,8.013841286698787
26,14,1,0,1,0.7652630124695013,8.013841286698787
26,15,0,0,0,0.7652630124695013,8.013841286698787
26,16,0,1,0,0.7652630124695013,8.013841286698787
26,17,0,0,0,0.7652630124695013,8.013841286698787
26,18,1,0,1,0.7652630124695013,8.013841286698787
26,19,0,1,0,0.7652630124695013,8.013841286698787
26,20,1,0,1,0.7652630124695013,8.013841286698787
26,21,0,1,0,0.7652630124695013,8.013841286698787
26,22,1,1,0,0.7652630124695013,8.013841286698787
26,23,1,0,0,0.7652630124695013,8.013841286698787
26,24,1,1,0,0.7652630124695013,8.013841286698787
26,25,1,1,1,0.7652630124695013,8.013841286698787
26,26,0,1,1,0.7652630124695013,8.013841286698787
26,27,1,0,1,0.7652630124695013,8.013841286698787
26,28,0,1,0,0.7652630124695013,8.013841286698787
26,29,1,0,0,0.7652630124695013,8.013841286698787
26,30,1,1,1,0.7652630124695013,8.013841286698787
26,31,1,0,0,0.7652630124695013,8.013841286698787
26,32,1,1,0,0.7652630124695013,8.013841286698787
26,33,1,0,1,0.7652630124695013,8.013841286698787
26,34,0,1,0,0.7652630124695013,8.013841286698787
26,35,1,0,1,0.7652630124695013,8.013841286698787
26,36,0,1,0,0.7652630124695013,8.013841286698787
26,37,1,0,0,0.7652630124695013,8.013841286698787
26,38,0,1,0,0.7652630124695013,8.013841286698787
26,39,1,1,0,0.7652630124695013,8.013841286698787
26,40,1,0,0,0.7652630124695013,8.013841286698787
26,41,0,1,0,0.7652630124695013,8.013841286698787
26,42,1,1,1,0.7652630124695013,8.013841286698787
26,43,0,0,1,0.7652630124695013,8.013841286698787
26,44,0,1,1,0.7652630124695013,8.013841286698787
26,45,0,0,0,0.7652630124695013,8.013841286698787
26,46,1,1,0,0.7652630124695013,8.013841286698787
26,47,1,1,0,0.7652630124695013,8.013841286698787
26,48,1,1,0,0.7652630124695013,8.013841286698787
26,49,1,0,0,0.7652630124695013,8.013841286698787
26,50,1,1,0,0.7652630124695013,8.013841286698787
26,51,1,1,0,0.7652630124695013,8.013841286698787
26,52,1,1,0,0.7652630124695013,8.013841286698787
26,53,1,1,0,0.7652630124695013,8.013841286698787
26,54,1,1,0,0.7652630124695013,8.013841286698787
26,55,1,1,0,0.7652630124695013,8.013841286698787
26,56,1,0,0,0.7652630124695013,8.013841286698787
26,57,1,0,0,0.7652630124695013,8.013841286698787
26,58,1,0,0,0.7652630124695013,8.013841286698787
26,59,1,1,0,0.7652630124695013,8.013841286698787
26,60,1,1,0,0.7652630124695013,8.013841286698787
26,61,1,1,1,0.7652630124695013,8.013841286698787
26,62,1,0,0,0.7652630124695013,8.013841286698787
26,63,1,1,0,0.7652630124695013,8.013841286698787
26,64,1,0,1,0.7652630124695013,8.013841286698787
26,65,0,1,0,0.7652630124695013,8.013841286698787
26,66,1,1,1,0.7652630124695013,8.013841286698787
26,67,0,1,1,0.7652630124695013,8.013841286698787
26,68,0,1,1,0.7652630124695013,8.013841286698787
26,69,1,1,0,0.7652630124695013,8.013841286698787
26,70,1,1,1,0.7652630124695013,8.013841286698787
26,71,1,1,0,0.7652630124695013,8.013841286698787
26,72,1,0,0,0.7652630124695013,8.013841286698787
26,73,0,1,0,0.7652630124695013,8.013841286698787
26,74,1,1,1,0.7652630124695013,8.013841286698787
26,75,1,1,0,0.7652630124695013,8.013841286698787
26,76,1,1,1,0.7652630124695013,8.013841286698787
26,77,1,1,0,0.7652630124695013,8.013841286698787
26,78,1,1,1,0.7652630124695013,8.013841286698787
26,79,1,0,0,0.7652630124695013,8.013841286698787
26,80,1,0,0,0.7652630124695013,8.013841286698787
26,81,1,1,0,0.7652630124695013,8.013841286698787
26,82,1,1,1,0.7652630124695013,8.013841286698787
26,83,1,1,0,0.7652630124695013,8.013841286698787
26,84,1,1,0,0.7652630124695013,8.013841286698787
26,85,1,1,1,0.7652630124695013,8.013841286698787
26,86,1,0,0,0.7652630124695013,8.013841286698787
26,87,1,1,1,0.7652630124695013,8.013841286698787
26,88,1,1,0,0.7652630124695013,8.013841286698787
26,89,1,1,1,0.7652630124695013,8.013841286698787
26,90,1,1,0,0.7652630124695013,8.013841286698787
26,91,1,1,1,0.7652630124695013,8.013841286698787
26,92,1,0,0,0.7652630124695013,8.013841286698787
26,93,0,1,1,0.7652630124695013,8.013841286698787
26,94,0,1,0,0.7652630124695013,8.013841286698787
26,95,1,1,0,0.7652630124695013,8.013841286698787
26,96,1,0,0,0.7652630124695013,8.013841286698787
26,97,0,1,0,0.7652630124695013,8.013841286698787
26,98,1,1,0,0.7652630124695013,8.013841286698787
26,99,1,1,0,0.7652630124695013,8.013841286698787
26,100,1,1,1,0.7652630124695013,8.013841286698787
27,1,0,0,0,0.6743718783966433,7.450341635321335
27,2,0,0,1,0.6743718783966433,7.450341635321335
27,3,0,1,0,0.6743718783966433,7.450341635321335
27,4,1,0,0,0.6743718783966433,7.450341635321335
27,5,1,1,0,0.6743718783966433,7.450341635321335
27,6,1,1,0,0.6743718783966433,7.450341635321335
27,7,1,1,0,0.6743718783966433,7.450341635321335
27,8,1,1,1,0.6743718783966433,7.450341635321335
27,9,0,0,0,0.6743718783966433,7.450341635321335
27,10,1,1,1,0.6743718783966433,7.450341635321335
27,11,1,1,0,0.6743718783966433,7.450341635321335
27,12,1,0,0,0.6743718783966433,7.450341635321335
27,13,1,0,0,0.6743718783966433,7.450341635321335
27,14,1,1,0,0.6743718783966433,7.450341635321335
27,15,1,1,1,0.6743718783966433,7.450341635321335
27,16,1,1,0,0.6743718783966433,7.450341635321335
27,17,1,1,1,0.6743718783966433,7.450341635321335
27,18,1,1,1,0.6743718783966433,7.450341635321335
27,19,1,1,1,0.6743718783966433,7.450341635321335
27,20,1,1,1,0.6743718783966433,7.450341635321335
27,21,0,0,1,0.6743718783966433,7.450341635321335
27,22,0,0,0,0.6743718783966433,7.450341635321335
27,23,0,1,1,0.6743718783966433,7.450341635321335
27,24,0,0,0,0.6743718783966433,7.450341635321335
27,25,0,1,0,0.6743718783966433,7.450341635321335
27,26,1,1,0,0.6743718783966433,7.450341635321335
27,27,1,1,0,0.6743718783966433,7.450341635321335
27,28,1,1,0,0.6743718783966433,7.450341635321335
27,29,1,1,0,0.6743718783966433,7.450341635321335
27,30,1,1,0,0.6743718783966433,7.450341635321335
27,31,1,1,1,0.6743718783966433,7.450341635321335
27,32,1,1,1,0.6743718783966433,7.450341635321335
27,33,1,1,1,0.6743718783966433,7.450341635321335
27,34,1,0,0,0.6743718783966433,7.450341635321335
27,35,1,1,0,0.6743718783966433,7.450341635321335
27,36,1,1,0,0.6743718783966433,7.450341635321335
27,37,1,0,0,0.6743718783966433,7.450341635321335
27,38,1,1,1,0.6743718783966433,7.450341635321335
27,39,1,1,0,0.6743718783966433,7.450341635321335
27,40,1,1,0,0.6743718783966433,7.450341635321335
27,41,1,0,1,0.6743718783966433,7.450341635321335
27,42,1,0,0,0.6743718783966433,7.450341635321335
27,43,0,0,1,0.6743718783966433,7.450341635321335
27,44,0,0,0,0.6743718783966433,7.450341635321335
27,45,1,0,0,0.6743718783966433,7.450341635321335
27,46,1,1,1,0.6743718783966433,7.450341635321335
27,47,0,0,0,0.6743718783966433,7.450341635321335
27,48,0,1,0,0.6743718783966433,7.450341635321335
27,49,1,0,0,0.6743718783966433,7.450341635321335
27,50,0,1,0,0.6743718783966433,7.450341635321335
27,51,1,0,0,0.6743718783966433,7.450341635321335
27,52,1,0,0,0.6743718783966433,7.450341635321335
27,53,0,0,0,0.6743718783966433,7.450341635321335
27,54,1,1,0,0.6743718783966433,7.450341635321335
27,55,1,0,0,0.6743718783966433,7.450341635321335
27,56,1,1,0,0.6743718783966433,7.450341635321335
27,57,1,1,0,0.6743718783966433,7.450341635321335
27,58,1,1,1,0.6743718783966433,7.450341635321335
27,59,0,1,0,0.6743718783966433,7.450341635321335
27,60,1,1,0,0.6743718783966433,7.450341635321335
27,61,1,0,0,0.6743718783966433,7.450341635321335
27,62,1,1,1,0.6743718783966433,7.450341635321335
27,63,1,1,1,0.6743718783966433,7.450341635321335
27,64,1,0,0,0.6743718783966433,7.450341635321335
27,65,0,0,0,0.6743718783966433,7.450341635321335
27,66,0,1,1,0.6743718783966433,7.450341635321335
27,67,0,0,1,0.6743718783966433,7.450341635321335
27,68,0,1,0,0.6743718783966433,7.450341635321335
27,69,1,0,0,0.6743718783966433,7.450341635321335
27,70,1,1,1,0.6743718783966433,7.450341635321335
27,71,0,1,0,0.6743718783966433,7.450341635321335
27,72,1,1,1,0.6743718783966433,7.450341635321335
27,73,1,1,0,0.6743718783966433,7.450341635321335
27,74,1,0,0,0.6743718783966433,7.450341635321335
27,75,1,1,1,0.6743718783966433,7.450341635321335
27,76,0,1,0,0.6743718783966433,7.450341635321335
27,77,1,1,0,0.6743718783966433,7.450341635321335
27,78,1,0,0,0.6743718783966433,7.450341635321335
27,79,1,1,0,0.6743718783966433,7.450341635321335
27,80,1,1,1,0.6743718783966433,7.450341635321335
27,81,1,0,0,0.6743718783966433,7.450341635321335
27,82,1,1,1,0.6743718783966433,7.450341635321335
27,83,1,1,1,0.6743718783966433,7.450341635321335
27,84,0,1,0,0.6743718783966433,7.450341635321335
27,85,1,0,0,0.6743718783966433,7.450341635321335
27,86,1,1,0,0.6743718783966433,7.450341635321335
27,87,1,0,0,0.6743718783966433,7.450341635321335
27,88,0,1,0,0.6743718783966433,7.450341635321335
27,89,1,0,0,0.6743718783966433,7.450341635321335
27,90,1,0,0,0.6743718783966433,7.450341635321335
27,91,0,1,0,0.6743718783966433,7.450341635321335
27,92,1,1,0,0.6743718783966433,7.450341635321335
27,93,1,0,1,0.6743718783966433,7.450341635321335
27,94,0,1,0,0.6743718783966433,7.450341635321335
27,95,1,1,1,0.6743718783966433,7.450341635321335
27,96,1,1,0,0.6743718783966433,7.450341635321335
27,97,1,1,0,0.6743718783966433,7.450341635321335
27,98,1,1,0,0.6743718783966433,7.450341635321335
27,99,1,1,0,0.6743718783966433,7.450341635321335
27,100,1,1,1,0.6743718783966433,7.450341635321335
28,1,1,1,0,0.6871741820284303,8.92090129874407
28,2,1,1,0,0.6871741820284303,8.92090129874407
28,3,1,1,0,0.6871741820284303,8.92090129874407
28,4,1,1,1,0.6871741820284303,8.92090129874407
28,5,1,1,1,0.6871741820284303,8.92090129874407
28,6,1,1,0,0.6871741820284303,8.92090129874407
28,7,1,0,0,0.6871741820284303,8.92090129874407
28,8,1,1,0,0.6871741820284303,8.92090129874407
28,9,1,0,0,0.6871741820284303,8.92090129874407
28,10,1,1,1,0.6871741820284303,8.92090129874407
28,11,1,1,0,0.6871741820284303,8.92090129874407
28,12,1,1,1,0.6871741820284303,8.92090129874407
28,13,1,0,1,0.6871741820284303,8.92090129874407
28,14,0,1,0,0.6871741820284303,8.92090129874407
28,15,1,1,0,0.6871741820284303,8.92090129874407
28,16,1,1,0,0.6871741820284303,8.92090129874407
28,17,1,1,0,0.6871741820284303,8.92090129874407
28,18,1,1,1,0.6871741820284303,8.92090129874407
28,19,1,0,0,0.6871741820284303,8.92090129874407
28,20,1,1,0,0.6871741820284303,8.92090129874407
28,21,1,1,0,0.6871741820284303,8.92090129874407
28,22,1,1,1,0.6871741820284303,8.92090129874407
28,23,1,0,0,0.6871741820284303,8.92090129874407
28,24,1,1,0,0.6871741820284303,8.92090129874407
28,25,1,1,0,0.6871741820284303,8.92090129874407
28,26,1,0,0,0.6871741820284303,8.92090129874407
28,27,1,1,1,0.6871741820284303,8.92090129874407
28,28,1,1,0,0.6871741820284303,8.92090129874407
28,29,1,0,1,0.6871741820284303,8.92090129874407
28,30,0,0,0,0.6871741820284303,8.92090129874407
28,31,0,1,0,0.6871741820284303,8.92090129874407
28,32,1,1,0,0.6871741820284303,8.92090129874407
28,33,1,0,0,0.6871741820284303,8.92090129874407
28,34,1,0,0,0.6871741820284303,8.92090129874407
28,35,0,1,0,0.6871741820284303,8.92090129874407
28,36,1,0,1,0.6871741820284303,8.92090129874407
28,37,0,0,1,0.6871741820284303,8.92090129874407
28,38,0,0,0,0.6871741820284303,8.92090129874407
28,39,0,1,1,0.6871741820284303,8.92090129874407
28,40,1,1,0,0.6871741820284303,8.92090129874407
28,41,1,0,1,0.6871741820284303,8.92090129874407
28,42,0,1,0,0.6871741820284303,8.92090129874407
28,43,1,1,0,0.6871741820284303,8.92090129874407
28,44,1,1,1,0.6871741820284303,8.92090129874407
28,45,1,1,1,0.6871741820284303,8.92090129874407
28,46,0,1,0,0.6871741820284303,8.92090129874407
28,47,1,1,0,0.6871741820284303,8.92090129874407
28,48,1,1,0,0.6871741820284303,8.92090129874407
28,49,1,1,0,0.6871741820284303,8.92090129874407
28,50,1,0,0,0.6871741820284303,8.92090129874407
28,51,1,1,0,0.6871741820284303,8.92090129874407
28,52,1,0,0,0.6871741820284303,8.92090129874407
28,53,1,1,0,0.6871741820284303,8.92090129874407
28,54,1,0,1,0.6871741820284303,8.92090129874407
28,55,0,1,0,0.6871741820284303,8.92090129874407
28,56,1,1,1,0.6871741820284303,8.92090129874407
28,57,0,1,0,0.6871741820284303,8.92090129874407
28,58,1,0,0,0.6871741820284303,8.92090129874407
28,59,1,1,0,0.6871741820284303,8.92090129874407
28,60,1,1,0,0.6871741820284303,8.92090129874407
28,61,1,1,0,0.6871741820284303,8.92090129874407
28,62,1,1,0,0.6871741820284303,8.92090129874407
28,63,1,1,1,0.6871741820284303,8.92090129874407
28,64,1,1,0,0.6871741820284303,8.92090129874407
28,65,1,1,1,0.6871741820284303,8.92090129874407
28,66,1,0,0,0.6871741820284303,8.92090129874407
28,67,1,0,0,0.6871741820284303,8.92090129874407
28,68,1,0,0,0.6871741820284303,8.92090129874407
28,69,1,0,0,0.6871741820284303,8.92090129874407
28,70,1,1,1,0.6871741820284303,8.92090129874407
28,71,1,0,0,0.6871741820284303,8.92090129874407
28,72,1,1,0,0.6871741820284303,8.92090129874407
28,73,1,1,0,0.6871741820284303,8.92090129874407
28,74,1,0,1,0.6871741820284303,8.92090129874407
28,75,0,1,0,0.6871741820284303,8.92090129874407
28,76,1,1,0,0.6871741820284303,8.92090129874407
28,77,1,1,1,0.6871741820284303,8.92090129874407
28,78,1,1,0,0.6871741820284303,8.92090129874407
28,79,1,1,0,0.6871741820284303,8.92090129874407
28,80,1,1,0,0.6871741820284303,8.92090129874407
28,81,1,0,1,0.6871741820284303,8.92090129874407
28,82,0,1,0,0.6871741820284303,8.92090129874407
28,83,1,0,1,0.6871741820284303,8.92090129874407
28,84,0,1,1,0.6871741820284303,8.92090129874407
28,85,1,1,0,0.6871741820284303,8.92090129874407
28,86,1,1,0,0.6871741820284303,8.92090129874407
28,87,1,0,1,0.6871741820284303,8.92090129874407
28,88,0,1,0,0.6871741820284303,8.92090129874407
28,89,1,0,0,0.6871741820284303,8.92090129874407
28,90,0,1,0,0.6871741820284303,8.92090129874407
28,91,1,1,1,0.6871741820284303,8.92090129874407
28,92,1,1,0,0.6871741820284303,8.92090129874407
28,93,1,1,1,0.6871741820284303,8.92090129874407
28,94,1,1,1,0.6871741820284303,8.92090129874407
28,95,0,1,1,0.6871741820284303,8.92090129874407
28,96,1,1,0,0.6871741820284303,8.92090129874407
28,97,1,1,0,0.6871741820284303,8.92090129874407
28,98,1,1,1,0.6871741820284303,8.92090129874407
28,99,0,1,0,0.6871741820284303,8.92090129874407
28,100,1,1,0,0.6871741820284303,8.92090129874407
29,1,1,1,1,0.78565776091877,8.677868129428406
29,2,1,1,1,0.78565776091877,8.677868129428406
29,3,1,1,0,0.78565776091877,8.677868129428406
29,4,1,1,0,0.78565776091877,8.677868129428406
29,5,1,0,0,0.78565776091877,8.677868129428406
29,6,1,1,0,0.78565776091877,8.677868129428406
29,7,1,1,0,0.78565776091877,8.677868129428406
29,8,1,1,0,0.78565776091877,8.677868129428406
29,9,1,1,1,0.78565776091877,8.677868129428406
29,10,1,0,0,0.78565776091877,8.677868129428406
29,11,0,0,0,0.78565776091877,8.677868129428406
29,12,0,1,1,0.78565776091877,8.677868129428406
29,13,0,1,0,0.78565776091877,8.677868129428406
29,14,1,1,0,0.78565776091877,8.677868129428406
29,15,1,0,0,0.78565776091877,8.677868129428406
29,16,1,1,0,0.78565776091877,8.677868129428406
29,17,1,1,1,0.78565776091877,8.677868129428406
29,18,0,1,0,0.78565776091877,8.677868129428406
29,19,1,0,0,0.78565776091877,8.677868129428406
29,20,1,0,0,0.78565776091877,8.677868129428406
29,21,1,1,0,0.78565776091877,8.677868129428406
29,22,1,0,0,0.78565776091877,8.677868129428406
29,23,1,0,1,0.78565776091877,8.677868129428406
29,24,0,0,0,0.78565776091877,8.677868129428406
29,25,0,1,0,0.78565776091877,8.677868129428406
29,26,1,0,0,0.78565776091877,8.677868129428406
29,27,1,0,0,0.78565776091877,8.677868129428406
29,28,1,1,0,0.78565776091877,8.677868129428406
29,29,1,0,0,0.78565776091877,8.677868129428406
29,30,1,0,0,0.78565776091877,8.677868129428406
29,31,0,1,0,0.78565776091877,8.677868129428406
29,32,1,0,1,0.78565776091877,8.677868129428406
29,33,0,1,0,0.78565776091877,8.677868129428406
29,34,1,1,1,0.78565776091877,8.677868129428406
29,35,1,1,1,0.78565776091877,8.677868129428406
29,36,1,1,0,0.78565776091877,8.677868129428406
29,37,1,1,0,0.78565776091877,8.677868129428406
29,38,1,1,1,0.78565776091877,8.677868129428406
29,39,1,1,1,0.78565776091877,8.677868129428406
29,40,1,1,0,0.78565776091877,8.677868129428406
29,41,1,1,0,0.78565776091877,8.677868129428406
29,42,1,1,0,0.78565776091877,8.677868129428406
29,43,1,1,0,0.78565776091877,8.677868129428406
29,44,1,1,0,0.78565776091877,8.677868129428406
29,45,1,1,1,0.78565776091877,8.677868129428406
29,46,1,1,1,0.78565776091877,8.677868129428406
29,47,0,1,0,0.78565776091877,8.677868129428406
29,48,1,1,0,0.78565776091877,8.677868129428406
29,49,1,0,0,0.78565776091877,8.677868129428406
29,50,1,1,1,0.78565776091877,8.677868129428406
29,51,1,1,0,0.78565776091877,8.677868129428406
29,52,1,1,0,0.78565776091877,8.677868129428406
29,53,1,1,0,0.78565776091877,8.677868129428406
29,54,1,1,1,0.78565776091877,8.677868129428406
29,55,0,1,0,0.78565776091877,8.677868129428406
29,56,1,1,0,0.78565776091877,8.677868129428406
29,57,1,0,0,0.78565776091877,8.677868129428406
29,58,0,1,0,0.78565776091877,8.677868129428406
29,59,1,1,0,0.78565776091877,8.677868129428406
29,60,1,1,0,0.78565776091877,8.677868129428406
29,61,1,1,0,0.78565776091877,8.677868129428406
29,62,1,1,0,0.78565776091877,8.677868129428406
29,63,1,1,0,0.78565776091877,8.677868129428406
29,64,1,1,0,0.78565776091877,8.677868129428406
29,65,1,0,1,0.78565776091877,8.677868129428406
29,66,0,1,0,0.78565776091877,8.677868129428406
29,67,1,1,0,0.78565776091877,8.677868129428406
29,68,1,1,0,0.78565776091877,8.677868129428406
29,69,1,0,0,0.78565776091877,8.677868129428406
29,70,1,1,0,0.78565776091877,8.677868129428406
29,71,1,0,0,0.78565776091877,8.677868129428406
29,72,1,0,0,0.78565776091877,8.677868129428406
29,73,1,0,1,0.78565776091877,8.677868129428406
29,74,0,0,0,0.78565776091877,8.677868129428406
29,75,0,1,1,0.78565776091877,8.677868129428406
29,76,1,1,0,0.78565776091877,8.677868129428406
29,77,1,1,0,0.78565776091877,8.677868129428406
29,78,1,1,0,0.78565776091877,8.677868129428406
29,79,1,1,1,0.78565776091877,8.677868129428406
29,80,1,1,0,0.78565776091877,8.677868129428406
29,81,1,1,0,0.78565776091877,8.677868129428406
29,82,1,1,0,0.78565776091877,8.677868129428406
29,83,1,1,0,0.78565776091877,8.677868129428406
29,84,1,1,0,0.78565776091877,8.677868129428406
29,85,1,1,1,0.78565776091877,8.677868129428406
29,86,1,1,0,0.78565776091877,8.677868129428406
29,87,1,1,0,0.78565776091877,8.677868129428406
29,88,1,0,0,0.78565776091877,8.677868129428406
29,89,1,0,0,0.78565776091877,8.677868129428406
29,90,0,0,0,0.78565776091877,8.677868129428406
29,91,1,1,0,0.78565776091877,8.677868129428406
29,92,1,1,0,0.78565776091877,8.677868129428406
29,93,1,1,0,0.78565776091877,8.677868129428406
29,94,1,0,0,0.78565776091877,8.677868129428406
29,95,1,1,0,0.78565776091877,8.677868129428406
29,96,1,1,0,0.78565776091877,8.677868129428406
29,97,1,0,1,0.78565776091877,8.677868129428406
29,98,0,0,0,0.78565776091877,8.677868129428406
29,99,1,0,0,0.78565776091877,8.677868129428406
29,100,0,1,0,0.78565776091877,8.677868129428406
30,1,1,1,0,0.6177605020692263,6.579099634348837
30,2,1,1,0,0.6177605020692263,6.579099634348837
30,3,1,0,0,0.6177605020692263,6.579099634348837
30,4,1,1,1,0.6177605020692263,6.579099634348837
30,5,1,0,0,0.6177605020692263,6.579099634348837
30,6,1,1,1,0.6177605020692263,6.579099634348837
30,7,0,1,0,0.6177605020692263,6.579099634348837
30,8,1,0,0,0.6177605020692263,6.579099634348837
30,9,1,1,0,0.6177605020692263,6.579099634348837
30,10,1,1,1,0.6177605020692263,6.579099634348837
30,11,0,0,0,0.6177605020692263,6.579099634348837
30,12,0,1,0,0.6177605020692263,6.579099634348837
30,13,1,1,0,0.6177605020692263,6.579099634348837
30,14,1,1,0,0.6177605020692263,6.579099634348837
30,15,1,1,1,0.6177605020692263,6.579099634348837
30,16,1,1,1,0.6177605020692263,6.579099634348837
30,17,0,0,1,0.6177605020692263,6.579099634348837
30,18,1,1,1,0.6177605020692263,6.579099634348837
30,19,1,1,1,0.6177605020692263,6.579099634348837
30,20,1,0,1,0.6177605020692263,6.579099634348837
30,21,0,1,0,0.6177605020692263,6.579099634348837
30,22,1,0,1,0.6177605020692263,6.579099634348837
30,23,0,0,0,0.6177605020692263,6.579099634348837
30,24,1,1,0,0.6177605020692263,6.579099634348837
30,25,1,1,0,0.6177605020692263,6.579099634348837
30,26,1,1,1,0.6177605020692263,6.579099634348837
30,27,1,1,0,0.6177605020692263,6.579099634348837
30,28,1,1,0,0.6177605020692263,6.579099634348837
30,29,1,1,1,0.6177605020692263,6.579099634348837
30,30,1,0,1,0.6177605020692263,6.579099634348837
30,31,0,1,0,0.6177605020692263,6.579099634348837
30,32,1,1,0,0.6177605020692263,6.579099634348837
30,33,1,0,0,0.6177605020692263,6.579099634348837
30,34,1,1,0,0.6177605020692263,6.579099634348837
30,35,1,1,0,0.6177605020692263,6.579099634348837
30,36,1,1,0,0.6177605020692263,6.579099634348837
30,37,1,1,0,0.6177605020692263,6.579099634348837
30,38,1,1,1,0.6177605020692263,6.579099634348837
30,39,1,1,1,0.6177605020692263,6.579099634348837
30,40,1,1,0,0.6177605020692263,6.579099634348837
30,41,1,0,0,0.6177605020692263,6.579099634348837
30,42,1,1,0,0.6177605020692263,6.579099634348837
30,43,1,1,1,0.6177605020692263,6.579099634348837
30,44,1,0,1,0.6177605020692263,6.579099634348837
30,45,0,1,0,0.6177605020692263,6.579099634348837
30,46,1,1,0,0.6177605020692263,6.579099634348837
30,47,1,1,0,0.6177605020692263,6.579099634348837
30,48,1,0,0,0.6177605020692263,6.579099634348837
30,49,0,1,0,0.6177605020692263,6.579099634348837
30,50,1,1,0,0.6177605020692263,6.579099634348837
30,51,1,1,0,0.6177605020692263,6.579099634348837
30,52,1,1,0,0.6177605020692263,6.579099634348837
30,53,1,1,1,0.6177605020692263,6.579099634348837
30,54,1,1,1,0.6177605020692263,6.579099634348837
30,55,1,1,0,0.6177605020692263,6.579099634348837
30,56,1,0,1,0.6177605020692263,6.579099634348837
30,57,0,1,0,0.6177605020692263,6.579099634348837
30,58,1,1,1,0.6177605020692263,6.579099634348837
30,59,0,0,0,0.6177605020692263,6.579099634348837
30,60,1,1,1,0.6177605020692263,6.579099634348837
30,61,1,1,0,0.6177605020692263,6.579099634348837
30,62,1,0,0,0.6177605020692263,6.579099634348837
30,63,1,0,0,0.6177605020692263,6.579099634348837
30,64,1,1,0,0.6177605020692263,6.579099634348837
30,65,1,0,0,0.6177605020692263,6.579099634348837
30,66,1,1,0,0.6177605020692263,6.579099634348837
30,67,1,1,0,0.6177605020692263,6.579099634348837
30,68,1,0,0,0.6177605020692263,6.579099634348837
30,69,1,1,0,0.6177605020692263,6.579099634348837
30,70,1,0,0,0.6177605020692263,6.579099634348837
30,71,1,1,1,0.6177605020692263,6.579099634348837
30,72,1,1,0,0.6177605020692263,6.579099634348837
30,73,1,0,1,0.6177605020692263,6.579099634348837
30,74,0,1,0,0.6177605020692263,6.579099634348837
30,75,1,0,0,0.6177605020692263,6.579099634348837
30,76,1,1,1,0.6177605020692263,6.579099634348837
30,77,1,1,1,0.6177605020692263,6.579099634348837
30,78,1,1,0,0.6177605020692263,6.579099634348837
30,79,1,0,1,0.6177605020692263,6.579099634348837
30,80,0,0,0,0.6177605020692263,6.579099634348837
30,81,1,1,0,0.6177605020692263,6.579099634348837
30,82,1,1,1,0.6177605020692263,6.579099634348837
30,83,1,1,0,0.6177605020692263,6.579099634348837
30,84,1,1,0,0.6177605020692263,6.579099634348837
30,85,1,1,1,0.6177605020692263,6.579099634348837
30,86,1,1,0,0.6177605020692263,6.579099634348837
30,87,1,0,0,0.6177605020692263,6.579099634348837
30,88,0,0,0,0.6177605020692263,6.579099634348837
30,89,0,1,1,0.6177605020692263,6.579099634348837
30,90,0,1,0,0.6177605020692263,6.579099634348837
30,91,1,0,0,0.6177605020692263,6.579099634348837
30,92,0,1,0,0.6177605020692263,6.579099634348837
30,93,1,1,0,0.6177605020692263,6.579099634348837
30,94,1,1,0,0.6177605020692263,6.579099634348837
30,95,1,1,0,0.6177605020692263,6.579099634348837
30,96,1,1,0,0.6177605020692263,6.579099634348837
30,97,1,1,0,0.6177605020692263,6.579099634348837
30,98,1,0,1,0.6177605020692263,6.579099634348837
30,99,1,0,0,0.6177605020692263,6.579099634348837
30,100,1,1,1,0.6177605020692263,6.579099634348837
31,1,0,0,0,0.7571032008566786,8.750101172285895
31,2,1,1,0,0.7571032008566786,8.750101172285895
31,3,1,1,0,0.7571032008566786,8.750101172285895
31,4,1,1,0,0.7571032008566786,8.750101172285895
31,5,1,1,1,0.7571032008566786,8.750101172285895
31,6,1,1,0,0.7571032008566786,8.750101172285895
31,7,1,1,0,0.7571032008566786,8.750101172285895
31,8,1,1,0,0.7571032008566786,8.750101172285895
31,9,1,0,0,0.7571032008566786,8.750101172285895
31,10,1,1,0,0.7571032008566786,8.750101172285895
31,11,1,1,0,0.7571032008566786,8.750101172285895
31,12,1,1,0,0.7571032008566786,8.750101172285895
31,13,1,0,0,0.7571032008566786,8.750101172285895
31,14,1,1,1,0.7571032008566786,8.750101172285895
31,15,0,0,0,0.7571032008566786,8.750101172285895
31,16,1,0,0,0.7571032008566786,8.750101172285895
31,17,0,1,0,0.7571032008566786,8.750101172285895
31,18,1,1,1,0.7571032008566786,8.750101172285895
31,19,1,1,0,0.7571032008566786,8.750101172285895
31,20,1,1,1,0.7571032008566786,8.750101172285895
31,21,0,1,1,0.7571032008566786,8.750101172285895
31,22,0,1,0,0.7571032008566786,8.750101172285895
31,23,1,1,0,0.7571032008566786,8.750101172285895
31,24,1,1,0,0.7571032008566786,8.750101172285895
31,25,1,1,0,0.7571032008566786,8.750101172285895
31,26,1,1,0,0.7571032008566786,8.750101172285895
31,27,1,0,0,0.7571032008566786,8.750101172285895
31,28,1,1,1,0.7571032008566786,8.750101172285895
31,29,1,1,0,0.7571032008566786,8.750101172285895
31,30,1,1,0,0.7571032008566786,8.750101172285895
31,31,1,0,0,0.7571032008566786,8.750101172285895
31,32,0,1,0,0.7571032008566786,8.750101172285895
31,33,1,1,0,0.7571032008566786,8.750101172285895
31,34,1,1,0,0.7571032008566786,8.750101172285895
31,35,1,1,0,0.7571032008566786,8.750101172285895
31,36,1,1,0,0.7571032008566786,8.750101172285895
31,37,1,1,0,0.7571032008566786,8.750101172285895
31,38,1,0,1,0.7571032008566786,8.750101172285895
31,39,0,1,1,0.7571032008566786,8.750101172285895
31,40,0,1,0,0.7571032008566786,8.750101172285895
31,41,1,0,1,0.7571032008566786,8.750101172285895
31,42,0,0,0,0.7571032008566786,8.750101172285895
31,43,0,1,0,0.7571032008566786,8.750101172285895
31,44,1,1,0,0.7571032008566786,8.750101172285895
31,45,1,1,0,0.7571032008566786,8.750101172285895
31,46,1,1,0,0.7571032008566786,8.750101172285895
31,47,1,0,0,0.7571032008566786,8.750101172285895
31,48,1,1,1,0.7571032008566786,8.750101172285895
31,49,0,1,0,0.7571032008566786,8.750101172285895
31,50,1,0,0,0.7571032008566786,8.750101172285895
31,51,1,1,0,0.7571032008566786,8.750101172285895
31,52,1,0,1,0.7571032008566786,8.750101172285895
31,53,0,1,1,0.7571032008566786,8.750101172285895
31,54,0,1,0,0.7571032008566786,8.750101172285895
31,55,1,0,1,0.7571032008566786,8.750101172285895
31,56,0,0,0,0.7571032008566786,8.750101172285895
31,57,0,0,0,0.7571032008566786,8.750101172285895
31,58,1,1,0,0.7571032008566786,8.750101172285895
31,59,1,1,1,0.7571032008566786,8.750101172285895
31,60,0,1,0,0.7571032008566786,8.750101172285895
31,61,1,1,0,0.7571032008566786,8.750101172285895
31,62,1,1,0,0.7571032008566786,8.750101172285895
31,63,1,0,0,0.7571032008566786,8.750101172285895
31,64,1,0,1,0.7571032008566786,8.750101172285895
31,65,0,1,0,0.7571032008566786,8.750101172285895
31,66,1,1,0,0.7571032008566786,8.750101172285895
31,67,1,1,1,0.7571032008566786,8.750101172285895
31,68,1,1,1,0.7571032008566786,8.750101172285895
31,69,1,0,1,0.7571032008566786,8.750101172285895
31,70,0,1,1,0.7571032008566786,8.750101172285895
31,71,1,1,0,0.7571032008566786,8.750101172285895
31,72,1,0,0,0.7571032008566786,8.750101172285895
31,73,1,0,1,0.7571032008566786,8.750101172285895
31,74,0,1,0,0.7571032008566786,8.750101172285895
31,75,1,1,1,0.7571032008566786,8.750101172285895
31,76,1,1,0,0.7571032008566786,8.750101172285895
31,77,1,0,1,0.7571032008566786,8.750101172285895
31,78,0,1,0,0.7571032008566786,8.750101172285895
31,79,1,0,0,0.7571032008566786,8.750101172285895
31,80,1,0,0,0.7571032008566786,8.750101172285895
31,81,1,1,0,0.7571032008566786,8.750101172285895
31,82,1,0,1,0.7571032008566786,8.750101172285895
31,83,0,1,0,0.7571032008566786,8.750101172285895
31,84,1,1,0,0.7571032008566786,8.750101172285895
31,85,1,0,1,0.7571032008566786,8.750101172285895
31,86,0,0,0,0.7571032008566786,8.750101172285895
31,87,0,1,0,0.7571032008566786,8.750101172285895
31,88,1,1,0,0.7571032008566786,8.750101172285895
31,89,1,1,0,0.7571032008566786,8.750101172285895
31,90,1,1,0,0.7571032008566786,8.750101172285895
31,91,1,1,0,0.7571032008566786,8.750101172285895
31,92,1,1,0,0.7571032008566786,8.750101172285895
31,93,1,1,0,0.7571032008566786,8.750101172285895
31,94,1,0,0,0.7571032008566786,8.750101172285895
31,95,1,1,0,0.7571032008566786,8.750101172285895
31,96,1,1,0,0.7571032008566786,8.750101172285895
31,97,1,1,0,0.7571032008566786,8.750101172285895
31,98,1,1,0,0.7571032008566786,8.750101172285895
31,99,1,1,0,0.7571032008566786,8.750101172285895
31,100,1,1,0,0.7571032008566786,8.750101172285895
32,1,1,1,1,0.6891877112929029,7.538290892191133
32,2,1,0,1,0.6891877112929029,7.538290892191133
32,3,0,1,0,0.6891877112929029,7.538290892191133
32,4,1,1,0,0.6891877112929029,7.538290892191133
32,5,0,1,0,0.6891877112929029,7.538290892191133
32,6,1,1,0,0.6891877112929029,7.538290892191133
32,7,1,0,0,0.6891877112929029,7.538290892191133
32,8,1,0,1,0.6891877112929029,7.538290892191133
32,9,0,1,0,0.6891877112929029,7.538290892191133
32,10,1,1,0,0.6891877112929029,7.538290892191133
32,11,1,1,0,0.6891877112929029,7.538290892191133
32,12,1,0,0,0.6891877112929029,7.538290892191133
32,13,1,1,0,0.6891877112929029,7.538290892191133
32,14,1,0,0,0.6891877112929029,7.538290892191133
32,15,1,1,1,0.6891877112929029,7.538290892191133
32,16,0,1,0,0.6891877112929029,7.538290892191133
32,17,1,0,1,0.6891877112929029,7.538290892191133
32,18,0,1,1,0.6891877112929029,7.538290892191133
32,19,0,0,0,0.6891877112929029,7.538290892191133
32,20,0,1,0,0.6891877112929029,7.538290892191133
32,21,1,0,0,0.6891877112929029,7.538290892191133
32,22,1,1,1,0.6891877112929029,7.538290892191133
32,23,1,1,0,0.6891877112929029,7.538290892191133
32,24,1,0,0,0.6891877112929029,7.538290892191133
32,25,1,0,0,0.6891877112929029,7.538290892191133
32,26,1,1,1,0.6891877112929029,7.538290892191133
32,27,0,1,1,0.6891877112929029,7.538290892191133
32,28,1,1,0,0.6891877112929029,7.538290892191133
32,29,1,1,1,0.6891877112929029,7.538290892191133
32,30,1,0,0,0.6891877112929029,7.538290892191133
32,31,1,1,0,0.6891877112929029,7.538290892191133
32,32,1,1,1,0.6891877112929029,7.538290892191133
32,33,0,1,0,0.6891877112929029,7.538290892191133
32,34,1,0,0,0.6891877112929029,7.538290892191133
32,35,1,1,0,0.6891877112929029,7.538290892191133
32,36,1,1,0,0.6891877112929029,7.538290892191133
32,37,1,1,0,0.6891877112929029,7.538290892191133
32,38,1,1,1,0.6891877112929029,7.538290892191133
32,39,1,0,1,0.6891877112929029,7.538290892191133
32,40,0,0,0,0.6891877112929029,7.538290892191133
32,41,0,1,0,0.6891877112929029,7.538290892191133
32,42,1,0,1,0.6891877112929029,7.538290892191133
32,43,0,0,1,0.6891877112929029,7.538290892191133
32,44,0,1,0,0.6891877112929029,7.538290892191133
32,45,1,1,1,0.6891877112929029,7.538290892191133
32,46,1,1,0,0.6891877112929029,7.538290892191133
32,47,1,1,0,0.6891877112929029,7.538290892191133
32,48,1,1,0,0.6891877112929029,7.538290892191133
32,49,1,1,0,0.6891877112929029,7.538290892191133
32,50,1,1,1,0.6891877112929029,7.538290892191133
32,51,1,0,1,0.6891877112929029,7.538290892191133
32,52,0,1,0,0.6891877112929029,7.538290892191133
32,53,1,1,0,0.6891877112929029,7.538290892191133
32,54,1,1,0,0.6891877112929029,7.538290892191133
32,55,1,1,1,0.6891877112929029,7.538290892191133
32,56,1,1,0,0.6891877112929029,7.538290892191133
32,57,1,1,1,0.6891877112929029,7.538290892191133
32,58,1,0,0,0.6891877112929029,7.538290892191133
32,59,0,1,1,0.6891877112929029,7.538290892191133
32,60,0,1,0,0.6891877112929029,7.538290892191133
32,61,1,1,0,0.6891877112929029,7.538290892191133
32,62,1,1,0,0.6891877112929029,7.538290892191133
32,63,1,1,0,0.6891877112929029,7.538290892191133
32,64,1,1,0,0.6891877112929029,7.538290892191133
32,65,1,1,0,0.6891877112929029,7.538290892191133
32,66,1,1,0,0.6891877112929029,7.538290892191133
32,67,1,1,0,0.6891877112929029,7.538290892191133
32,68,1,1,1,0.6891877112929029,7.538290892191133
32,69,1,1,0,0.6891877112929029,7.538290892191133
32,70,1,1,1,0.6891877112929029,7.538290892191133
32,71,1,1,0,0.6891877112929029,7.538290892191133
32,72,1,1,0,0.6891877112929029,7.538290892191133
32,73,1,1,0,0.6891877112929029,7.538290892191133
32,74,1,0,1,0.6891877112929029,7.538290892191133
32,75,0,1,1,0.6891877112929029,7.538290892191133
32,76,0,0,0,0.6891877112929029,7.538290892191133
32,77,1,1,0,0.6891877112929029,7.538290892191133
32,78,1,1,0,0.6891877112929029,7.538290892191133
32,79,1,1,0,0.6891877112929029,7.538290892191133
32,80,1,1,0,0.6891877112929029,7.538290892191133
32,81,1,0,0,0.6891877112929029,7.538290892191133
32,82,1,0,0,0.6891877112929029,7.538290892191133
32,83,0,1,0,0.6891877112929029,7.538290892191133
32,84,1,1,0,0.6891877112929029,7.538290892191133
32,85,1,1,0,0.6891877112929029,7.538290892191133
32,86,1,1,1,0.6891877112929029,7.538290892191133
32,87,0,0,1,0.6891877112929029,7.538290892191133
32,88,0,1,0,0.6891877112929029,7.538290892191133
32,89,1,1,1,0.6891877112929029,7.538290892191133
32,90,0,1,0,0.6891877112929029,7.538290892191133
32,91,1,1,0,0.6891877112929029,7.538290892191133
32,92,1,1,0,0.6891877112929029,7.538290892191133
32,93,1,1,1,0.6891877112929029,7.538290892191133
32,94,1,0,0,0.6891877112929029,7.538290892191133
32,95,1,1,0,0.6891877112929029,7.538290892191133
32,96,1,0,1,0.6891877112929029,7.538290892191133
32,97,0,1,1,0.6891877112929029,7.538290892191133
32,98,1,1,0,0.6891877112929029,7.538290892191133
32,99,1,1,0,0.6891877112929029,7.538290892191133
32,100,1,1,1,0.6891877112929029,7.538290892191133
33,1,1,0,1,0.5228154682457947,8.222133602148633
33,2,0,1,1,0.5228154682457947,8.222133602148633
33,3,1,1,0,0.5228154682457947,8.222133602148633
33,4,1,1,1,0.5228154682457947,8.222133602148633
33,5,1,1,0,0.5228154682457947,8.222133602148633
33,6,1,0,0,0.5228154682457947,8.222133602148633
33,7,1,1,1,0.5228154682457947,8.222133602148633
33,8,0,1,0,0.5228154682457947,8.222133602148633
33,9,1,1,1,0.5228154682457947,8.222133602148633
33,10,1,1,0,0.5228154682457947,8.222133602148633
33,11,1,1,0,0.5228154682457947,8.222133602148633
33,12,1,1,0,0.5228154682457947,8.222133602148633
33,13,1,1,0,0.5228154682457947,8.222133602148633
33,14,1,0,1,0.5228154682457947,8.222133602148633
33,15,1,1,1,0.5228154682457947,8.222133602148633
33,16,0,0,1,0.5228154682457947,8.222133602148633
33,17,0,1,0,0.5228154682457947,8.222133602148633
33,18,1,0,0,0.5228154682457947,8.222133602148633
33,19,1,0,0,0.5228154682457947,8.222133602148633
33,20,1,1,1,0.5228154682457947,8.222133602148633
33,21,1,1,0,0.5228154682457947,8.222133602148633
33,22,1,1,0,0.5228154682457947,8.222133602148633
33,23,1,1,0,0.5228154682457947,8.222133602148633
33,24,1,1,0,0.5228154682457947,8.222133602148633
33,25,1,1,0,0.5228154682457947,8.222133602148633
33,26,1,1,0,0.5228154682457947,8.222133602148633
33,27,1,0,0,0.5228154682457947,8.222133602148633
33,28,1,0,0,0.5228154682457947,8.222133602148633
33,29,0,0,0,0.5228154682457947,8.222133602148633
33,30,1,1,0,0.5228154682457947,8.222133602148633
33,31,1,1,0,0.5228154682457947,8.222133602148633
33,32,1,0,0,0.5228154682457947,8.222133602148633
33,33,1,1,0,0.5228154682457947,8.222133602148633
33,34,1,1,0,0.5228154682457947,8.222133602148633
33,35,1,1,0,0.5228154682457947,8.222133602148633
33,36,1,0,0,0.5228154682457947,8.222133602148633
33,37,1,1,0,0.5228154682457947,8.222133602148633
33,38,1,1,1,0.5228154682457947,8.222133602148633
33,39,1,1,0,0.5228154682457947,8.222133602148633
33,40,1,1,0,0.5228154682457947,8.222133602148633
33,41,1,1,0,0.5228154682457947,8.222133602148633
33,42,1,1,0,0.5228154682457947,8.222133602148633
33,43,1,1,0,0.5228154682457947,8.222133602148633
33,44,1,1,0,0.5228154682457947,8.222133602148633
33,45,1,1,0,0.5228154682457947,8.222133602148633
33,46,1,1,1,0.5228154682457947,8.222133602148633
33,47,1,0,0,0.5228154682457947,8.222133602148633
33,48,1,1,1,0.5228154682457947,8.222133602148633
33,49,1,1,0,0.5228154682457947,8.222133602148633
33,50,1,0,0,0.5228154682457947,8.222133602148633
33,51,1,1,0,0.5228154682457947,8.222133602148633
33,52,1,0,1,0.5228154682457947,8.222133602148633
33,53,0,1,0,0.5228154682457947,8.222133602148633
33,54,1,0,0,0.5228154682457947,8.222133602148633
33,55,1,1,1,0.5228154682457947,8.222133602148633
33,56,1,0,1,0.5228154682457947,8.222133602148633
33,57,0,1,0,0.5228154682457947,8.222133602148633
33,58,1,0,1,0.5228154682457947,8.222133602148633
33,59,0,1,0,0.5228154682457947,8.222133602148633
33,60,1,1,0,0.5228154682457947,8.222133602148633
33,61,1,1,0,0.5228154682457947,8.222133602148633
33,62,1,1,0,0.5228154682457947,8.222133602148633
33,63,1,1,0,0.5228154682457947,8.222133602148633
33,64,1,1,0,0.5228154682457947,8.222133602148633
33,65,1,1,0,0.5228154682457947,8.222133602148633
33,66,1,1,1,0.5228154682457947,8.222133602148633
33,67,1,1,0,0.5228154682457947,8.222133602148633
33,68,1,1,1,0.5228154682457947,8.222133602148633
33,69,1,0,0,0.5228154682457947,8.222133602148633
33,70,1,1,0,0.5228154682457947,8.222133602148633
33,71,1,0,0,0.5228154682457947,8.222133602148633
33,72,1,1,0,0.5228154682457947,8.222133602148633
33,73,1,1,0,0.5228154682457947,8.222133602148633
33,74,1,0,1,0.5228154682457947,8.222133602148633
33,75,0,0,0,0.5228154682457947,8.222133602148633
33,76,0,1,1,0.5228154682457947,8.222133602148633
33,77,0,0,0,0.5228154682457947,8.222133602148633
33,78,1,1,1,0.5228154682457947,8.222133602148633
33,79,0,1,1,0.5228154682457947,8.222133602148633
33,80,0,1,1,0.5228154682457947,8.222133602148633
33,81,1,0,0,0.5228154682457947,8.222133602148633
33,82,1,1,0,0.5228154682457947,8.222133602148633
33,83,1,1,0,0.5228154682457947,8.222133602148633
33,84,1,1,0,0.5228154682457947,8.222133602148633
33,85,1,0,0,0.5228154682457947,8.222133602148633
33,86,1,1,0,0.5228154682457947,8.222133602148633
33,87,1,0,0,0.5228154682457947,8.222133602148633
33,88,1,0,0,0.5228154682457947,8.222133602148633
33,89,1,1,0,0.5228154682457947,8.222133602148633
33,90,1,0,0,0.5228154682457947,8.222133602148633
33,91,1,1,1,0.5228154682457947,8.222133602148633
33,92,1,0,0,0.5228154682457947,8.222133602148633
33,93,0,1,0,0.5228154682457947,8.222133602148633
33,94,1,0,0,0.5228154682457947,8.222133602148633
33,95,1,1,0,0.5228154682457947,8.222133602148633
33,96,1,0,0,0.5228154682457947,8.222133602148633
33,97,1,1,1,0.5228154682457947,8.222133602148633
33,98,1,1,0,0.5228154682457947,8.222133602148633
33,99,1,1,0,0.5228154682457947,8.222133602148633
33,100,1,1,0,0.5228154682457947,8.222133602148633
34,1,0,1,1,0.6120323955600974,7.8611290480404525
34,2,0,0,0,0.6120323955600974,7.8611290480404525
34,3,1,1,1,0.6120323955600974,7.8611290480404525
34,4,1,1,0,0.6120323955600974,7.8611290480404525
34,5,1,1,1,0.6120323955600974,7.8611290480404525
34,6,1,1,1,0.6120323955600974,7.8611290480404525
34,7,0,0,0,0.6120323955600974,7.8611290480404525
34,8,1,1,0,0.6120323955600974,7.8611290480404525
34,9,1,1,0,0.6120323955600974,7.8611290480404525
34,10,1,1,0,0.6120323955600974,7.8611290480404525
34,11,1,1,1,0.6120323955600974,7.8611290480404525
34,12,1,1,0,0.6120323955600974,7.8611290480404525
34,13,1,1,0,0.6120323955600974,7.8611290480404525
34,14,1,1,0,0.6120323955600974,7.8611290480404525
34,15,1,1,0,0.6120323955600974,7.8611290480404525
34,16,1,0,0,0.6120323955600974,7.8611290480404525
34,17,1,0,0,0.6120323955600974,7.8611290480404525
34,18,1,1,0,0.6120323955600974,7.8611290480404525
34,19,1,0,0,0.6120323955600974,7.8611290480404525
34,20,1,0,0,0.6120323955600974,7.8611290480404525
34,21,0,1,0,0.6120323955600974,7.8611290480404525
34,22,1,0,0,0.6120323955600974,7.8611290480404525
34,23,0,0,1,0.6120323955600974,7.8611290480404525
34,24,0,1,0,0.6120323955600974,7.8611290480404525
34,25,1,1,0,0.6120323955600974,7.8611290480404525
34,26,1,1,0,0.6120323955600974,7.8611290480404525
34,27,1,1,1,0.6120323955600974,7.8611290480404525
34,28,1,1,0,0.6120323955600974,7.8611290480404525
34,29,1,1,1,0.6120323955600974,7.8611290480404525
34,30,1,1,0,0.6120323955600974,7.8611290480404525
34,31,1,0,1,0.6120323955600974,7.8611290480404525
34,32,0,0,0,0.6120323955600974,7.8611290480404525
34,33,0,0,0,0.6120323955600974,7.8611290480404525
34,34,1,1,0,0.6120323955600974,7.8611290480404525
34,35,1,0,0,0.6120323955600974,7.8611290480404525
34,36,1,1,1,0.6120323955600974,7.8611290480404525
34,37,1,1,1,0.6120323955600974,7.8611290480404525
34,38,0,1,0,0.6120323955600974,7.8611290480404525
34,39,1,0,0,0.6120323955600974,7.8611290480404525
34,40,1,1,1,0.6120323955600974,7.8611290480404525
34,41,1,1,0,0.6120323955600974,7.8611290480404525
34,42,1,1,0,0.6120323955600974,7.8611290480404525
34,43,1,1,0,0.6120323955600974,7.8611290480404525
34,44,1,1,0,0.6120323955600974,7.8611290480404525
34,45,1,0,1,0.6120323955600974,7.8611290480404525
34,46,0,1,0,0.6120323955600974,7.8611290480404525
34,47,1,0,1,0.6120323955600974,7.8611290480404525
34,48,0,1,0,0.6120323955600974,7.8611290480404525
34,49,1,0,0,0.6120323955600974,7.8611290480404525
34,50,1,0,0,0.6120323955600974,7.8611290480404525
34,51,1,1,0,0.6120323955600974,7.8611290480404525
34,52,1,1,0,0.6120323955600974,7.8611290480404525
34,53,1,1,0,0.6120323955600974,7.8611290480404525
34,54,1,1,0,0.6120323955600974,7.8611290480404525
34,55,1,1,0,0.6120323955600974,7.8611290480404525
34,56,1,1,0,0.6120323955600974,7.8611290480404525
34,57,1,1,0,0.6120323955600974,7.8611290480404525
34,58,1,1,1,0.6120323955600974,7.8611290480404525
34,59,1,1,0,0.6120323955600974,7.8611290480404525
34,60,1,1,0,0.6120323955600974,7.8611290480404525
34,61,1,1,0,0.6120323955600974,7.8611290480404525
34,62,1,1,0,0.6120323955600974,7.8611290480404525
34,63,1,1,0,0.6120323955600974,7.8611290480404525
34,64,1,1,1,0.6120323955600974,7.8611290480404525
34,65,1,1,0,0.6120323955600974,7.8611290480404525
34,66,1,1,1,0.6120323955600974,7.8611290480404525
34,67,1,0,1,0.6120323955600974,7.8611290480404525
34,68,0,1,0,0.6120323955600974,7.8611290480404525
34,69,1,1,0,0.6120323955600974,7.8611290480404525
34,70,1,1,1,0.6120323955600974,7.8611290480404525
34,71,1,1,1,0.6120323955600974,7.8611290480404525
34,72,1,1,0,0.6120323955600974,7.8611290480404525
34,73,1,1,0,0.6120323955600974,7.8611290480404525
34,74,1,1,0,0.6120323955600974,7.8611290480404525
34,75,1,1,0,0.6120323955600974,7.8611290480404525
34,76,1,1,1,0.6120323955600974,7.8611290480404525
34,77,1,1,0,0.6120323955600974,7.8611290480404525
34,78,1,1,1,0.6120323955600974,7.8611290480404525
34,79,1,1,1,0.6120323955600974,7.8611290480404525
34,80,1,1,0,0.6120323955600974,7.8611290480404525
34,81,1,1,0,0.6120323955600974,7.8611290480404525
34,82,1,1,0,0.6120323955600974,7.8611290480404525
34,83,1,1,0,0.6120323955600974,7.8611290480404525
34,84,1,1,0,0.6120323955600974,7.8611290480404525
34,85,1,0,0,0.6120323955600974,7.8611290480404525
34,86,1,0,1,0.6120323955600974,7.8611290480404525
34,87,0,1,0,0.6120323955600974,7.8611290480404525
34,88,1,1,1,0.6120323955600974,7.8611290480404525
34,89,1,1,1,0.6120323955600974,7.8611290480404525
34,90,1,0,0,0.6120323955600974,7.8611290480404525
34,91,1,1,0,0.6120323955600974,7.8611290480404525
34,92,1,1,0,0.6120323955600974,7.8611290480404525
34,93,1,0,0,0.6120323955600974,7.8611290480404525
34,94,1,1,1,0.6120323955600974,7.8611290480404525
34,95,0,0,1,0.6120323955600974,7.8611290480404525
34,96,0,1,0,0.6120323955600974,7.8611290480404525
34,97,1,1,0,0.6120323955600974,7.8611290480404525
34,98,1,0,1,0.6120323955600974,7.8611290480404525
34,99,0,1,0,0.6120323955600974,7.8611290480404525
34,100,1,1,0,0.6120323955600974,7.8611290480404525
35,1,1,0,0,0.7371351269435086,6.669732433455169
35,2,0,1,0,0.7371351269435086,6.669732433455169
35,3,1,1,0,0.7371351269435086,6.669732433455169
35,4,1,1,1,0.7371351269435086,6.669732433455169
35,5,1,0,0,0.7371351269435086,6.669732433455169
35,6,1,0,1,0.7371351269435086,6.669732433455169
35,7,0,1,0,0.7371351269435086,6.669732433455169
35,8,1,0,0,0.7371351269435086,6.669732433455169
35,9,1,1,1,0.7371351269435086,6.669732433455169
35,10,1,1,1,0.7371351269435086,6.669732433455169
35,11,1,1,0,0.7371351269435086,6.669732433455169
35,12,1,0,0,0.7371351269435086,6.669732433455169
35,13,1,1,1,0.7371351269435086,6.669732433455169
35,14,1,1,0,0.7371351269435086,6.669732433455169
35,15,1,0,1,0.7371351269435086,6.669732433455169
35,16,0,1,0,0.7371351269435086,6.669732433455169
35,17,1,1,1,0.7371351269435086,6.669732433455169
35,18,1,1,0,0.7371351269435086,6.669732433455169
35,19,1,1,0,0.7371351269435086,6.669732433455169
35,20,1,1,1,0.7371351269435086,6.669732433455169
35,21,1,0,0,0.7371351269435086,6.669732433455169
35,22,1,1,1,0.7371351269435086,6.669732433455169
35,23,0,0,0,0.7371351269435086,6.669732433455169
35,24,0,0,1,0.7371351269435086,6.669732433455169
35,25,0,0,0,0.7371351269435086,6.669732433455169
35,26,1,1,0,0.7371351269435086,6.669732433455169
35,27,1,0,0,0.7371351269435086,6.669732433455169
35,28,1,1,1,0.7371351269435086,6.669732433455169
35,29,1,1,0,0.7371351269435086,6.669732433455169
35,30,1,1,1,0.7371351269435086,6.669732433455169
35,31,0,1,0,0.7371351269435086,6.669732433455169
35,32,1,1,0,0.7371351269435086,6.669732433455169
35,33,1,1,0,0.7371351269435086,6.669732433455169
35,34,1,1,0,0.7371351269435086,6.669732433455169
35,35,1,1,1,0.7371351269435086,6.669732433455169
35,36,1,1,0,0.7371351269435086,6.669732433455169
35,37,1,1,0,0.7371351269435086,6.669732433455169
35,38,1,1,1,0.7371351269435086,6.669732433455169
35,39,1,1,0,0.7371351269435086,6.669732433455169
35,40,1,1,0,0.7371351269435086,6.669732433455169
35,41,1,0,0,0.7371351269435086,6.669732433455169
35,42,1,1,0,0.7371351269435086,6.669732433455169
35,43,1,1,1,0.7371351269435086,6.669732433455169
35,44,0,0,0,0.7371351269435086,6.669732433455169
35,45,1,1,0,0.7371351269435086,6.669732433455169
35,46,1,0,0,0.7371351269435086,6.669732433455169
35,47,1,1,0,0.7371351269435086,6.669732433455169
35,48,1,1,0,0.7371351269435086,6.669732433455169
35,49,1,0,0,0.7371351269435086,6.669732433455169
35,50,1,1,1,0.7371351269435086,6.669732433455169
35,51,1,1,0,0.7371351269435086,6.669732433455169
35,52,1,1,0,0.7371351269435086,6.669732433455169
35,53,1,0,0,0.7371351269435086,6.669732433455169
35,54,1,1,0,0.7371351269435086,6.669732433455169
35,55,1,1,0,0.7371351269435086,6.669732433455169
35,56,1,1,1,0.7371351269435086,6.669732433455169
35,57,0,1,0,0.7371351269435086,6.669732433455169
35,58,1,0,0,0.7371351269435086,6.669732433455169
35,59,1,1,1,0.7371351269435086,6.669732433455169
35,60,1,1,0,0.7371351269435086,6.669732433455169
35,61,1,0,1,0.7371351269435086,6.669732433455169
35,62,0,1,1,0.7371351269435086,6.669732433455169
35,63,0,1,0,0.7371351269435086,6.669732433455169
35,64,1,0,0,0.7371351269435086,6.669732433455169
35,65,1,0,0,0.7371351269435086,6.669732433455169
35,66,0,1,0,0.7371351269435086,6.669732433455169
35,67,1,1,0,0.7371351269435086,6.669732433455169
35,68,1,0,1,0.7371351269435086,6.669732433455169
35,69,0,1,0,0.7371351269435086,6.669732433455169
35,70,1,1,1,0.7371351269435086,6.669732433455169
35,71,0,1,1,0.7371351269435086,6.669732433455169
35,72,0,1,0,0.7371351269435086,6.669732433455169
35,73,1,1,1,0.7371351269435086,6.669732433455169
35,74,1,1,0,0.7371351269435086,6.669732433455169
35,75,1,1,1,0.7371351269435086,6.669732433455169
35,76,0,1,0,0.7371351269435086,6.669732433455169
35,77,1,0,0,0.7371351269435086,6.669732433455169
35,78,1,1,0,0.7371351269435086,6.669732433455169
35,79,1,0,0,0.7371351269435086,6.669732433455169
35,80,1,1,1,0.7371351269435086,6.669732433455169
35,81,1,0,0,0.7371351269435086,6.669732433455169
35,82,1,0,0,0.7371351269435086,6.669732433455169
35,83,1,1,0,0.7371351269435086,6.669732433455169
35,84,1,0,1,0.7371351269435086,6.669732433455169
35,85,0,1,1,0.7371351269435086,6.669732433455169
35,86,0,0,0,0.7371351269435086,6.669732433455169
35,87,0,1,0,0.7371351269435086,6.669732433455169
35,88,1,1,1,0.7371351269435086,6.669732433455169
35,89,1,1,0,0.7371351269435086,6.669732433455169
35,90,1,1,1,0.7371351269435086,6.669732433455169
35,91,0,1,0,0.7371351269435086,6.669732433455169
35,92,1,1,1,0.7371351269435086,6.669732433455169
35,93,1,1,0,0.7371351269435086,6.669732433455169
35,94,1,0,0,0.7371351269435086,6.669732433455169
35,95,0,1,1,0.7371351269435086,6.669732433455169
35,96,0,1,0,0.7371351269435086,6.669732433455169
35,97,1,0,0,0.7371351269435086,6.669732433455169
35,98,1,0,0,0.7371351269435086,6.669732433455169
35,99,0,1,0,0.7371351269435086,6.669732433455169
35,100,1,1,1,0.7371351269435086,6.669732433455169
36,1,0,1,1,0.6706801609459406,7.543529944154215
36,2,1,0,0,0.6706801609459406,7.543529944154215
36,3,0,1,1,0.6706801609459406,7.543529944154215
36,4,0,1,0,0.6706801609459406,7.543529944154215
36,5,1,1,0,0.6706801609459406,7.543529944154215
36,6,1,1,0,0.6706801609459406,7.543529944154215
36,7,1,0,0,0.6706801609459406,7.543529944154215
36,8,1,0,0,0.6706801609459406,7.543529944154215
36,9,1,1,0,0.6706801609459406,7.543529944154215
36,10,1,0,1,0.6706801609459406,7.543529944154215
36,11,0,0,0,0.6706801609459406,7.543529944154215
36,12,0,1,1,0.6706801609459406,7.543529944154215
36,13,1,0,0,0.6706801609459406,7.543529944154215
36,14,0,0,0,0.6706801609459406,7.543529944154215
36,15,1,1,0,0.6706801609459406,7.543529944154215
36,16,1,0,1,0.6706801609459406,7.543529944154215
36,17,0,1,1,0.6706801609459406,7.543529944154215
36,18,0,1,0,0.6706801609459406,7.543529944154215
36,19,1,1,1,0.6706801609459406,7.543529944154215
36,20,1,1,0,0.6706801609459406,7.543529944154215
36,21,1,1,0,0.6706801609459406,7.543529944154215
36,22,1,0,1,0.6706801609459406,7.543529944154215
36,23,0,1,0,0.6706801609459406,7.543529944154215
36,24,1,0,1,0.6706801609459406,7.543529944154215
36,25,0,1,0,0.6706801609459406,7.543529944154215
36,26,1,1,0,0.6706801609459406,7.543529944154215
36,27,1,1,1,0.6706801609459406,7.543529944154215
36,28,1,1,0,0.6706801609459406,7.543529944154215
36,29,1,0,0,0.6706801609459406,7.543529944154215
36,30,1,1,1,0.6706801609459406,7.543529944154215
36,31,0,0,0,0.6706801609459406,7.543529944154215
36,32,0,1,0,0.6706801609459406,7.543529944154215
36,33,1,1,0,0.6706801609459406,7.543529944154215
36,34,1,1,1,0.6706801609459406,7.543529944154215
36,35,0,1,0,0.6706801609459406,7.543529944154215
36,36,1,1,0,0.6706801609459406,7.543529944154215
36,37,1,0,1,0.6706801609459406,7.543529944154215
36,38,0,1,0,0.6706801609459406,7.543529944154215
36,39,1,0,0,0.6706801609459406,7.543529944154215
36,40,0,0,0,0.6706801609459406,7.543529944154215
36,41,1,1,1,0.6706801609459406,7.543529944154215
36,42,1,1,0,0.6706801609459406,7.543529944154215
36,43,1,0,1,0.6706801609459406,7.543529944154215
36,44,0,1,0,0.6706801609459406,7.543529944154215
36,45,1,1,1,0.6706801609459406,7.543529944154215
36,46,1,1,0,0.6706801609459406,7.543529944154215
36,47,1,1,0,0.6706801609459406,7.543529944154215
36,48,1,1,0,0.6706801609459406,7.543529944154215
36,49,1,0,0,0.6706801609459406,7.543529944154215
36,50,1,1,0,0.6706801609459406,7.543529944154215
36,51,1,1,1,0.6706801609459406,7.543529944154215
36,52,0,0,0,0.6706801609459406,7.543529944154215
36,53,0,0,0,0.6706801609459406,7.543529944154215
36,54,1,0,1,0.6706801609459406,7.543529944154215
36,55,0,1,0,0.6706801609459406,7.543529944154215
36,56,1,0,0,0.6706801609459406,7.543529944154215
36,57,0,0,0,0.6706801609459406,7.543529944154215
36,58,0,0,0,0.6706801609459406,7.543529944154215
36,59,1,0,0,0.6706801609459406,7.543529944154215
36,60,1,1,0,0.6706801609459406,7.543529944154215
36,61,1,1,0,0.6706801609459406,7.543529944154215
36,62,1,0,0,0.6706801609459406,7.543529944154215
36,63,0,0,0,0.6706801609459406,7.543529944154215
36,64,0,1,1,0.6706801609459406,7.543529944154215
36,65,0,1,0,0.6706801609459406,7.543529944154215
36,66,1,0,1,0.6706801609459406,7.543529944154215
36,67,0,1,0,0.6706801609459406,7.543529944154215
36,68,1,1,0,0.6706801609459406,7.543529944154215
36,69,1,1,1,0.6706801609459406,7.543529944154215
36,70,1,1,0,0.6706801609459406,7.543529944154215
36,71,1,1,1,0.6706801609459406,7.543529944154215
36,72,1,0,0,0.6706801609459406,7.543529944154215
36,73,1,1,1,0.6706801609459406,7.543529944154215
36,74,0,1,1,0.6706801609459406,7.543529944154215
36,75,1,1,0,0.6706801609459406,7.543529944154215
36,76,1,0,1,0.6706801609459406,7.543529944154215
36,77,0,1,0,0.6706801609459406,7.543529944154215
36,78,1,1,0,0.6706801609459406,7.543529944154215
36,79,1,1,0,0.6706801609459406,7.543529944154215
36,80,1,1,0,0.6706801609459406,7.543529944154215
36,81,1,0,0,0.6706801609459406,7.543529944154215
36,82,1,0,1,0.6706801609459406,7.543529944154215
36,83,0,1,1,0.6706801609459406,7.543529944154215
36,84,0,1,0,0.6706801609459406,7.543529944154215
36,85,1,1,0,0.6706801609459406,7.543529944154215
36,86,1,1,0,0.6706801609459406,7.543529944154215
36,87,1,1,0,0.6706801609459406,7.543529944154215
36,88,1,1,0,0.6706801609459406,7.543529944154215
36,89,1,0,0,0.6706801609459406,7.543529944154215
36,90,1,0,0,0.6706801609459406,7.543529944154215
36,91,1,0,0,0.6706801609459406,7.543529944154215
36,92,0,0,0,0.6706801609459406,7.543529944154215
36,93,0,1,0,0.6706801609459406,7.543529944154215
36,94,1,1,1,0.6706801609459406,7.543529944154215
36,95,0,1,0,0.6706801609459406,7.543529944154215
36,96,1,1,0,0.6706801609459406,7.543529944154215
36,97,1,0,0,0.6706801609459406,7.543529944154215
36,98,1,1,0,0.6706801609459406,7.543529944154215
36,99,1,1,0,0.6706801609459406,7.543529944154215
36,100,1,1,0,0.6706801609459406,7.543529944154215
37,1,1,1,0,0.7454249631588059,6.7843076909211595
37,2,1,1,1,0.7454249631588059,6.7843076909211595
37,3,1,0,1,0.7454249631588059,6.7843076909211595
37,4,0,0,0,0.7454249631588059,6.7843076909211595
37,5,0,0,0,0.7454249631588059,6.7843076909211595
37,6,0,1,0,0.7454249631588059,6.7843076909211595
37,7,1,1,0,0.7454249631588059,6.7843076909211595
37,8,1,1,1,0.7454249631588059,6.7843076909211595
37,9,1,1,0,0.7454249631588059,6.7843076909211595
37,10,1,1,0,0.7454249631588059,6.7843076909211595
37,11,1,1,0,0.7454249631588059,6.7843076909211595
37,12,1,0,1,0.7454249631588059,6.7843076909211595
37,13,0,1,0,0.7454249631588059,6.7843076909211595
37,14,1,0,1,0.7454249631588059,6.7843076909211595
37,15,0,1,1,0.7454249631588059,6.7843076909211595
37,16,0,1,0,0.7454249631588059,6.7843076909211595
37,17,1,1,0,0.7454249631588059,6.7843076909211595
37,18,1,1,1,0.7454249631588059,6.7843076909211595
37,19,0,1,0,0.7454249631588059,6.7843076909211595
37,20,1,0,0,0.7454249631588059,6.7843076909211595
37,21,1,1,1,0.7454249631588059,6.7843076909211595
37,22,0,1,1,0.7454249631588059,6.7843076909211595
37,23,0,0,0,0.7454249631588059,6.7843076909211595
37,24,1,0,1,0.7454249631588059,6.7843076909211595
37,25,0,0,0,0.7454249631588059,6.7843076909211595
37,26,0,1,1,0.7454249631588059,6.7843076909211595
37,27,0,0,1,0.7454249631588059,6.7843076909211595
37,28,0,0,0,0.7454249631588059,6.7843076909211595
37,29,0,0,0,0.7454249631588059,6.7843076909211595
37,30,0,0,0,0.7454249631588059,6.7843076909211595
37,31,1,1,0,0.7454249631588059,6.7843076909211595
37,32,1,1,0,0.7454249631588059,6.7843076909211595
37,33,1,0,1,0.7454249631588059,6.7843076909211595
37,34,0,1,0,0.7454249631588059,6.7843076909211595
37,35,1,1,0,0.7454249631588059,6.7843076909211595
37,36,1,1,0,0.7454249631588059,6.7843076909211595
37,37,1,1,1,0.7454249631588059,6.7843076909211595
37,38,1,1,1,0.7454249631588059,6.7843076909211595
37,39,1,0,0,0.7454249631588059,6.7843076909211595
37,40,0,1,0,0.7454249631588059,6.7843076909211595
37,41,1,0,0,0.7454249631588059,6.7843076909211595
37,42,1,1,1,0.7454249631588059,6.7843076909211595
37,43,0,1,1,0.7454249631588059,6.7843076909211595
37,44,0,0,0,0.7454249631588059,6.7843076909211595
37,45,0,1,0,0.7454249631588059,6.7843076909211595
37,46,1,1,1,0.7454249631588059,6.7843076909211595
37,47,1,1,1,0.7454249631588059,6.7843076909211595
37,48,1,1,0,0.7454249631588059,6.7843076909211595
37,49,1,1,0,0.7454249631588059,6.7843076909211595
37,50,1,0,1,0.7454249631588059,6.7843076909211595
37,51,0,0,0,0.7454249631588059,6.7843076909211595
37,52,1,1,1,0.7454249631588059,6.7843076909211595
37,53,0,1,1,0.7454249631588059,6.7843076909211595
37,54,1,0,1,0.7454249631588059,6.7843076909211595
37,55,0,1,0,0.7454249631588059,6.7843076909211595
37,56,1,0,0,0.7454249631588059,6.7843076909211595
37,57,0,1,0,0.7454249631588059,6.7843076909211595
37,58,1,0,0,0.7454249631588059,6.7843076909211595
37,59,1,1,0,0.7454249631588059,6.7843076909211595
37,60,1,0,0,0.7454249631588059,6.7843076909211595
37,61,1,0,0,0.7454249631588059,6.7843076909211595
37,62,1,0,0,0.7454249631588059,6.7843076909211595
37,63,1,1,0,0.7454249631588059,6.7843076909211595
37,64,1,1,0,0.7454249631588059,6.7843076909211595
37,65,1,1,0,0.7454249631588059,6.7843076909211595
37,66,1,0,0,0.7454249631588059,6.7843076909211595
37,67,0,1,1,0.7454249631588059,6.7843076909211595
37,68,1,1,0,0.7454249631588059,6.7843076909211595
37,69,1,0,0,0.7454249631588059,6.7843076909211595
37,70,1,1,1,0.7454249631588059,6.7843076909211595
37,71,1,0,1,0.7454249631588059,6.7843076909211595
37,72,0,0,0,0.7454249631588059,6.7843076909211595
37,73,0,1,0,0.7454249631588059,6.7843076909211595
37,74,1,1,1,0.7454249631588059,6.7843076909211595
37,75,1,1,0,0.7454249631588059,6.7843076909211595
37,76,1,0,0,0.7454249631588059,6.7843076909211595
37,77,1,1,1,0.7454249631588059,6.7843076909211595
37,78,1,0,0,0.7454249631588059,6.7843076909211595
37,79,1,1,0,0.7454249631588059,6.7843076909211595
37,80,1,1,0,0.7454249631588059,6.7843076909211595
37,81,1,1,0,0.7454249631588059,6.7843076909211595
37,82,1,1,0,0.7454249631588059,6.7843076909211595
37,83,1,1,0,0.7454249631588059,6.7843076909211595
37,84,1,0,0,0.7454249631588059,6.7843076909211595
37,85,1,1,0,0.7454249631588059,6.7843076909211595
37,86,1,1,0,0.7454249631588059,6.7843076909211595
37,87,1,0,1,0.7454249631588059,6.7843076909211595
37,88,0,0,1,0.7454249631588059,6.7843076909211595
37,89,0,1,0,0.7454249631588059,6.7843076909211595
37,90,1,0,0,0.7454249631588059,6.7843076909211595
37,91,1,1,0,0.7454249631588059,6.7843076909211595
37,92,1,1,0,0.7454249631588059,6.7843076909211595
37,93,1,1,0,0.7454249631588059,6.7843076909211595
37,94,1,1,0,0.7454249631588059,6.7843076909211595
37,95,1,0,0,0.7454249631588059,6.7843076909211595
37,96,1,1,1,0.7454249631588059,6.7843076909211595
37,97,1,0,1,0.7454249631588059,6.7843076909211595
37,98,0,1,1,0.7454249631588059,6.7843076909211595
37,99,0,0,0,0.7454249631588059,6.7843076909211595
37,100,1,0,1,0.7454249631588059,6.7843076909211595
38,1,0,0,1,0.6741411418347307,7.524125555997815
38,2,0,1,0,0.6741411418347307,7.524125555997815
38,3,1,0,0,0.6741411418347307,7.524125555997815
38,4,1,0,0,0.6741411418347307,7.524125555997815
38,5,1,1,0,0.6741411418347307,7.524125555997815
38,6,1,1,0,0.6741411418347307,7.524125555997815
38,7,1,1,0,0.6741411418347307,7.524125555997815
38,8,1,1,0,0.6741411418347307,7.524125555997815
38,9,1,1,0,0.6741411418347307,7.524125555997815
38,10,1,1,0,0.6741411418347307,7.524125555997815
38,11,1,1,1,0.6741411418347307,7.524125555997815
38,12,1,1,1,0.6741411418347307,7.524125555997815
38,13,1,1,0,0.6741411418347307,7.524125555997815
38,14,1,0,0,0.6741411418347307,7.524125555997815
38,15,1,0,0,0.6741411418347307,7.524125555997815
38,16,0,1,0,0.6741411418347307,7.524125555997815
38,17,1,1,0,0.6741411418347307,7.524125555997815
38,18,1,1,1,0.6741411418347307,7.524125555997815
38,19,1,0,0,0.6741411418347307,7.524125555997815
38,20,0,0,0,0.6741411418347307,7.524125555997815
38,21,1,0,1,0.6741411418347307,7.524125555997815
38,22,0,0,0,0.6741411418347307,7.524125555997815
38,23,0,1,1,0.6741411418347307,7.524125555997815
38,24,0,1,0,0.6741411418347307,7.524125555997815
38,25,1,1,0,0.6741411418347307,7.524125555997815
38,26,1,1,0,0.6741411418347307,7.524125555997815
38,27,1,1,0,0.6741411418347307,7.524125555997815
38,28,1,1,0,0.6741411418347307,7.524125555997815
38,29,1,0,0,0.6741411418347307,7.524125555997815
38,30,1,1,0,0.6741411418347307,7.524125555997815
38,31,1,1,0,0.6741411418347307,7.524125555997815
38,32,1,1,0,0.6741411418347307,7.524125555997815
38,33,1,1,0,0.6741411418347307,7.524125555997815
38,34,1,1,0,0.6741411418347307,7.524125555997815
38,35,1,1,0,0.6741411418347307,7.524125555997815
38,36,1,1,0,0.6741411418347307,7.524125555997815
38,37,1,1,1,0.6741411418347307,7.524125555997815
38,38,0,1,0,0.6741411418347307,7.524125555997815
38,39,1,1,0,0.6741411418347307,7.524125555997815
38,40,1,1,1,0.6741411418347307,7.524125555997815
38,41,1,0,1,0.6741411418347307,7.524125555997815
38,42,0,1,1,0.6741411418347307,7.524125555997815
38,43,1,0,1,0.6741411418347307,7.524125555997815
38,44,0,1,1,0.6741411418347307,7.524125555997815
38,45,0,1,0,0.6741411418347307,7.524125555997815
38,46,1,1,0,0.6741411418347307,7.524125555997815
38,47,1,1,0,0.6741411418347307,7.524125555997815
38,48,1,1,0,0.6741411418347307,7.524125555997815
38,49,1,1,0,0.6741411418347307,7.524125555997815
38,50,1,1,0,0.6741411418347307,7.524125555997815
38,51,1,1,1,0.6741411418347307,7.524125555997815
38,52,0,1,1,0.6741411418347307,7.524125555997815
38,53,1,1,0,0.6741411418347307,7.524125555997815
38,54,1,1,0,0.6741411418347307,7.524125555997815
38,55,1,1,0,0.6741411418347307,7.524125555997815
38,56,1,1,0,0.6741411418347307,7.524125555997815
38,57,1,1,1,0.6741411418347307,7.524125555997815
38,58,1,1,1,0.6741411418347307,7.524125555997815
38,59,1,1,0,0.6741411418347307,7.524125555997815
38,60,1,1,0,0.6741411418347307,7.524125555997815
38,61,1,0,0,0.6741411418347307,7.524125555997815
38,62,1,0,0,0.6741411418347307,7.524125555997815
38,63,0,1,0,0.6741411418347307,7.524125555997815
38,64,1,1,1,0.6741411418347307,7.524125555997815
38,65,1,0,0,0.6741411418347307,7.524125555997815
38,66,1,1,1,0.6741411418347307,7.524125555997815
38,67,1,1,1,0.6741411418347307,7.524125555997815
38,68,1,1,0,0.6741411418347307,7.524125555997815
38,69,1,1,0,0.6741411418347307,7.524125555997815
38,70,1,1,0,0.6741411418347307,7.524125555997815
38,71,1,0,0,0.6741411418347307,7.524125555997815
38,72,1,1,0,0.6741411418347307,7.524125555997815
38,73,1,1,1,0.6741411418347307,7.524125555997815
38,74,1,0,1,0.6741411418347307,7.524125555997815
38,75,0,0,1,0.6741411418347307,7.524125555997815
38,76,0,1,0,0.6741411418347307,7.524125555997815
38,77,1,1,0,0.6741411418347307,7.524125555997815
38,78,1,1,0,0.6741411418347307,7.524125555997815
38,79,1,1,1,0.6741411418347307,7.524125555997815
38,80,1,0,1,0.6741411418347307,7.524125555997815
38,81,0,1,1,0.6741411418347307,7.524125555997815
38,82,1,0,0,0.6741411418347307,7.524125555997815
38,83,1,1,0,0.6741411418347307,7.524125555997815
38,84,1,0,0,0.6741411418347307,7.524125555997815
38,85,1,0,0,0.6741411418347307,7.524125555997815
38,86,1,0,1,0.6741411418347307,7.524125555997815
38,87,0,1,0,0.6741411418347307,7.524125555997815
38,88,1,0,1,0.6741411418347307,7.524125555997815
38,89,0,1,0,0.6741411418347307,7.524125555997815
38,90,1,1,0,0.6741411418347307,7.524125555997815
38,91,1,1,0,0.6741411418347307,7.524125555997815
38,92,1,0,1,0.6741411418347307,7.524125555997815
38,93,0,1,1,0.6741411418347307,7.524125555997815
38,94,0,1,0,0.6741411418347307,7.524125555997815
38,95,1,1,0,0.6741411418347307,7.524125555997815
38,96,1,1,0,0.6741411418347307,7.524125555997815
38,97,1,0,0,0.6741411418347307,7.524125555997815
38,98,1,0,1,0.6741411418347307,7.524125555997815
38,99,0,1,0,0.6741411418347307,7.524125555997815
38,100,1,1,0,0.6741411418347307,7.524125555997815
39,1,1,0,0,0.5458617146422343,8.571425453041725
39,2,1,1,0,0.5458617146422343,8.571425453041725
39,3,1,1,1,0.5458617146422343,8.571425453041725
39,4,1,1,1,0.5458617146422343,8.571425453041725
39,5,1,1,0,0.5458617146422343,8.571425453041725
39,6,1,1,0,0.5458617146422343,8.571425453041725
39,7,1,0,0,0.5458617146422343,8.571425453041725
39,8,1,1,0,0.5458617146422343,8.571425453041725
39,9,1,1,1,0.5458617146422343,8.571425453041725
39,10,1,1,0,0.5458617146422343,8.571425453041725
39,11,1,1,0,0.5458617146422343,8.571425453041725
39,12,1,1,0,0.5458617146422343,8.571425453041725
39,13,1,1,1,0.5458617146422343,8.571425453041725
39,14,1,1,0,0.5458617146422343,8.571425453041725
39,15,1,1,1,0.5458617146422343,8.571425453041725
39,16,1,0,1,0.5458617146422343,8.571425453041725
39,17,0,0,1,0.5458617146422343,8.571425453041725
39,18,0,1,0,0.5458617146422343,8.571425453041725
39,19,1,0,0,0.5458617146422343,8.571425453041725
39,20,1,1,0,0.5458617146422343,8.571425453041725
39,21,1,0,1,0.5458617146422343,8.571425453041725
39,22,0,1,1,0.5458617146422343,8.571425453041725
39,23,0,1,0,0.5458617146422343,8.571425453041725
39,24,1,1,0,0.5458617146422343,8.571425453041725
39,25,1,0,0,0.5458617146422343,8.571425453041725
39,26,1,0,0,0.5458617146422343,8.571425453041725
39,27,1,0,1,0.5458617146422343,8.571425453041725
39,28,0,0,0,0.5458617146422343,8.571425453041725
39,29,0,1,0,0.5458617146422343,8.571425453041725
39,30,1,1,1,0.5458617146422343,8.571425453041725
39,31,1,1,1,0.5458617146422343,8.571425453041725
39,32,0,1,1,0.5458617146422343,8.571425453041725
39,33,0,1,0,0.5458617146422343,8.571425453041725
39,34,1,1,0,0.5458617146422343,8.571425453041725
39,35,1,0,0,0.5458617146422343,8.571425453041725
39,36,1,0,1,0.5458617146422343,8.571425453041725
39,37,0,1,0,0.5458617146422343,8.571425453041725
39,38,1,1,0,0.5458617146422343,8.571425453041725
39,39,1,1,0,0.5458617146422343,8.571425453041725
39,40,1,1,0,0.5458617146422343,8.571425453041725
39,41,1,1,1,0.5458617146422343,8.571425453041725
39,42,1,1,1,0.5458617146422343,8.571425453041725
39,43,1,1,0,0.5458617146422343,8.571425453041725
39,44,1,1,0,0.5458617146422343,8.571425453041725
39,45,1,1,0,0.5458617146422343,8.571425453041725
39,46,1,0,0,0.5458617146422343,8.571425453041725
39,47,1,1,0,0.5458617146422343,8.571425453041725
39,48,1,0,0,0.5458617146422343,8.571425453041725
39,49,1,1,1,0.5458617146422343,8.571425453041725
39,50,1,1,1,0.5458617146422343,8.571425453041725
39,51,1,1,0,0.5458617146422343,8.571425453041725
39,52,1,1,0,0.5458617146422343,8.571425453041725
39,53,1,1,1,0.5458617146422343,8.571425453041725
39,54,1,0,1,0.5458617146422343,8.571425453041725
39,55,0,1,0,0.5458617146422343,8.571425453041725
39,56,1,1,0,0.5458617146422343,8.571425453041725
39,57,1,1,0,0.5458617146422343,8.571425453041725
39,58,1,1,0,0.5458617146422343,8.571425453041725
39,59,1,1,0,0.5458617146422343,8.571425453041725
39,60,1,1,0,0.5458617146422343,8.571425453041725
39,61,1,0,1,0.5458617146422343,8.571425453041725
39,62,0,1,0,0.5458617146422343,8.571425453041725
39,63,1,1,1,0.5458617146422343,8.571425453041725
39,64,0,1,0,0.5458617146422343,8.571425453041725
39,65,1,1,0,0.5458617146422343,8.571425453041725
39,66,1,1,0,0.5458617146422343,8.571425453041725
39,67,1,0,0,0.5458617146422343,8.571425453041725
39,68,1,1,0,0.5458617146422343,8.571425453041725
39,69,1,0,1,0.5458617146422343,8.571425453041725
39,70,0,1,0,0.5458617146422343,8.571425453041725
39,71,1,1,0,0.5458617146422343,8.571425453041725
39,72,1,1,0,0.5458617146422343,8.571425453041725
39,73,1,0,1,0.5458617146422343,8.571425453041725
39,74,0,0,1,0.5458617146422343,8.571425453041725
39,75,0,0,0,0.5458617146422343,8.571425453041725
39,76,0,1,0,0.5458617146422343,8.571425453041725
39,77,1,1,0,0.5458617146422343,8.571425453041725
39,78,1,1,0,0.5458617146422343,8.571425453041725
39,79,1,1,1,0.5458617146422343,8.571425453041725
39,80,1,1,1,0.5458617146422343,8.571425453041725
39,81,1,0,0,0.5458617146422343,8.571425453041725
39,82,1,1,0,0.5458617146422343,8.571425453041725
39,83,1,1,0,0.5458617146422343,8.571425453041725
39,84,1,0,0,0.5458617146422343,8.571425453041725
39,85,1,1,1,0.5458617146422343,8.571425453041725
39,86,1,0,1,0.5458617146422343,8.571425453041725
39,87,0,0,0,0.5458617146422343,8.571425453041725
39,88,0,1,0,0.5458617146422343,8.571425453041725
39,89,0,1,0,0.5458617146422343,8.571425453041725
39,90,1,1,0,0.5458617146422343,8.571425453041725
39,91,1,0,1,0.5458617146422343,8.571425453041725
39,92,0,1,0,0.5458617146422343,8.571425453041725
39,93,1,1,1,0.5458617146422343,8.571425453041725
39,94,1,1,0,0.5458617146422343,8.571425453041725
39,95,1,1,0,0.5458617146422343,8.571425453041725
39,96,1,0,0,0.5458617146422343,8.571425453041725
39,97,1,0,0,0.5458617146422343,8.571425453041725
39,98,1,1,0,0.5458617146422343,8.571425453041725
39,99,1,1,0,0.5458617146422343,8.571425453041725
39,100,1,1,0,0.5458617146422343,8.571425453041725
40,1,0,1,0,0.6084988397582741,8.845812352159632
40,2,1,1,0,0.6084988397582741,8.845812352159632
40,3,1,1,1,0.6084988397582741,8.845812352159632
40,4,1,0,0,0.6084988397582741,8.845812352159632
40,5,1,1,0,0.6084988397582741,8.845812352159632
40,6,1,1,0,0.6084988397582741,8.845812352159632
40,7,1,1,1,0.6084988397582741,8.845812352159632
40,8,1,0,1,0.6084988397582741,8.845812352159632
40,9,0,1,0,0.6084988397582741,8.845812352159632
40,10,1,1,1,0.6084988397582741,8.845812352159632
40,11,0,1,1,0.6084988397582741,8.845812352159632
40,12,0,1,1,0.6084988397582741,8.845812352159632
40,13,0,1,0,0.6084988397582741,8.845812352159632
40,14,1,0,0,0.6084988397582741,8.845812352159632
40,15,1,1,0,0.6084988397582741,8.845812352159632
40,16,1,1,0,0.6084988397582741,8.845812352159632
40,17,1,1,0,0.6084988397582741,8.845812352159632
40,18,1,1,0,0.6084988397582741,8.845812352159632
40,19,1,0,0,0.6084988397582741,8.845812352159632
40,20,1,1,0,0.6084988397582741,8.845812352159632
40,21,1,0,0,0.6084988397582741,8.845812352159632
40,22,1,1,0,0.6084988397582741,8.845812352159632
40,23,1,1,0,0.6084988397582741,8.845812352159632
40,24,1,1,0,0.6084988397582741,8.845812352159632
40,25,1,0,0,0.6084988397582741,8.845812352159632
40,26,1,1,0,0.6084988397582741,8.845812352159632
40,27,1,1,1,0.6084988397582741,8.845812352159632
40,28,0,0,1,0.6084988397582741,8.845812352159632
40,29,0,1,0,0.6084988397582741,8.845812352159632
40,30,1,1,0,0.6084988397582741,8.845812352159632
40,31,1,1,0,0.6084988397582741,8.845812352159632
40,32,1,1,0,0.6084988397582741,8.845812352159632
40,33,1,1,0,0.6084988397582741,8.845812352159632
40,34,1,1,1,0.6084988397582741,8.845812352159632
40,35,1,0,0,0.6084988397582741,8.845812352159632
40,36,1,0,0,0.6084988397582741,8.845812352159632
40,37,0,1,0,0.6084988397582741,8.845812352159632
40,38,1,1,1,0.6084988397582741,8.845812352159632
40,39,1,1,0,0.6084988397582741,8.845812352159632
40,40,1,1,1,0.6084988397582741,8.845812352159632
40,41,1,1,0,0.6084988397582741,8.845812352159632
40,42,1,1,1,0.6084988397582741,8.845812352159632
40,43,1,0,0,0.6084988397582741,8.845812352159632
40,44,1,0,1,0.6084988397582741,8.845812352159632
40,45,0,1,1,0.6084988397582741,8.845812352159632
40,46,0,0,0,0.6084988397582741,8.845812352159632
40,47,1,1,1,0.6084988397582741,8.845812352159632
40,48,1,0,1,0.6084988397582741,8.845812352159632
40,49,0,1,0,0.6084988397582741,8.845812352159632
40,50,1,0,1,0.6084988397582741,8.845812352159632
40,51,0,1,0,0.6084988397582741,8.845812352159632
40,52,1,0,0,0.6084988397582741,8.845812352159632
40,53,0,0,0,0.6084988397582741,8.845812352159632
40,54,0,1,0,0.6084988397582741,8.845812352159632
40,55,1,1,0,0.6084988397582741,8.845812352159632
40,56,1,1,0,0.6084988397582741,8.845812352159632
40,57,1,1,1,0.6084988397582741,8.845812352159632
40,58,1,1,1,0.6084988397582741,8.845812352159632
40,59,0,1,1,0.6084988397582741,8.845812352159632
40,60,1,0,0,0.6084988397582741,8.845812352159632
40,61,1,1,1,0.6084988397582741,8.845812352159632
40,62,1,1,0,0.6084988397582741,8.845812352159632
40,63,1,1,0,0.6084988397582741,8.845812352159632
40,64,1,0,0,0.6084988397582741,8.845812352159632
40,65,1,1,0,0.6084988397582741,8.845812352159632
40,66,1,1,0,0.6084988397582741,8.845812352159632
40,67,1,0,0,0.6084988397582741,8.845812352159632
40,68,1,1,0,0.6084988397582741,8.845812352159632
40,69,1,1,0,0.6084988397582741,8.845812352159632
40,70,1,0,0,0.6084988397582741,8.845812352159632
40,71,1,1,1,0.6084988397582741,8.845812352159632
40,72,1,1,1,0.6084988397582741,8.845812352159632
40,73,1,1,1,0.6084988397582741,8.845812352159632
40,74,0,1,0,0.6084988397582741,8.845812352159632
40,75,1,0,0,0.6084988397582741,8.845812352159632
40,76,1,1,1,0.6084988397582741,8.845812352159632
40,77,0,1,1,0.6084988397582741,8.845812352159632
40,78,1,0,0,0.6084988397582741,8.845812352159632
40,79,1,1,1,0.6084988397582741,8.845812352159632
40,80,0,1,0,0.6084988397582741,8.845812352159632
40,81,1,1,0,0.6084988397582741,8.845812352159632
40,82,1,1,0,0.6084988397582741,8.845812352159632
40,83,1,1,0,0.6084988397582741,8.845812352159632
40,84,1,1,0,0.6084988397582741,8.845812352159632
40,85,1,1,0,0.6084988397582741,8.845812352159632
40,86,1,1,0,0.6084988397582741,8.845812352159632
40,87,1,1,0,0.6084988397582741,8.845812352159632
40,88,1,0,0,0.6084988397582741,8.845812352159632
40,89,1,0,0,0.6084988397582741,8.845812352159632
40,90,1,1,1,0.6084988397582741,8.845812352159632
40,91,1,1,0,0.6084988397582741,8.845812352159632
40,92,1,0,0,0.6084988397582741,8.845812352159632
40,93,1,0,0,0.6084988397582741,8.845812352159632
40,94,1,1,1,0.6084988397582741,8.845812352159632
40,95,0,0,0,0.6084988397582741,8.845812352159632
40,96,1,1,1,0.6084988397582741,8.845812352159632
40,97,1,1,1,0.6084988397582741,8.845812352159632
40,98,1,1,0,0.6084988397582741,8.845812352159632
40,99,1,0,0,0.6084988397582741,8.845812352159632
40,100,0,1,0,0.6084988397582741,8.845812352159632
41,1,0,1,1,0.7705894910145415,8.630086444972417
41,2,1,1,0,0.7705894910145415,8.630086444972417
41,3,1,1,0,0.7705894910145415,8.630086444972417
41,4,1,1,0,0.7705894910145415,8.630086444972417
41,5,1,1,0,0.7705894910145415,8.630086444972417
41,6,1,0,0,0.7705894910145415,8.630086444972417
41,7,1,1,0,0.7705894910145415,8.630086444972417
41,8,1,1,0,0.7705894910145415,8.630086444972417
41,9,1,1,0,0.7705894910145415,8.630086444972417
41,10,1,1,0,0.7705894910145415,8.630086444972417
41,11,1,1,0,0.7705894910145415,8.630086444972417
41,12,1,1,1,0.7705894910145415,8.630086444972417
41,13,1,1,0,0.7705894910145415,8.630086444972417
41,14,1,1,1,0.7705894910145415,8.630086444972417
41,15,0,0,0,0.7705894910145415,8.630086444972417
41,16,0,1,1,0.7705894910145415,8.630086444972417
41,17,1,1,0,0.7705894910145415,8.630086444972417
41,18,1,0,0,0.7705894910145415,8.630086444972417
41,19,1,0,1,0.7705894910145415,8.630086444972417
41,20,0,1,0,0.7705894910145415,8.630086444972417
41,21,1,1,0,0.7705894910145415,8.630086444972417
41,22,1,1,1,0.7705894910145415,8.630086444972417
41,23,1,1,0,0.7705894910145415,8.630086444972417
41,24,1,0,0,0.7705894910145415,8.630086444972417
41,25,1,1,1,0.7705894910145415,8.630086444972417
41,26,0,1,1,0.7705894910145415,8.630086444972417
41,27,1,1,0,0.7705894910145415,8.630086444972417
41,28,1,1,0,0.7705894910145415,8.630086444972417
41,29,1,0,0,0.7705894910145415,8.630086444972417
41,30,1,1,1,0.7705894910145415,8.630086444972417
41,31,1,1,1,0.7705894910145415,8.630086444972417
41,32,1,1,1,0.7705894910145415,8.630086444972417
41,33,1,1,0,0.7705894910145415,8.630086444972417
41,34,1,0,0,0.7705894910145415,8.630086444972417
41,35,1,1,0,0.7705894910145415,8.630086444972417
41,36,1,1,0,0.7705894910145415,8.630086444972417
41,37,1,1,0,0.7705894910145415,8.630086444972417
41,38,1,1,0,0.7705894910145415,8.630086444972417
41,39,1,1,0,0.7705894910145415,8.630086444972417
41,40,1,0,1,0.7705894910145415,8.630086444972417
41,41,0,0,0,0.7705894910145415,8.630086444972417
41,42,0,1,0,0.7705894910145415,8.630086444972417
41,43,1,1,1,0.7705894910145415,8.630086444972417
41,44,1,1,1,0.7705894910145415,8.630086444972417
41,45,1,1,0,0.7705894910145415,8.630086444972417
41,46,1,0,0,0.7705894910145415,8.630086444972417
41,47,1,1,1,0.7705894910145415,8.630086444972417
41,48,0,1,0,0.7705894910145415,8.630086444972417
41,49,1,1,1,0.7705894910145415,8.630086444972417
41,50,1,1,1,0.7705894910145415,8.630086444972417
41,51,1,1,1,0.7705894910145415,8.630086444972417
41,52,0,1,0,0.7705894910145415,8.630086444972417
41,53,1,0,0,0.7705894910145415,8.630086444972417
41,54,1,1,1,0.7705894910145415,8.630086444972417
41,55,0,1,0,0.7705894910145415,8.630086444972417
41,56,1,1,0,0.7705894910145415,8.630086444972417
41,57,1,1,1,0.7705894910145415,8.630086444972417
41,58,1,1,1,0.7705894910145415,8.630086444972417
41,59,0,1,0,0.7705894910145415,8.630086444972417
41,60,1,1,0,0.7705894910145415,8.630086444972417
41,61,1,1,1,0.7705894910145415,8.630086444972417
41,62,1,1,0,0.7705894910145415,8.630086444972417
41,63,1,1,1,0.7705894910145415,8.630086444972417
41,64,1,1,0,0.7705894910145415,8.630086444972417
41,65,1,1,1,0.7705894910145415,8.630086444972417
41,66,1,1,0,0.7705894910145415,8.630086444972417
41,67,1,0,1,0.7705894910145415,8.630086444972417
41,68,0,1,0,0.7705894910145415,8.630086444972417
41,69,1,0,1,0.7705894910145415,8.630086444972417
41,70,0,1,1,0.7705894910145415,8.630086444972417
41,71,0,1,0,0.7705894910145415,8.630086444972417
41,72,1,0,0,0.7705894910145415,8.630086444972417
41,73,1,1,0,0.7705894910145415,8.630086444972417
41,74,1,0,0,0.7705894910145415,8.630086444972417
41,75,1,1,0,0.7705894910145415,8.630086444972417
41,76,1,1,0,0.7705894910145415,8.630086444972417
41,77,1,1,0,0.7705894910145415,8.630086444972417
41,78,1,1,0,0.7705894910145415,8.630086444972417
41,79,1,1,0,0.7705894910145415,8.630086444972417
41,80,1,1,0,0.7705894910145415,8.630086444972417
41,81,1,1,0,0.7705894910145415,8.630086444972417
41,82,1,1,0,0.7705894910145415,8.630086444972417
41,83,1,1,0,0.7705894910145415,8.630086444972417
41,84,1,1,0,0.7705894910145415,8.630086444972417
41,85,1,1,0,0.7705894910145415,8.630086444972417
41,86,1,0,0,0.7705894910145415,8.630086444972417
41,87,1,0,0,0.7705894910145415,8.630086444972417
41,88,0,0,0,0.7705894910145415,8.630086444972417
41,89,1,1,1,0.7705894910145415,8.630086444972417
41,90,1,0,0,0.7705894910145415,8.630086444972417
41,91,1,1,0,0.7705894910145415,8.630086444972417
41,92,1,0,0,0.7705894910145415,8.630086444972417
41,93,0,0,0,0.7705894910145415,8.630086444972417
41,94,1,1,0,0.7705894910145415,8.630086444972417
41,95,1,0,1,0.7705894910145415,8.630086444972417
41,96,0,1,0,0.7705894910145415,8.630086444972417
41,97,1,1,0,0.7705894910145415,8.630086444972417
41,98,1,1,0,0.7705894910145415,8.630086444972417
41,99,1,0,1,0.7705894910145415,8.630086444972417
41,100,0,0,0,0.7705894910145415,8.630086444972417
42,1,1,1,0,0.7326560928044554,6.969022955505521
42,2,1,0,1,0.7326560928044554,6.969022955505521
42,3,0,1,1,0.7326560928044554,6.969022955505521
42,4,0,1,0,0.7326560928044554,6.969022955505521
42,5,1,1,0,0.7326560928044554,6.969022955505521
42,6,1,1,1,0.7326560928044554,6.969022955505521
42,7,1,1,1,0.7326560928044554,6.969022955505521
42,8,0,1,0,0.7326560928044554,6.969022955505521
42,9,1,1,0,0.7326560928044554,6.969022955505521
42,10,1,0,1,0.7326560928044554,6.969022955505521
42,11,0,0,1,0.7326560928044554,6.969022955505521
42,12,0,1,0,0.7326560928044554,6.969022955505521
42,13,1,1,0,0.7326560928044554,6.969022955505521
42,14,1,1,0,0.7326560928044554,6.969022955505521
42,15,1,0,1,0.7326560928044554,6.969022955505521
42,16,0,1,1,0.7326560928044554,6.969022955505521
42,17,0,0,1,0.7326560928044554,6.969022955505521
42,18,0,1,0,0.7326560928044554,6.969022955505521
42,19,1,1,1,0.7326560928044554,6.969022955505521
42,20,1,1,0,0.7326560928044554,6.969022955505521
42,21,1,1,0,0.7326560928044554,6.969022955505521
42,22,1,0,0,0.7326560928044554,6.969022955505521
42,23,1,0,0,0.7326560928044554,6.969022955505521
42,24,0,1,1,0.7326560928044554,6.969022955505521
42,25,1,1,1,0.7326560928044554,6.969022955505521
42,26,1,0,0,0.7326560928044554,6.969022955505521
42,27,1,1,1,0.7326560928044554,6.969022955505521
42,28,0,1,0,0.7326560928044554,6.969022955505521
42,29,1,1,1,0.7326560928044554,6.969022955505521
42,30,1,1,0,0.7326560928044554,6.969022955505521
42,31,1,1,0,0.7326560928044554,6.969022955505521
42,32,1,0,0,0.7326560928044554,6.969022955505521
42,33,0,1,0,0.7326560928044554,6.969022955505521
42,34,1,1,0,0.7326560928044554,6.969022955505521
42,35,1,1,1,0.7326560928044554,6.969022955505521
42,36,1,1,0,0.7326560928044554,6.969022955505521
42,37,1,0,0,0.7326560928044554,6.969022955505521
42,38,0,1,0,0.7326560928044554,6.969022955505521
42,39,1,1,1,0.7326560928044554,6.969022955505521
42,40,1,1,1,0.7326560928044554,6.969022955505521
42,41,1,1,1,0.7326560928044554,6.969022955505521
42,42,1,0,0,0.7326560928044554,6.969022955505521
42,43,1,1,0,0.7326560928044554,6.969022955505521
42,44,1,1,1,0.7326560928044554,6.969022955505521
42,45,1,1,0,0.7326560928044554,6.969022955505521
42,46,1,1,0,0.7326560928044554,6.969022955505521
42,47,1,1,0,0.7326560928044554,6.969022955505521
42,48,1,0,0,0.7326560928044554,6.969022955505521
42,49,1,1,0,0.7326560928044554,6.969022955505521
42,50,1,1,0,0.7326560928044554,6.969022955505521
42,51,1,0,0,0.7326560928044554,6.969022955505521
42,52,1,0,0,0.7326560928044554,6.969022955505521
42,53,1,1,0,0.7326560928044554,6.969022955505521
42,54,1,1,1,0.7326560928044554,6.969022955505521
42,55,0,1,0,0.7326560928044554,6.969022955505521
42,56,1,1,0,0.7326560928044554,6.969022955505521
42,57,1,1,1,0.7326560928044554,6.969022955505521
42,58,1,1,0,0.7326560928044554,6.969022955505521
42,59,1,1,0,0.7326560928044554,6.969022955505521
42,60,1,0,1,0.7326560928044554,6.969022955505521
42,61,0,1,0,0.7326560928044554,6.969022955505521
42,62,1,0,0,0.7326560928044554,6.969022955505521
42,63,1,0,0,0.7326560928044554,6.969022955505521
42,64,1,1,0,0.7326560928044554,6.969022955505521
42,65,1,0,0,0.7326560928044554,6.969022955505521
42,66,1,1,0,0.7326560928044554,6.969022955505521
42,67,1,0,0,0.7326560928044554,6.969022955505521
42,68,1,1,0,0.7326560928044554,6.969022955505521
42,69,1,0,0,0.7326560928044554,6.969022955505521
42,70,0,0,0,0.7326560928044554,6.969022955505521
42,71,0,0,1,0.7326560928044554,6.969022955505521
42,72,0,1,0,0.7326560928044554,6.969022955505521
42,73,1,0,1,0.7326560928044554,6.969022955505521
42,74,0,1,1,0.7326560928044554,6.969022955505521
42,75,0,0,0,0.7326560928044554,6.969022955505521
42,76,1,1,0,0.7326560928044554,6.969022955505521
42,77,1,0,0,0.7326560928044554,6.969022955505521
42,78,0,1,0,0.7326560928044554,6.969022955505521
42,79,1,0,1,0.7326560928044554,6.969022955505521
42,80,0,0,0,0.7326560928044554,6.969022955505521
42,81,1,1,0,0.7326560928044554,6.969022955505521
42,82,1,1,1,0.7326560928044554,6.969022955505521
42,83,1,0,1,0.7326560928044554,6.969022955505521
42,84,0,1,0,0.7326560928044554,6.969022955505521
42,85,1,0,0,0.7326560928044554,6.969022955505521
42,86,1,1,0,0.7326560928044554,6.969022955505521
42,87,1,1,0,0.7326560928044554,6.969022955505521
42,88,1,1,0,0.7326560928044554,6.969022955505521
42,89,1,1,0,0.7326560928044554,6.969022955505521
42,90,1,1,0,0.7326560928044554,6.969022955505521
42,91,1,1,0,0.7326560928044554,6.969022955505521
42,92,1,0,0,0.7326560928044554,6.969022955505521
42,93,0,1,0,0.7326560928044554,6.969022955505521
42,94,1,1,0,0.7326560928044554,6.969022955505521
42,95,1,1,0,0.7326560928044554,6.969022955505521
42,96,1,1,1,0.7326560928044554,6.969022955505521
42,97,1,1,0,0.7326560928044554,6.969022955505521
42,98,1,1,0,0.7326560928044554,6.969022955505521
42,99,1,1,1,0.7326560928044554,6.969022955505521
42,100,1,1,0,0.7326560928044554,6.969022955505521
43,1,1,1,0,0.5357966028233513,7.389850581615708
43,2,1,1,0,0.5357966028233513,7.389850581615708
43,3,1,1,0,0.5357966028233513,7.389850581615708
43,4,1,1,1,0.5357966028233513,7.389850581615708
43,5,1,1,0,0.5357966028233513,7.389850581615708
43,6,1,1,0,0.5357966028233513,7.389850581615708
43,7,1,0,0,0.5357966028233513,7.389850581615708
43,8,1,1,0,0.5357966028233513,7.389850581615708
43,9,1,1,0,0.5357966028233513,7.389850581615708
43,10,1,1,0,0.5357966028233513,7.389850581615708
43,11,1,0,0,0.5357966028233513,7.389850581615708
43,12,1,1,0,0.5357966028233513,7.389850581615708
43,13,1,0,0,0.5357966028233513,7.389850581615708
43,14,1,0,0,0.5357966028233513,7.389850581615708
43,15,1,1,1,0.5357966028233513,7.389850581615708
43,16,1,1,1,0.5357966028233513,7.389850581615708
43,17,0,0,0,0.5357966028233513,7.389850581615708
43,18,0,1,1,0.5357966028233513,7.389850581615708
43,19,0,1,0,0.5357966028233513,7.389850581615708
43,20,1,0,0,0.5357966028233513,7.389850581615708
43,21,1,1,0,0.5357966028233513,7.389850581615708
43,22,1,0,0,0.5357966028233513,7.389850581615708
43,23,1,1,1,0.5357966028233513,7.389850581615708
43,24,0,1,0,0.5357966028233513,7.389850581615708
43,25,1,1,1,0.5357966028233513,7.389850581615708
43,26,1,1,1,0.5357966028233513,7.389850581615708
43,27,1,1,0,0.5357966028233513,7.389850581615708
43,28,1,1,0,0.5357966028233513,7.389850581615708
43,29,1,1,0,0.5357966028233513,7.389850581615708
43,30,1,1,0,0.5357966028233513,7.389850581615708
43,31,1,1,0,0.5357966028233513,7.389850581615708
43,32,1,1,1,0.5357966028233513,7.389850581615708
43,33,1,1,0,0.5357966028233513,7.389850581615708
43,34,1,0,1,0.5357966028233513,7.389850581615708
43,35,0,1,0,0.5357966028233513,7.389850581615708
43,36,1,1,0,0.5357966028233513,7.389850581615708
43,37,1,1,1,0.5357966028233513,7.389850581615708
43,38,1,1,0,0.5357966028233513,7.389850581615708
43,39,1,1,0,0.5357966028233513,7.389850581615708
43,40,1,1,0,0.5357966028233513,7.389850581615708
43,41,1,0,1,0.5357966028233513,7.389850581615708
43,42,0,0,0,0.5357966028233513,7.389850581615708
43,43,0,1,0,0.5357966028233513,7.389850581615708
43,44,1,0,1,0.5357966028233513,7.389850581615708
43,45,0,1,0,0.5357966028233513,7.389850581615708
43,46,1,1,0,0.5357966028233513,7.389850581615708
43,47,1,0,1,0.5357966028233513,7.389850581615708
43,48,0,0,0,0.5357966028233513,7.389850581615708
43,49,0,1,0,0.5357966028233513,7.389850581615708
43,50,1,1,0,0.5357966028233513,7.389850581615708
43,51,1,1,0,0.5357966028233513,7.389850581615708
43,52,1,1,0,0.5357966028233513,7.389850581615708
43,53,1,1,0,0.5357966028233513,7.389850581615708
43,54,1,1,1,0.5357966028233513,7.389850581615708
43,55,1,1,1,0.5357966028233513,7.389850581615708
43,56,0,1,0,0.5357966028233513,7.389850581615708
43,57,1,1,0,0.5357966028233513,7.389850581615708
43,58,1,0,0,0.5357966028233513,7.389850581615708
43,59,1,0,0,0.5357966028233513,7.389850581615708
43,60,1,1,1,0.5357966028233513,7.389850581615708
43,61,1,1,0,0.5357966028233513,7.389850581615708
43,62,1,0,0,0.5357966028233513,7.389850581615708
43,63,1,0,0,0.5357966028233513,7.389850581615708
43,64,1,0,0,0.5357966028233513,7.389850581615708
43,65,0,1,0,0.5357966028233513,7.389850581615708
43,66,1,1,1,0.5357966028233513,7.389850581615708
43,67,0,0,0,0.5357966028233513,7.389850581615708
43,68,1,0,0,0.5357966028233513,7.389850581615708
43,69,0,0,0,0.5357966028233513,7.389850581615708
43,70,1,1,0,0.5357966028233513,7.389850581615708
43,71,1,1,1,0.5357966028233513,7.389850581615708
43,72,1,1,1,0.5357966028233513,7.389850581615708
43,73,0,0,0,0.5357966028233513,7.389850581615708
43,74,0,0,1,0.5357966028233513,7.389850581615708
43,75,0,1,0,0.5357966028233513,7.389850581615708
43,76,1,1,1,0.5357966028233513,7.389850581615708
43,77,1,0,0,0.5357966028233513,7.389850581615708
43,78,0,1,0,0.5357966028233513,7.389850581615708
43,79,1,0,0,0.5357966028233513,7.389850581615708
43,80,1,0,0,0.5357966028233513,7.389850581615708
43,81,1,1,0,0.5357966028233513,7.389850581615708
43,82,1,1,0,0.5357966028233513,7.389850581615708
43,83,1,0,1,0.5357966028233513,7.389850581615708
43,84,0,1,0,0.5357966028233513,7.389850581615708
43,85,1,1,0,0.5357966028233513,7.389850581615708
43,86,1,1,1,0.5357966028233513,7.389850581615708
43,87,1,1,0,0.5357966028233513,7.389850581615708
43,88,1,1,1,0.5357966028233513,7.389850581615708
43,89,1,1,0,0.5357966028233513,7.389850581615708
43,90,1,0,0,0.5357966028233513,7.389850581615708
43,91,1,1,1,0.5357966028233513,7.389850581615708
43,92,0,1,0,0.5357966028233513,7.389850581615708
43,93,1,0,0,0.5357966028233513,7.389850581615708
43,94,1,1,0,0.5357966028233513,7.389850581615708
43,95,1,1,0,0.5357966028233513,7.389850581615708
43,96,1,0,1,0.5357966028233513,7.389850581615708
43,97,0,1,0,0.5357966028233513,7.389850581615708
43,98,1,1,1,0.5357966028233513,7.389850581615708
43,99,1,1,1,0.5357966028233513,7.389850581615708
43,100,1,1,0,0.5357966028233513,7.389850581615708
44,1,1,1,0,0.7734142066073609,6.102547328299943
44,2,1,1,0,0.7734142066073609,6.102547328299943
44,3,1,1,1,0.7734142066073609,6.102547328299943
44,4,1,0,0,0.7734142066073609,6.102547328299943
44,5,1,0,1,0.7734142066073609,6.102547328299943
44,6,0,1,0,0.7734142066073609,6.102547328299943
44,7,1,1,1,0.7734142066073609,6.102547328299943
44,8,1,1,0,0.7734142066073609,6.102547328299943
44,9,1,1,0,0.7734142066073609,6.102547328299943
44,10,1,1,0,0.7734142066073609,6.102547328299943
44,11,1,1,1,0.7734142066073609,6.102547328299943
44,12,1,1,0,0.7734142066073609,6.102547328299943
44,13,1,1,0,0.7734142066073609,6.102547328299943
44,14,1,1,0,0.7734142066073609,6.102547328299943
44,15,1,1,0,0.7734142066073609,6.102547328299943
44,16,1,1,0,0.7734142066073609,6.102547328299943
44,17,1,1,0,0.7734142066073609,6.102547328299943
44,18,1,0,0,0.7734142066073609,6.102547328299943
44,19,1,0,1,0.7734142066073609,6.102547328299943
44,20,0,1,0,0.7734142066073609,6.102547328299943
44,21,0,1,0,0.7734142066073609,6.102547328299943
44,22,1,1,0,0.7734142066073609,6.102547328299943
44,23,1,1,0,0.7734142066073609,6.102547328299943
44,24,1,1,0,0.7734142066073609,6.102547328299943
44,25,1,0,0,0.7734142066073609,6.102547328299943
44,26,0,1,0,0.7734142066073609,6.102547328299943
44,27,1,0,0,0.7734142066073609,6.102547328299943
44,28,1,1,0,0.7734142066073609,6.102547328299943
44,29,1,1,0,0.7734142066073609,6.102547328299943
44,30,1,1,1,0.7734142066073609,6.102547328299943
44,31,1,0,0,0.7734142066073609,6.102547328299943
44,32,1,1,0,0.7734142066073609,6.102547328299943
44,33,1,0,0,0.7734142066073609,6.102547328299943
44,34,1,0,1,0.7734142066073609,6.102547328299943
44,35,0,1,0,0.7734142066073609,6.102547328299943
44,36,1,1,0,0.7734142066073609,6.102547328299943
44,37,1,1,1,0.7734142066073609,6.102547328299943
44,38,1,1,0,0.7734142066073609,6.102547328299943
44,39,1,0,0,0.7734142066073609,6.102547328299943
44,40,1,0,0,0.7734142066073609,6.102547328299943
44,41,0,1,0,0.7734142066073609,6.102547328299943
44,42,1,1,0,0.7734142066073609,6.102547328299943
44,43,1,0,0,0.7734142066073609,6.102547328299943
44,44,0,1,0,0.7734142066073609,6.102547328299943
44,45,1,1,0,0.7734142066073609,6.102547328299943
44,46,1,0,0,0.7734142066073609,6.102547328299943
44,47,1,1,0,0.7734142066073609,6.102547328299943
44,48,1,1,1,0.7734142066073609,6.102547328299943
44,49,1,1,0,0.7734142066073609,6.102547328299943
44,50,1,1,0,0.7734142066073609,6.102547328299943
44,51,1,0,1,0.7734142066073609,6.102547328299943
44,52,0,1,1,0.7734142066073609,6.102547328299943
44,53,0,1,1,0.7734142066073609,6.102547328299943
44,54,0,1,0,0.7734142066073609,6.102547328299943
44,55,1,0,0,0.7734142066073609,6.102547328299943
44,56,1,0,1,0.7734142066073609,6.102547328299943
44,57,0,1,1,0.7734142066073609,6.102547328299943
44,58,0,1,0,0.7734142066073609,6.102547328299943
44,59,1,1,0,0.7734142066073609,6.102547328299943
44,60,1,1,0,0.7734142066073609,6.102547328299943
44,61,1,1,1,0.7734142066073609,6.102547328299943
44,62,1,0,0,0.7734142066073609,6.102547328299943
44,63,1,1,0,0.7734142066073609,6.102547328299943
44,64,1,1,1,0.7734142066073609,6.102547328299943
44,65,1,0,0,0.7734142066073609,6.102547328299943
44,66,1,1,0,0.7734142066073609,6.102547328299943
44,67,1,1,0,0.7734142066073609,6.102547328299943
44,68,1,1,1,0.7734142066073609,6.102547328299943
44,69,1,1,0,0.7734142066073609,6.102547328299943
44,70,1,0,1,0.7734142066073609,6.102547328299943
44,71,0,1,1,0.7734142066073609,6.102547328299943
44,72,0,1,0,0.7734142066073609,6.102547328299943
44,73,1,1,0,0.7734142066073609,6.102547328299943
44,74,1,1,1,0.7734142066073609,6.102547328299943
44,75,1,1,0,0.7734142066073609,6.102547328299943
44,76,1,0,0,0.7734142066073609,6.102547328299943
44,77,0,1,0,0.7734142066073609,6.102547328299943
44,78,1,1,0,0.7734142066073609,6.102547328299943
44,79,1,1,0,0.7734142066073609,6.102547328299943
44,80,1,1,0,0.7734142066073609,6.102547328299943
44,81,1,0,0,0.7734142066073609,6.102547328299943
44,82,1,1,0,0.7734142066073609,6.102547328299943
44,83,1,1,0,0.7734142066073609,6.102547328299943
44,84,1,1,0,0.7734142066073609,6.102547328299943
44,85,1,1,1,0.7734142066073609,6.102547328299943
44,86,1,1,1,0.7734142066073609,6.102547328299943
44,87,0,1,1,0.7734142066073609,6.102547328299943
44,88,1,0,0,0.7734142066073609,6.102547328299943
44,89,1,1,1,0.7734142066073609,6.102547328299943
44,90,1,1,0,0.7734142066073609,6.102547328299943
44,91,1,0,0,0.7734142066073609,6.102547328299943
44,92,1,1,0,0.7734142066073609,6.102547328299943
44,93,1,1,0,0.7734142066073609,6.102547328299943
44,94,1,1,1,0.7734142066073609,6.102547328299943
44,95,1,1,1,0.7734142066073609,6.102547328299943
44,96,1,1,1,0.7734142066073609,6.102547328299943
44,97,0,0,0,0.7734142066073609,6.102547328299943
44,98,0,1,0,0.7734142066073609,6.102547328299943
44,99,0,1,1,0.7734142066073609,6.102547328299943
44,100,1,0,1,0.7734142066073609,6.102547328299943
45,1,1,1,0,0.670348761902595,8.999074032903774
45,2,1,1,0,0.670348761902595,8.999074032903774
45,3,1,1,0,0.670348761902595,8.999074032903774
45,4,1,1,1,0.670348761902595,8.999074032903774
45,5,0,0,0,0.670348761902595,8.999074032903774
45,6,1,0,0,0.670348761902595,8.999074032903774
45,7,1,1,0,0.670348761902595,8.999074032903774
45,8,1,1,1,0.670348761902595,8.999074032903774
45,9,1,1,0,0.670348761902595,8.999074032903774
45,10,1,0,0,0.670348761902595,8.999074032903774
45,11,1,1,1,0.670348761902595,8.999074032903774
45,12,0,1,0,0.670348761902595,8.999074032903774
45,13,1,1,0,0.670348761902595,8.999074032903774
45,14,1,1,0,0.670348761902595,8.999074032903774
45,15,1,1,0,0.670348761902595,8.999074032903774
45,16,1,1,1,0.670348761902595,8.999074032903774
45,17,1,1,0,0.670348761902595,8.999074032903774
45,18,1,1,0,0.670348761902595,8.999074032903774
45,19,1,0,1,0.670348761902595,8.999074032903774
45,20,0,1,1,0.670348761902595,8.999074032903774
45,21,0,0,1,0.670348761902595,8.999074032903774
45,22,0,0,0,0.670348761902595,8.999074032903774
45,23,0,1,0,0.670348761902595,8.999074032903774
45,24,1,1,0,0.670348761902595,8.999074032903774
45,25,1,0,0,0.670348761902595,8.999074032903774
45,26,1,1,0,0.670348761902595,8.999074032903774
45,27,1,1,0,0.670348761902595,8.999074032903774
45,28,1,1,0,0.670348761902595,8.999074032903774
45,29,1,0,0,0.670348761902595,8.999074032903774
45,30,1,0,1,0.670348761902595,8.999074032903774
45,31,0,1,0,0.670348761902595,8.999074032903774
45,32,1,1,0,0.670348761902595,8.999074032903774
45,33,1,0,0,0.670348761902595,8.999074032903774
45,34,0,0,1,0.670348761902595,8.999074032903774
45,35,0,1,0,0.670348761902595,8.999074032903774
45,36,1,1,0,0.670348761902595,8.999074032903774
45,37,1,1,0,0.670348761902595,8.999074032903774
45,38,1,1,0,0.670348761902595,8.999074032903774
45,39,1,1,0,0.670348761902595,8.999074032903774
45,40,1,1,0,0.670348761902595,8.999074032903774
45,41,1,1,1,0.670348761902595,8.999074032903774
45,42,1,1,0,0.670348761902595,8.999074032903774
45,43,1,1,0,0.670348761902595,8.999074032903774
45,44,1,1,1,0.670348761902595,8.999074032903774
45,45,0,1,0,0.670348761902595,8.999074032903774
45,46,1,0,0,0.670348761902595,8.999074032903774
45,47,1,0,1,0.670348761902595,8.999074032903774
45,48,0,1,0,0.670348761902595,8.999074032903774
45,49,1,1,0,0.670348761902595,8.999074032903774
45,50,1,1,0,0.670348761902595,8.999074032903774
45,51,1,1,0,0.670348761902595,8.999074032903774
45,52,1,1,0,0.670348761902595,8.999074032903774
45,53,1,1,1,0.670348761902595,8.999074032903774
45,54,1,1,0,0.670348761902595,8.999074032903774
45,55,1,1,0,0.670348761902595,8.999074032903774
45,56,1,1,1,0.670348761902595,8.999074032903774
45,57,1,1,0,0.670348761902595,8.999074032903774
45,58,1,1,0,0.670348761902595,8.999074032903774
45,59,1,1,0,0.670348761902595,8.999074032903774
45,60,1,1,0,0.670348761902595,8.999074032903774
45,61,1,0,0,0.670348761902595,8.999074032903774
45,62,1,1,0,0.670348761902595,8.999074032903774
45,63,1,1,1,0.670348761902595,8.999074032903774
45,64,0,1,0,0.670348761902595,8.999074032903774
45,65,1,1,0,0.670348761902595,8.999074032903774
45,66,1,1,0,0.670348761902595,8.999074032903774
45,67,1,0,0,0.670348761902595,8.999074032903774
45,68,1,0,0,0.670348761902595,8.999074032903774
45,69,1,1,0,0.670348761902595,8.999074032903774
45,70,1,1,1,0.670348761902595,8.999074032903774
45,71,1,1,0,0.670348761902595,8.999074032903774
45,72,1,1,0,0.670348761902595,8.999074032903774
45,73,1,0,0,0.670348761902595,8.999074032903774
45,74,1,1,0,0.670348761902595,8.999074032903774
45,75,1,1,0,0.670348761902595,8.999074032903774
45,76,1,1,0,0.670348761902595,8.999074032903774
45,77,1,1,0,0.670348761902595,8.999074032903774
45,78,1,1,0,0.670348761902595,8.999074032903774
45,79,1,1,1,0.670348761902595,8.999074032903774
45,80,1,1,0,0.670348761902595,8.999074032903774
45,81,1,1,0,0.670348761902595,8.999074032903774
45,82,1,1,0,0.670348761902595,8.999074032903774
45,83,1,0,0,0.670348761902595,8.999074032903774
45,84,1,1,1,0.670348761902595,8.999074032903774
45,85,1,1,0,0.670348761902595,8.999074032903774
45,86,1,0,0,0.670348761902595,8.999074032903774
45,87,1,1,0,0.670348761902595,8.999074032903774
45,88,1,1,1,0.670348761902595,8.999074032903774
45,89,0,1,0,0.670348761902595,8.999074032903774
45,90,1,0,1,0.670348761902595,8.999074032903774
45,91,0,1,1,0.670348761902595,8.999074032903774
45,92,0,1,1,0.670348761902595,8.999074032903774
45,93,0,1,0,0.670348761902595,8.999074032903774
45,94,1,1,0,0.670348761902595,8.999074032903774
45,95,1,1,0,0.670348761902595,8.999074032903774
45,96,1,1,1,0.670348761902595,8.999074032903774
45,97,1,1,0,0.670348761902595,8.999074032903774
45,98,1,1,0,0.670348761902595,8.999074032903774
45,99,1,0,0,0.670348761902595,8.999074032903774
45,100,1,1,0,0.670348761902595,8.999074032903774
46,1,1,1,1,0.5126285321634195,7.972485071460395
46,2,0,1,1,0.5126285321634195,7.972485071460395
46,3,0,1,0,0.5126285321634195,7.972485071460395
46,4,1,1,0,0.5126285321634195,7.972485071460395
46,5,1,1,0,0.5126285321634195,7.972485071460395
46,6,1,1,0,0.5126285321634195,7.972485071460395
46,7,1,1,0,0.5126285321634195,7.972485071460395
46,8,1,0,0,0.5126285321634195,7.972485071460395
46,9,1,0,0,0.5126285321634195,7.972485071460395
46,10,1,1,0,0.5126285321634195,7.972485071460395
46,11,1,0,0,0.5126285321634195,7.972485071460395
46,12,1,0,0,0.5126285321634195,7.972485071460395
46,13,0,1,0,0.5126285321634195,7.972485071460395
46,14,1,0,0,0.5126285321634195,7.972485071460395
46,15,1,1,0,0.5126285321634195,7.972485071460395
46,16,1,0,0,0.5126285321634195,7.972485071460395
46,17,1,0,0,0.5126285321634195,7.972485071460395
46,18,1,1,1,0.5126285321634195,7.972485071460395
46,19,1,0,0,0.5126285321634195,7.972485071460395
46,20,1,0,0,0.5126285321634195,7.972485071460395
46,21,1,1,0,0.5126285321634195,7.972485071460395
46,22,1,0,0,0.5126285321634195,7.972485071460395
46,23,1,1,0,0.5126285321634195,7.972485071460395
46,24,1,0,0,0.5126285321634195,7.972485071460395
46,25,1,1,0,0.5126285321634195,7.972485071460395
46,26,1,1,1,0.5126285321634195,7.972485071460395
46,27,1,0,0,0.5126285321634195,7.972485071460395
46,28,1,1,1,0.5126285321634195,7.972485071460395
46,29,1,1,0,0.5126285321634195,7.972485071460395
46,30,1,1,0,0.5126285321634195,7.972485071460395
46,31,1,0,0,0.5126285321634195,7.972485071460395
46,32,1,1,0,0.5126285321634195,7.972485071460395
46,33,1,1,0,0.5126285321634195,7.972485071460395
46,34,1,1,0,0.5126285321634195,7.972485071460395
46,35,1,1,0,0.5126285321634195,7.972485071460395
46,36,1,1,0,0.5126285321634195,7.972485071460395
46,37,1,1,0,0.5126285321634195,7.972485071460395
46,38,1,1,1,0.5126285321634195,7.972485071460395
46,39,1,1,1,0.5126285321634195,7.972485071460395
46,40,1,1,0,0.5126285321634195,7.972485071460395
46,41,1,1,0,0.5126285321634195,7.972485071460395
46,42,1,1,0,0.5126285321634195,7.972485071460395
46,43,1,1,0,0.5126285321634195,7.972485071460395
46,44,1,1,1,0.5126285321634195,7.972485071460395
46,45,1,0,0,0.5126285321634195,7.972485071460395
46,46,1,1,1,0.5126285321634195,7.972485071460395
46,47,1,1,0,0.5126285321634195,7.972485071460395
46,48,1,0,1,0.5126285321634195,7.972485071460395
46,49,0,1,1,0.5126285321634195,7.972485071460395
46,50,0,1,0,0.5126285321634195,7.972485071460395
46,51,1,0,0,0.5126285321634195,7.972485071460395
46,52,0,0,0,0.5126285321634195,7.972485071460395
46,53,1,1,0,0.5126285321634195,7.972485071460395
46,54,1,0,0,0.5126285321634195,7.972485071460395
46,55,1,0,1,0.5126285321634195,7.972485071460395
46,56,0,1,0,0.5126285321634195,7.972485071460395
46,57,1,1,0,0.5126285321634195,7.972485071460395
46,58,1,1,0,0.5126285321634195,7.972485071460395
46,59,1,1,0,0.5126285321634195,7.972485071460395
46,60,1,0,0,0.5126285321634195,7.972485071460395
46,61,1,1,1,0.5126285321634195,7.972485071460395
46,62,1,1,1,0.5126285321634195,7.972485071460395
46,63,1,1,0,0.5126285321634195,7.972485071460395
46,64,1,0,0,0.5126285321634195,7.972485071460395
46,65,1,0,0,0.5126285321634195,7.972485071460395
46,66,1,1,0,0.5126285321634195,7.972485071460395
46,67,1,0,0,0.5126285321634195,7.972485071460395
46,68,1,1,0,0.5126285321634195,7.972485071460395
46,69,1,1,0,0.5126285321634195,7.972485071460395
46,70,1,1,1,0.5126285321634195,7.972485071460395
46,71,1,1,0,0.5126285321634195,7.972485071460395
46,72,1,1,0,0.5126285321634195,7.972485071460395
46,73,1,0,0,0.5126285321634195,7.972485071460395
46,74,1,1,0,0.5126285321634195,7.972485071460395
46,75,1,0,0,0.5126285321634195,7.972485071460395
46,76,1,1,1,0.5126285321634195,7.972485071460395
46,77,0,0,0,0.5126285321634195,7.972485071460395
46,78,0,1,0,0.5126285321634195,7.972485071460395
46,79,1,1,0,0.5126285321634195,7.972485071460395
46,80,1,1,0,0.5126285321634195,7.972485071460395
46,81,1,0,1,0.5126285321634195,7.972485071460395
46,82,1,0,0,0.5126285321634195,7.972485071460395
46,83,0,1,0,0.5126285321634195,7.972485071460395
46,84,1,0,0,0.5126285321634195,7.972485071460395
46,85,1,1,1,0.5126285321634195,7.972485071460395
46,86,1,0,0,0.5126285321634195,7.972485071460395
46,87,1,1,0,0.5126285321634195,7.972485071460395
46,88,1,1,0,0.5126285321634195,7.972485071460395
46,89,1,1,0,0.5126285321634195,7.972485071460395
46,90,1,1,1,0.5126285321634195,7.972485071460395
46,91,1,1,0,0.5126285321634195,7.972485071460395
46,92,1,1,1,0.5126285321634195,7.972485071460395
46,93,1,0,0,0.5126285321634195,7.972485071460395
46,94,1,0,1,0.5126285321634195,7.972485071460395
46,95,0,1,0,0.5126285321634195,7.972485071460395
46,96,1,0,0,0.5126285321634195,7.972485071460395
46,97,1,1,0,0.5126285321634195,7.972485071460395
46,98,1,1,0,0.5126285321634195,7.972485071460395
46,99,1,0,0,0.5126285321634195,7.972485071460395
46,100,1,0,1,0.5126285321634195,7.972485071460395
47,1,0,0,0,0.7660110290222717,7.437050593059167
47,2,0,1,0,0.7660110290222717,7.437050593059167
47,3,1,1,0,0.7660110290222717,7.437050593059167
47,4,1,1,1,0.7660110290222717,7.437050593059167
47,5,1,1,0,0.7660110290222717,7.437050593059167
47,6,1,1,0,0.7660110290222717,7.437050593059167
47,7,1,1,1,0.7660110290222717,7.437050593059167
47,8,1,1,0,0.7660110290222717,7.437050593059167
47,9,1,0,1,0.7660110290222717,7.437050593059167
47,10,0,1,1,0.7660110290222717,7.437050593059167
47,11,0,1,0,0.7660110290222717,7.437050593059167
47,12,1,0,0,0.7660110290222717,7.437050593059167
47,13,0,1,0,0.7660110290222717,7.437050593059167
47,14,1,0,0,0.7660110290222717,7.437050593059167
47,15,0,1,0,0.7660110290222717,7.437050593059167
47,16,1,0,0,0.7660110290222717,7.437050593059167
47,17,1,1,0,0.7660110290222717,7.437050593059167
47,18,1,0,0,0.7660110290222717,7.437050593059167
47,19,0,1,1,0.7660110290222717,7.437050593059167
47,20,0,0,1,0.7660110290222717,7.437050593059167
47,21,0,1,0,0.7660110290222717,7.437050593059167
47,22,1,0,0,0.7660110290222717,7.437050593059167
47,23,0,1,1,0.7660110290222717,7.437050593059167
47,24,1,0,1,0.7660110290222717,7.437050593059167
47,25,0,1,0,0.7660110290222717,7.437050593059167
47,26,1,0,0,0.7660110290222717,7.437050593059167
47,27,1,1,0,0.7660110290222717,7.437050593059167
47,28,1,1,1,0.7660110290222717,7.437050593059167
47,29,0,0,0,0.7660110290222717,7.437050593059167
47,30,1,0,1,0.7660110290222717,7.437050593059167
47,31,0,1,0,0.7660110290222717,7.437050593059167
47,32,0,0,0,0.7660110290222717,7.437050593059167
47,33,1,1,0,0.7660110290222717,7.437050593059167
47,34,1,1,0,0.7660110290222717,7.437050593059167
47,35,1,1,0,0.7660110290222717,7.437050593059167
47,36,1,1,1,0.7660110290222717,7.437050593059167
47,37,1,1,0,0.7660110290222717,7.437050593059167
47,38,1,0,1,0.7660110290222717,7.437050593059167
47,39,0,1,1,0.7660110290222717,7.437050593059167
47,40,0,0,1,0.7660110290222717,7.437050593059167
47,41,0,1,0,0.7660110290222717,7.437050593059167
47,42,1,1,1,0.7660110290222717,7.437050593059167
47,43,1,1,1,0.7660110290222717,7.437050593059167
47,44,1,1,0,0.7660110290222717,7.437050593059167
47,45,1,0,1,0.7660110290222717,7.437050593059167
47,46,0,1,0,0.7660110290222717,7.437050593059167
47,47,1,1,0,0.7660110290222717,7.437050593059167
47,48,1,0,0,0.7660110290222717,7.437050593059167
47,49,0,1,0,0.7660110290222717,7.437050593059167
47,50,1,0,1,0.7660110290222717,7.437050593059167
47,51,0,1,1,0.7660110290222717,7.437050593059167
47,52,1,1,0,0.7660110290222717,7.437050593059167
47,53,1,0,1,0.7660110290222717,7.437050593059167
47,54,0,1,0,0.7660110290222717,7.437050593059167
47,55,1,1,0,0.7660110290222717,7.437050593059167
47,56,1,1,0,0.7660110290222717,7.437050593059167
47,57,1,1,0,0.7660110290222717,7.437050593059167
47,58,1,0,1,0.7660110290222717,7.437050593059167
47,59,0,0,1,0.7660110290222717,7.437050593059167
47,60,0,1,0,0.7660110290222717,7.437050593059167
47,61,1,1,0,0.7660110290222717,7.437050593059167
47,62,1,1,0,0.7660110290222717,7.437050593059167
47,63,1,1,0,0.7660110290222717,7.437050593059167
47,64,1,0,0,0.7660110290222717,7.437050593059167
47,65,1,1,0,0.7660110290222717,7.437050593059167
47,66,1,1,0,0.7660110290222717,7.437050593059167
47,67,1,1,0,0.7660110290222717,7.437050593059167
47,68,1,0,0,0.7660110290222717,7.437050593059167
47,69,0,1,0,0.7660110290222717,7.437050593059167
47,70,1,0,1,0.7660110290222717,7.437050593059167
47,71,0,1,1,0.7660110290222717,7.437050593059167
47,72,0,1,0,0.7660110290222717,7.437050593059167
47,73,1,1,0,0.7660110290222717,7.437050593059167
47,74,1,1,0,0.7660110290222717,7.437050593059167
47,75,1,1,0,0.7660110290222717,7.437050593059167
47,76,1,1,0,0.7660110290222717,7.437050593059167
47,77,1,1,0,0.7660110290222717,7.437050593059167
47,78,1,1,0,0.7660110290222717,7.437050593059167
47,79,1,1,1,0.7660110290222717,7.437050593059167
47,80,0,0,0,0.7660110290222717,7.437050593059167
47,81,0,1,0,0.7660110290222717,7.437050593059167
47,82,1,1,1,0.7660110290222717,7.437050593059167
47,83,1,1,0,0.7660110290222717,7.437050593059167
47,84,1,1,1,0.7660110290222717,7.437050593059167
47,85,1,0,0,0.7660110290222717,7.437050593059167
47,86,0,1,0,0.7660110290222717,7.437050593059167
47,87,1,1,0,0.7660110290222717,7.437050593059167
47,88,1,0,1,0.7660110290222717,7.437050593059167
47,89,0,0,0,0.7660110290222717,7.437050593059167
47,90,0,0,1,0.7660110290222717,7.437050593059167
47,91,0,1,0,0.7660110290222717,7.437050593059167
47,92,1,1,1,0.7660110290222717,7.437050593059167
47,93,0,1,0,0.7660110290222717,7.437050593059167
47,94,1,1,0,0.7660110290222717,7.437050593059167
47,95,1,0,0,0.7660110290222717,7.437050593059167
47,96,1,1,1,0.7660110290222717,7.437050593059167
47,97,1,1,1,0.7660110290222717,7.437050593059167
47,98,1,1,0,0.7660110290222717,7.437050593059167
47,99,1,0,0,0.7660110290222717,7.437050593059167
47,100,1,0,1,0.7660110290222717,7.437050593059167
48,1,0,1,1,0.7701328972476627,8.332576675981345
48,2,1,1,1,0.7701328972476627,8.332576675981345
48,3,1,0,1,0.7701328972476627,8.332576675981345
48,4,0,0,1,0.7701328972476627,8.332576675981345
48,5,0,1,1,0.7701328972476627,8.332576675981345
48,6,0,1,0,0.7701328972476627,8.332576675981345
48,7,1,1,1,0.7701328972476627,8.332576675981345
48,8,1,0,0,0.7701328972476627,8.332576675981345
48,9,1,1,1,0.7701328972476627,8.332576675981345
48,10,0,1,1,0.7701328972476627,8.332576675981345
48,11,1,1,1,0.7701328972476627,8.332576675981345
48,12,1,0,0,0.7701328972476627,8.332576675981345
48,13,0,1,0,0.7701328972476627,8.332576675981345
48,14,1,0,0,0.7701328972476627,8.332576675981345
48,15,1,1,0,0.7701328972476627,8.332576675981345
48,16,1,0,0,0.7701328972476627,8.332576675981345
48,17,1,1,0,0.7701328972476627,8.332576675981345
48,18,1,1,0,0.7701328972476627,8.332576675981345
48,19,1,1,1,0.7701328972476627,8.332576675981345
48,20,1,0,1,0.7701328972476627,8.332576675981345
48,21,0,1,0,0.7701328972476627,8.332576675981345
48,22,1,1,0,0.7701328972476627,8.332576675981345
48,23,1,1,0,0.7701328972476627,8.332576675981345
48,24,1,0,1,0.7701328972476627,8.332576675981345
48,25,0,1,1,0.7701328972476627,8.332576675981345
48,26,1,0,1,0.7701328972476627,8.332576675981345
48,27,0,0,0,0.7701328972476627,8.332576675981345
48,28,0,1,0,0.7701328972476627,8.332576675981345
48,29,1,1,1,0.7701328972476627,8.332576675981345
48,30,1,1,0,0.7701328972476627,8.332576675981345
48,31,1,1,0,0.7701328972476627,8.332576675981345
48,32,1,0,0,0.7701328972476627,8.332576675981345
48,33,1,0,0,0.7701328972476627,8.332576675981345
48,34,0,1,0,0.7701328972476627,8.332576675981345
48,35,1,1,1,0.7701328972476627,8.332576675981345
48,36,1,1,0,0.7701328972476627,8.332576675981345
48,37,1,1,0,0.7701328972476627,8.332576675981345
48,38,1,1,0,0.7701328972476627,8.332576675981345
48,39,1,1,1,0.7701328972476627,8.332576675981345
48,40,1,0,0,0.7701328972476627,8.332576675981345
48,41,0,0,0,0.7701328972476627,8.332576675981345
48,42,0,1,0,0.7701328972476627,8.332576675981345
48,43,1,1,0,0.7701328972476627,8.332576675981345
48,44,1,1,0,0.7701328972476627,8.332576675981345
48,45,1,1,0,0.7701328972476627,8.332576675981345
48,46,1,1,0,0.7701328972476627,8.332576675981345
48,47,1,1,0,0.7701328972476627,8.332576675981345
48,48,1,1,0,0.7701328972476627,8.332576675981345
48,49,1,1,0,0.7701328972476627,8.332576675981345
48,50,1,1,0,0.7701328972476627,8.332576675981345
48,51,1,0,1,0.7701328972476627,8.332576675981345
48,52,0,1,1,0.7701328972476627,8.332576675981345
48,53,0,1,1,0.7701328972476627,8.332576675981345
48,54,1,1,1,0.7701328972476627,8.332576675981345
48,55,0,1,0,0.7701328972476627,8.332576675981345
48,56,1,0,0,0.7701328972476627,8.332576675981345
48,57,1,0,1,0.7701328972476627,8.332576675981345
48,58,0,0,1,0.7701328972476627,8.332576675981345
48,59,0,1,1,0.7701328972476627,8.332576675981345
48,60,0,1,0,0.7701328972476627,8.332576675981345
48,61,1,1,1,0.7701328972476627,8.332576675981345
48,62,1,1,0,0.7701328972476627,8.332576675981345
48,63,1,1,0,0.7701328972476627,8.332576675981345
48,64,1,1,0,0.7701328972476627,8.332576675981345
48,65,1,1,0,0.7701328972476627,8.332576675981345
48,66,1,1,1,0.7701328972476627,8.332576675981345
48,67,1,1,0,0.7701328972476627,8.332576675981345
48,68,1,1,1,0.7701328972476627,8.332576675981345
48,69,1,1,1,0.7701328972476627,8.332576675981345
48,70,0,0,1,0.7701328972476627,8.332576675981345
48,71,0,1,0,0.7701328972476627,8.332576675981345
48,72,1,1,0,0.7701328972476627,8.332576675981345
48,73,1,0,0,0.7701328972476627,8.332576675981345
48,74,1,0,1,0.7701328972476627,8.332576675981345
48,75,0,1,1,0.7701328972476627,8.332576675981345
48,76,0,1,1,0.7701328972476627,8.332576675981345
48,77,0,1,0,0.7701328972476627,8.332576675981345
48,78,1,1,0,0.7701328972476627,8.332576675981345
48,79,1,1,1,0.7701328972476627,8.332576675981345
48,80,0,1,1,0.7701328972476627,8.332576675981345
48,81,1,1,0,0.7701328972476627,8.332576675981345
48,82,1,1,0,0.7701328972476627,8.332576675981345
48,83,1,1,0,0.7701328972476627,8.332576675981345
48,84,1,0,0,0.7701328972476627,8.332576675981345
48,85,1,0,1,0.7701328972476627,8.332576675981345
48,86,0,1,0,0.7701328972476627,8.332576675981345
48,87,1,1,0,0.7701328972476627,8.332576675981345
48,88,1,1,0,0.7701328972476627,8.332576675981345
48,89,1,1,0,0.7701328972476627,8.332576675981345
48,90,1,0,0,0.7701328972476627,8.332576675981345
48,91,1,1,0,0.7701328972476627,8.332576675981345
48,92,1,1,0,0.7701328972476627,8.332576675981345
48,93,1,1,0,0.7701328972476627,8.332576675981345
48,94,1,1,1,0.7701328972476627,8.332576675981345
48,95,1,1,1,0.7701328972476627,8.332576675981345
48,96,0,0,0,0.7701328972476627,8.332576675981345
48,97,1,1,0,0.7701328972476627,8.332576675981345
48,98,1,1,0,0.7701328972476627,8.332576675981345
48,99,1,0,1,0.7701328972476627,8.332576675981345
48,100,0,1,0,0.7701328972476627,8.332576675981345
49,1,0,0,0,0.7997368988515976,6.731419645383216
49,2,1,1,1,0.7997368988515976,6.731419645383216
49,3,1,1,1,0.7997368988515976,6.731419645383216
49,4,0,1,1,0.7997368988515976,6.731419645383216
49,5,1,0,0,0.7997368988515976,6.731419645383216
49,6,1,1,0,0.7997368988515976,6.731419645383216
49,7,1,1,0,0.7997368988515976,6.731419645383216
49,8,1,1,0,0.7997368988515976,6.731419645383216
49,9,1,0,1,0.7997368988515976,6.731419645383216
49,10,0,0,1,0.7997368988515976,6.731419645383216
49,11,0,1,0,0.7997368988515976,6.731419645383216
49,12,1,1,0,0.7997368988515976,6.731419645383216
49,13,1,1,0,0.7997368988515976,6.731419645383216
49,14,1,0,1,0.7997368988515976,6.731419645383216
49,15,0,0,0,0.7997368988515976,6.731419645383216
49,16,1,1,0,0.7997368988515976,6.731419645383216
49,17,1,1,0,0.7997368988515976,6.731419645383216
49,18,1,1,0,0.7997368988515976,6.731419645383216
49,19,1,0,0,0.7997368988515976,6.731419645383216
49,20,1,1,1,0.7997368988515976,6.731419645383216
49,21,1,1,0,0.7997368988515976,6.731419645383216
49,22,1,0,1,0.7997368988515976,6.731419645383216
49,23,0,1,0,0.7997368988515976,6.731419645383216
49,24,1,1,1,0.7997368988515976,6.731419645383216
49,25,0,1,0,0.7997368988515976,6.731419645383216
49,26,1,1,0,0.7997368988515976,6.731419645383216
49,27,1,1,0,0.7997368988515976,6.731419645383216
49,28,1,0,0,0.7997368988515976,6.731419645383216
49,29,1,1,1,0.7997368988515976,6.731419645383216
49,30,1,0,0,0.7997368988515976,6.731419645383216
49,31,0,1,1,0.7997368988515976,6.731419645383216
49,32,0,0,1,0.7997368988515976,6.731419645383216
49,33,0,1,0,0.7997368988515976,6.731419645383216
49,34,1,1,1,0.7997368988515976,6.731419645383216
49,35,0,0,0,0.7997368988515976,6.731419645383216
49,36,0,0,1,0.7997368988515976,6.731419645383216
49,37,0,1,1,0.7997368988515976,6.731419645383216
49,38,1,1,0,0.7997368988515976,6.731419645383216
49,39,1,1,1,0.7997368988515976,6.731419645383216
49,40,1,1,1,0.7997368988515976,6.731419645383216
49,41,1,1,0,0.7997368988515976,6.731419645383216
49,42,1,0,1,0.7997368988515976,6.731419645383216
49,43,0,1,1,0.7997368988515976,6.731419645383216
49,44,0,0,0,0.7997368988515976,6.731419645383216
49,45,0,1,1,0.7997368988515976,6.731419645383216
49,46,1,1,0,0.7997368988515976,6.731419645383216
49,47,1,1,0,0.7997368988515976,6.731419645383216
49,48,1,1,1,0.7997368988515976,6.731419645383216
49,49,1,0,0,0.7997368988515976,6.731419645383216
49,50,0,1,1,0.7997368988515976,6.731419645383216
49,51,0,1,0,0.7997368988515976,6.731419645383216
49,52,1,1,0,0.7997368988515976,6.731419645383216
49,53,1,1,1,0.7997368988515976,6.731419645383216
49,54,1,1,0,0.7997368988515976,6.731419645383216
49,55,1,1,1,0.7997368988515976,6.731419645383216
49,56,1,1,0,0.7997368988515976,6.731419645383216
49,57,1,0,0,0.7997368988515976,6.731419645383216
49,58,1,1,0,0.7997368988515976,6.731419645383216
49,59,1,1,1,0.7997368988515976,6.731419645383216
49,60,1,1,1,0.7997368988515976,6.731419645383216
49,61,1,1,1,0.7997368988515976,6.731419645383216
49,62,0,0,1,0.7997368988515976,6.731419645383216
49,63,0,0,0,0.7997368988515976,6.731419645383216
49,64,0,0,1,0.7997368988515976,6.731419645383216
49,65,0,1,1,0.7997368988515976,6.731419645383216
49,66,0,0,1,0.7997368988515976,6.731419645383216
49,67,0,0,0,0.7997368988515976,6.731419645383216
49,68,0,0,0,0.7997368988515976,6.731419645383216
49,69,1,1,0,0.7997368988515976,6.731419645383216
49,70,1,1,0,0.7997368988515976,6.731419645383216
49,71,1,1,0,0.7997368988515976,6.731419645383216
49,72,1,0,0,0.7997368988515976,6.731419645383216
49,73,1,1,0,0.7997368988515976,6.731419645383216
49,74,1,1,0,0.7997368988515976,6.731419645383216
49,75,1,1,1,0.7997368988515976,6.731419645383216
49,76,1,1,1,0.7997368988515976,6.731419645383216
49,77,1,1,1,0.7997368988515976,6.731419645383216
49,78,1,0,0,0.7997368988515976,6.731419645383216
49,79,1,0,0,0.7997368988515976,6.731419645383216
49,80,1,0,0,0.7997368988515976,6.731419645383216
49,81,1,0,0,0.7997368988515976,6.731419645383216
49,82,0,0,0,0.7997368988515976,6.731419645383216
49,83,0,0,0,0.7997368988515976,6.731419645383216
49,84,1,0,1,0.7997368988515976,6.731419645383216
49,85,0,1,0,0.7997368988515976,6.731419645383216
49,86,1,0,1,0.7997368988515976,6.731419645383216
49,87,0,0,0,0.7997368988515976,6.731419645383216
49,88,0,1,0,0.7997368988515976,6.731419645383216
49,89,1,1,0,0.7997368988515976,6.731419645383216
49,90,1,1,0,0.7997368988515976,6.731419645383216
49,91,1,1,0,0.7997368988515976,6.731419645383216
49,92,1,1,0,0.7997368988515976,6.731419645383216
49,93,1,1,1,0.7997368988515976,6.731419645383216
49,94,1,0,0,0.7997368988515976,6.731419645383216
49,95,1,1,0,0.7997368988515976,6.731419645383216
49,96,1,1,0,0.7997368988515976,6.731419645383216
49,97,1,0,0,0.7997368988515976,6.731419645383216
49,98,1,0,1,0.7997368988515976,6.731419645383216
49,99,0,0,0,0.7997368988515976,6.731419645383216
49,100,0,1,0,0.7997368988515976,6.731419645383216
50,1,0,1,0,0.7465042760015188,7.80529058910152
50,2,1,1,1,0.7465042760015188,7.80529058910152
50,3,1,1,0,0.7465042760015188,7.80529058910152
50,4,1,0,0,0.7465042760015188,7.80529058910152
50,5,0,1,0,0.7465042760015188,7.80529058910152
50,6,1,0,1,0.7465042760015188,7.80529058910152
50,7,0,1,0,0.7465042760015188,7.80529058910152
50,8,1,1,1,0.7465042760015188,7.80529058910152
50,9,1,0,1,0.7465042760015188,7.80529058910152
50,10,0,1,1,0.7465042760015188,7.80529058910152
50,11,0,1,1,0.7465042760015188,7.80529058910152
50,12,0,0,0,0.7465042760015188,7.80529058910152
50,13,1,1,0,0.7465042760015188,7.80529058910152
50,14,1,1,0,0.7465042760015188,7.80529058910152
50,15,1,1,0,0.7465042760015188,7.80529058910152
50,16,1,1,0,0.7465042760015188,7.80529058910152
50,17,1,1,0,0.7465042760015188,7.80529058910152
50,18,1,1,0,0.7465042760015188,7.80529058910152
50,19,1,1,0,0.7465042760015188,7.80529058910152
50,20,1,1,0,0.7465042760015188,7.80529058910152
50,21,1,1,0,0.7465042760015188,7.80529058910152
50,22,1,1,0,0.7465042760015188,7.80529058910152
50,23,1,1,0,0.7465042760015188,7.80529058910152
50,24,1,1,1,0.7465042760015188,7.80529058910152
50,25,1,1,0,0.7465042760015188,7.80529058910152
50,26,1,0,0,0.7465042760015188,7.80529058910152
50,27,1,0,0,0.7465042760015188,7.80529058910152
50,28,0,1,0,0.7465042760015188,7.80529058910152
50,29,1,1,0,0.7465042760015188,7.80529058910152
50,30,1,0,0,0.7465042760015188,7.80529058910152
50,31,0,1,0,0.7465042760015188,7.80529058910152
50,32,1,1,1,0.7465042760015188,7.80529058910152
50,33,1,1,0,0.7465042760015188,7.80529058910152
50,34,1,0,0,0.7465042760015188,7.80529058910152
50,35,1,1,0,0.7465042760015188,7.80529058910152
50,36,1,1,0,0.7465042760015188,7.80529058910152
50,37,1,1,0,0.7465042760015188,7.80529058910152
50,38,1,1,0,0.7465042760015188,7.80529058910152
50,39,1,1,1,0.7465042760015188,7.80529058910152
50,40,1,0,0,0.7465042760015188,7.80529058910152
50,41,1,0,0,0.7465042760015188,7.80529058910152
50,42,1,1,0,0.7465042760015188,7.80529058910152
50,43,1,0,0,0.7465042760015188,7.80529058910152
50,44,1,1,0,0.7465042760015188,7.80529058910152
50,45,1,1,1,0.7465042760015188,7.80529058910152
50,46,1,1,0,0.7465042760015188,7.80529058910152
50,47,1,1,0,0.7465042760015188,7.80529058910152
50,48,1,1,0,0.7465042760015188,7.80529058910152
50,49,1,1,0,0.7465042760015188,7.80529058910152
50,50,1,0,0,0.7465042760015188,7.80529058910152
50,51,1,0,0,0.7465042760015188,7.80529058910152
50,52,1,0,0,0.7465042760015188,7.80529058910152
50,53,1,1,1,0.7465042760015188,7.80529058910152
50,54,1,1,0,0.7465042760015188,7.80529058910152
50,55,1,0,0,0.7465042760015188,7.80529058910152
50,56,1,0,0,0.7465042760015188,7.80529058910152
50,57,0,0,1,0.7465042760015188,7.80529058910152
50,58,0,1,1,0.7465042760015188,7.80529058910152
50,59,0,0,0,0.7465042760015188,7.80529058910152
50,60,0,0,0,0.7465042760015188,7.80529058910152
50,61,0,0,1,0.7465042760015188,7.80529058910152
50,62,0,0,1,0.7465042760015188,7.80529058910152
50,63,0,1,0,0.7465042760015188,7.80529058910152
50,64,1,0,0,0.7465042760015188,7.80529058910152
50,65,1,1,1,0.7465042760015188,7.80529058910152
50,66,0,1,0,0.7465042760015188,7.80529058910152
50,67,1,0,0,0.7465042760015188,7.80529058910152
50,68,1,1,1,0.7465042760015188,7.80529058910152
50,69,1,1,0,0.7465042760015188,7.80529058910152
50,70,1,1,0,0.7465042760015188,7.80529058910152
50,71,1,1,1,0.7465042760015188,7.80529058910152
50,72,1,1,1,0.7465042760015188,7.80529058910152
50,73,1,0,0,0.7465042760015188,7.80529058910152
50,74,1,0,1,0.7465042760015188,7.80529058910152
50,75,0,1,1,0.7465042760015188,7.80529058910152
50,76,0,1,0,0.7465042760015188,7.80529058910152
50,77,1,1,1,0.7465042760015188,7.80529058910152
50,78,1,1,0,0.7465042760015188,7.80529058910152
50,79,1,1,1,0.7465042760015188,7.80529058910152
50,80,1,1,1,0.7465042760015188,7.80529058910152
50,81,1,0,0,0.7465042760015188,7.80529058910152
50,82,1,1,1,0.7465042760015188,7.80529058910152
50,83,1,1,0,0.7465042760015188,7.80529058910152
50,84,1,0,1,0.7465042760015188,7.80529058910152
50,85,0,1,1,0.7465042760015188,7.80529058910152
50,86,1,0,1,0.7465042760015188,7.80529058910152
50,87,0,1,0,0.7465042760015188,7.80529058910152
50,88,1,1,0,0.7465042760015188,7.80529058910152
50,89,1,1,1,0.7465042760015188,7.80529058910152
50,90,1,1,0,0.7465042760015188,7.80529058910152
50,91,1,0,0,0.7465042760015188,7.80529058910152
50,92,1,1,0,0.7465042760015188,7.80529058910152
50,93,1,0,0,0.7465042760015188,7.80529058910152
50,94,1,1,0,0.7465042760015188,7.80529058910152
50,95,1,0,0,0.7465042760015188,7.80529058910152
50,96,1,1,1,0.7465042760015188,7.80529058910152
50,97,1,1,0,0.7465042760015188,7.80529058910152
50,98,1,1,1,0.7465042760015188,7.80529058910152
50,99,1,0,1,0.7465042760015188,7.80529058910152
50,100,0,0,0,0.7465042760015188,7.80529058910152
51,1,1,1,0,0.17654849217289148,1.476009623987129
51,2,0,1,0,0.17654849217289148,1.476009623987129
51,3,1,0,0,0.17654849217289148,1.476009623987129
51,4,1,0,1,0.17654849217289148,1.476009623987129
51,5,1,1,0,0.17654849217289148,1.476009623987129
51,6,0,1,0,0.17654849217289148,1.476009623987129
51,7,1,1,0,0.17654849217289148,1.476009623987129
51,8,0,1,0,0.17654849217289148,1.476009623987129
51,9,0,1,0,0.17654849217289148,1.476009623987129
51,10,1,0,0,0.17654849217289148,1.476009623987129
51,11,0,1,0,0.17654849217289148,1.476009623987129
51,12,1,1,0,0.17654849217289148,1.476009623987129
51,13,0,1,0,0.17654849217289148,1.476009623987129
51,14,0,1,0,0.17654849217289148,1.476009623987129
51,15,1,1,1,0.17654849217289148,1.476009623987129
51,16,0,1,1,0.17654849217289148,1.476009623987129
51,17,1,0,1,0.17654849217289148,1.476009623987129
51,18,1,1,1,0.17654849217289148,1.476009623987129
51,19,1,1,0,0.17654849217289148,1.476009623987129
51,20,1,1,0,0.17654849217289148,1.476009623987129
51,21,0,1,0,0.17654849217289148,1.476009623987129
51,22,1,1,0,0.17654849217289148,1.476009623987129
51,23,1,1,0,0.17654849217289148,1.476009623987129
51,24,1,1,1,0.17654849217289148,1.476009623987129
51,25,1,0,0,0.17654849217289148,1.476009623987129
51,26,1,1,0,0.17654849217289148,1.476009623987129
51,27,1,0,1,0.17654849217289148,1.476009623987129
51,28,1,0,0,0.17654849217289148,1.476009623987129
51,29,1,0,0,0.17654849217289148,1.476009623987129
51,30,1,1,0,0.17654849217289148,1.476009623987129
51,31,1,1,0,0.17654849217289148,1.476009623987129
51,32,0,0,0,0.17654849217289148,1.476009623987129
51,33,1,1,0,0.17654849217289148,1.476009623987129
51,34,1,1,1,0.17654849217289148,1.476009623987129
51,35,1,1,0,0.17654849217289148,1.476009623987129
51,36,0,1,1,0.17654849217289148,1.476009623987129
51,37,0,1,0,0.17654849217289148,1.476009623987129
51,38,1,1,0,0.17654849217289148,1.476009623987129
51,39,1,0,0,0.17654849217289148,1.476009623987129
51,40,1,1,0,0.17654849217289148,1.476009623987129
51,41,1,1,0,0.17654849217289148,1.476009623987129
51,42,1,1,1,0.17654849217289148,1.476009623987129
51,43,1,0,0,0.17654849217289148,1.476009623987129
51,44,0,1,0,0.17654849217289148,1.476009623987129
51,45,1,0,0,0.17654849217289148,1.476009623987129
51,46,1,0,0,0.17654849217289148,1.476009623987129
51,47,1,0,0,0.17654849217289148,1.476009623987129
51,48,0,0,1,0.17654849217289148,1.476009623987129
51,49,0,1,0,0.17654849217289148,1.476009623987129
51,50,1,0,0,0.17654849217289148,1.476009623987129
51,51,0,1,0,0.17654849217289148,1.476009623987129
51,52,1,0,0,0.17654849217289148,1.476009623987129
51,53,1,1,0,0.17654849217289148,1.476009623987129
51,54,0,1,0,0.17654849217289148,1.476009623987129
51,55,1,1,0,0.17654849217289148,1.476009623987129
51,56,1,1,0,0.17654849217289148,1.476009623987129
51,57,1,0,0,0.17654849217289148,1.476009623987129
51,58,1,1,1,0.17654849217289148,1.476009623987129
51,59,1,0,1,0.17654849217289148,1.476009623987129
51,60,0,0,0,0.17654849217289148,1.476009623987129
51,61,0,0,0,0.17654849217289148,1.476009623987129
51,62,1,0,0,0.17654849217289148,1.476009623987129
51,63,0,1,1,0.17654849217289148,1.476009623987129
51,64,1,0,0,0.17654849217289148,1.476009623987129
51,65,0,1,0,0.17654849217289148,1.476009623987129
51,66,1,1,1,0.17654849217289148,1.476009623987129
51,67,1,1,1,0.17654849217289148,1.476009623987129
51,68,1,1,0,0.17654849217289148,1.476009623987129
51,69,1,0,0,0.17654849217289148,1.476009623987129
51,70,1,1,1,0.17654849217289148,1.476009623987129
51,71,1,0,0,0.17654849217289148,1.476009623987129
51,72,1,0,0,0.17654849217289148,1.476009623987129
51,73,1,1,1,0.17654849217289148,1.476009623987129
51,74,0,1,0,0.17654849217289148,1.476009623987129
51,75,0,1,0,0.17654849217289148,1.476009623987129
51,76,1,1,0,0.17654849217289148,1.476009623987129
51,77,0,1,0,0.17654849217289148,1.476009623987129
51,78,1,1,0,0.17654849217289148,1.476009623987129
51,79,1,1,1,0.17654849217289148,1.476009623987129
51,80,1,1,1,0.17654849217289148,1.476009623987129
51,81,1,1,0,0.17654849217289148,1.476009623987129
51,82,0,1,0,0.17654849217289148,1.476009623987129
51,83,1,1,0,0.17654849217289148,1.476009623987129
51,84,1,0,1,0.17654849217289148,1.476009623987129
51,85,1,1,0,0.17654849217289148,1.476009623987129
51,86,1,1,0,0.17654849217289148,1.476009623987129
51,87,0,1,0,0.17654849217289148,1.476009623987129
51,88,0,1,1,0.17654849217289148,1.476009623987129
51,89,0,1,0,0.17654849217289148,1.476009623987129
51,90,1,0,0,0.17654849217289148,1.476009623987129
51,91,0,1,1,0.17654849217289148,1.476009623987129
51,92,1,0,0,0.17654849217289148,1.476009623987129
51,93,1,0,0,0.17654849217289148,1.476009623987129
51,94,1,0,1,0.17654849217289148,1.476009623987129
51,95,1,1,0,0.17654849217289148,1.476009623987129
51,96,1,1,0,0.17654849217289148,1.476009623987129
51,97,1,1,1,0.17654849217289148,1.476009623987129
51,98,1,1,1,0.17654849217289148,1.476009623987129
51,99,0,1,1,0.17654849217289148,1.476009623987129
51,100,1,1,0,0.17654849217289148,1.476009623987129
52,1,1,0,0,0.0829610440909135,2.2175403467819197
52,2,0,1,0,0.0829610440909135,2.2175403467819197
52,3,0,0,1,0.0829610440909135,2.2175403467819197
52,4,1,1,0,0.0829610440909135,2.2175403467819197
52,5,1,0,0,0.0829610440909135,2.2175403467819197
52,6,1,1,0,0.0829610440909135,2.2175403467819197
52,7,1,1,0,0.0829610440909135,2.2175403467819197
52,8,1,0,1,0.0829610440909135,2.2175403467819197
52,9,1,0,1,0.0829610440909135,2.2175403467819197
52,10,0,0,1,0.0829610440909135,2.2175403467819197
52,11,0,1,0,0.0829610440909135,2.2175403467819197
52,12,1,0,0,0.0829610440909135,2.2175403467819197
52,13,1,0,1,0.0829610440909135,2.2175403467819197
52,14,0,0,0,0.0829610440909135,2.2175403467819197
52,15,0,1,1,0.0829610440909135,2.2175403467819197
52,16,0,1,0,0.0829610440909135,2.2175403467819197
52,17,0,1,0,0.0829610440909135,2.2175403467819197
52,18,0,0,0,0.0829610440909135,2.2175403467819197
52,19,1,1,0,0.0829610440909135,2.2175403467819197
52,20,1,0,0,0.0829610440909135,2.2175403467819197
52,21,0,1,1,0.0829610440909135,2.2175403467819197
52,22,1,1,0,0.0829610440909135,2.2175403467819197
52,23,1,1,0,0.0829610440909135,2.2175403467819197
52,24,0,1,0,0.0829610440909135,2.2175403467819197
52,25,1,0,0,0.0829610440909135,2.2175403467819197
52,26,1,1,0,0.0829610440909135,2.2175403467819197
52,27,1,1,0,0.0829610440909135,2.2175403467819197
52,28,0,1,0,0.0829610440909135,2.2175403467819197
52,29,1,0,1,0.0829610440909135,2.2175403467819197
52,30,1,0,0,0.0829610440909135,2.2175403467819197
52,31,1,1,1,0.0829610440909135,2.2175403467819197
52,32,1,1,0,0.0829610440909135,2.2175403467819197
52,33,1,0,0,0.0829610440909135,2.2175403467819197
52,34,0,1,1,0.0829610440909135,2.2175403467819197
52,35,0,1,0,0.0829610440909135,2.2175403467819197
52,36,1,1,0,0.0829610440909135,2.2175403467819197
52,37,0,1,0,0.0829610440909135,2.2175403467819197
52,38,1,1,0,0.0829610440909135,2.2175403467819197
52,39,1,0,0,0.0829610440909135,2.2175403467819197
52,40,1,1,0,0.0829610440909135,2.2175403467819197
52,41,1,1,0,0.0829610440909135,2.2175403467819197
52,42,0,1,0,0.0829610440909135,2.2175403467819197
52,43,0,0,0,0.0829610440909135,2.2175403467819197
52,44,0,0,0,0.0829610440909135,2.2175403467819197
52,45,1,1,0,0.0829610440909135,2.2175403467819197
52,46,0,1,0,0.0829610440909135,2.2175403467819197
52,47,1,1,1,0.0829610440909135,2.2175403467819197
52,48,1,1,0,0.0829610440909135,2.2175403467819197
52,49,1,0,0,0.0829610440909135,2.2175403467819197
52,50,1,1,0,0.0829610440909135,2.2175403467819197
52,51,1,1,1,0.0829610440909135,2.2175403467819197
52,52,1,1,1,0.0829610440909135,2.2175403467819197
52,53,1,0,0,0.0829610440909135,2.2175403467819197
52,54,0,1,1,0.0829610440909135,2.2175403467819197
52,55,0,1,0,0.0829610440909135,2.2175403467819197
52,56,1,1,1,0.0829610440909135,2.2175403467819197
52,57,1,0,0,0.0829610440909135,2.2175403467819197
52,58,1,0,0,0.0829610440909135,2.2175403467819197
52,59,1,1,0,0.0829610440909135,2.2175403467819197
52,60,1,1,0,0.0829610440909135,2.2175403467819197
52,61,0,1,0,0.0829610440909135,2.2175403467819197
52,62,1,1,1,0.0829610440909135,2.2175403467819197
52,63,1,1,0,0.0829610440909135,2.2175403467819197
52,64,1,1,0,0.0829610440909135,2.2175403467819197
52,65,1,1,0,0.0829610440909135,2.2175403467819197
52,66,1,1,0,0.0829610440909135,2.2175403467819197
52,67,1,1,0,0.0829610440909135,2.2175403467819197
52,68,1,1,0,0.0829610440909135,2.2175403467819197
52,69,1,1,0,0.0829610440909135,2.2175403467819197
52,70,1,1,0,0.0829610440909135,2.2175403467819197
52,71,1,0,1,0.0829610440909135,2.2175403467819197
52,72,1,1,0,0.0829610440909135,2.2175403467819197
52,73,0,1,0,0.0829610440909135,2.2175403467819197
52,74,1,1,0,0.0829610440909135,2.2175403467819197
52,75,1,1,1,0.0829610440909135,2.2175403467819197
52,76,1,1,0,0.0829610440909135,2.2175403467819197
52,77,1,0,1,0.0829610440909135,2.2175403467819197
52,78,0,0,0,0.0829610440909135,2.2175403467819197
52,79,1,1,0,0.0829610440909135,2.2175403467819197
52,80,1,1,0,0.0829610440909135,2.2175403467819197
52,81,0,1,0,0.0829610440909135,2.2175403467819197
52,82,1,1,0,0.0829610440909135,2.2175403467819197
52,83,1,0,1,0.0829610440909135,2.2175403467819197
52,84,1,1,0,0.0829610440909135,2.2175403467819197
52,85,1,0,0,0.0829610440909135,2.2175403467819197
52,86,0,0,0,0.0829610440909135,2.2175403467819197
52,87,0,1,0,0.0829610440909135,2.2175403467819197
52,88,0,1,1,0.0829610440909135,2.2175403467819197
52,89,1,1,1,0.0829610440909135,2.2175403467819197
52,90,1,1,0,0.0829610440909135,2.2175403467819197
52,91,1,1,1,0.0829610440909135,2.2175403467819197
52,92,1,0,1,0.0829610440909135,2.2175403467819197
52,93,1,1,0,0.0829610440909135,2.2175403467819197
52,94,0,1,0,0.0829610440909135,2.2175403467819197
52,95,0,1,0,0.0829610440909135,2.2175403467819197
52,96,0,1,0,0.0829610440909135,2.2175403467819197
52,97,1,0,1,0.0829610440909135,2.2175403467819197
52,98,0,0,0,0.0829610440909135,2.2175403467819197
52,99,1,1,1,0.0829610440909135,2.2175403467819197
52,100,0,1,1,0.0829610440909135,2.2175403467819197
53,1,1,0,0,0.17605511507745963,0.7512219612126454
53,2,0,0,0,0.17605511507745963,0.7512219612126454
53,3,0,0,0,0.17605511507745963,0.7512219612126454
53,4,0,1,1,0.17605511507745963,0.7512219612126454
53,5,0,1,1,0.17605511507745963,0.7512219612126454
53,6,0,0,1,0.17605511507745963,0.7512219612126454
53,7,1,1,0,0.17605511507745963,0.7512219612126454
53,8,0,0,1,0.17605511507745963,0.7512219612126454
53,9,0,1,0,0.17605511507745963,0.7512219612126454
53,10,0,0,1,0.17605511507745963,0.7512219612126454
53,11,0,0,0,0.17605511507745963,0.7512219612126454
53,12,0,1,0,0.17605511507745963,0.7512219612126454
53,13,0,1,0,0.17605511507745963,0.7512219612126454
53,14,1,1,0,0.17605511507745963,0.7512219612126454
53,15,1,1,0,0.17605511507745963,0.7512219612126454
53,16,0,1,0,0.17605511507745963,0.7512219612126454
53,17,1,1,0,0.17605511507745963,0.7512219612126454
53,18,1,0,0,0.17605511507745963,0.7512219612126454
53,19,1,0,0,0.17605511507745963,0.7512219612126454
53,20,1,1,0,0.17605511507745963,0.7512219612126454
53,21,1,0,0,0.17605511507745963,0.7512219612126454
53,22,0,0,0,0.17605511507745963,0.7512219612126454
53,23,0,1,0,0.17605511507745963,0.7512219612126454
53,24,0,1,1,0.17605511507745963,0.7512219612126454
53,25,0,1,0,0.17605511507745963,0.7512219612126454
53,26,1,1,0,0.17605511507745963,0.7512219612126454
53,27,1,1,1,0.17605511507745963,0.7512219612126454
53,28,1,1,1,0.17605511507745963,0.7512219612126454
53,29,0,0,1,0.17605511507745963,0.7512219612126454
53,30,1,1,0,0.17605511507745963,0.7512219612126454
53,31,1,0,0,0.17605511507745963,0.7512219612126454
53,32,0,0,0,0.17605511507745963,0.7512219612126454
53,33,1,0,1,0.17605511507745963,0.7512219612126454
53,34,1,0,0,0.17605511507745963,0.7512219612126454
53,35,0,1,0,0.17605511507745963,0.7512219612126454
53,36,0,1,1,0.17605511507745963,0.7512219612126454
53,37,1,0,0,0.17605511507745963,0.7512219612126454
53,38,1,1,1,0.17605511507745963,0.7512219612126454
53,39,0,1,0,0.17605511507745963,0.7512219612126454
53,40,0,1,0,0.17605511507745963,0.7512219612126454
53,41,1,0,1,0.17605511507745963,0.7512219612126454
53,42,1,0,0,0.17605511507745963,0.7512219612126454
53,43,0,1,0,0.17605511507745963,0.7512219612126454
53,44,0,1,1,0.17605511507745963,0.7512219612126454
53,45,0,1,0,0.17605511507745963,0.7512219612126454
53,46,0,1,0,0.17605511507745963,0.7512219612126454
53,47,0,1,0,0.17605511507745963,0.7512219612126454
53,48,1,0,1,0.17605511507745963,0.7512219612126454
53,49,1,1,1,0.17605511507745963,0.7512219612126454
53,50,1,0,1,0.17605511507745963,0.7512219612126454
53,51,0,1,1,0.17605511507745963,0.7512219612126454
53,52,0,1,1,0.17605511507745963,0.7512219612126454
53,53,1,0,0,0.17605511507745963,0.7512219612126454
53,54,1,1,0,0.17605511507745963,0.7512219612126454
53,55,1,0,0,0.17605511507745963,0.7512219612126454
53,56,0,1,0,0.17605511507745963,0.7512219612126454
53,57,0,1,1,0.17605511507745963,0.7512219612126454
53,58,0,1,1,0.17605511507745963,0.7512219612126454
53,59,1,1,0,0.17605511507745963,0.7512219612126454
53,60,0,1,0,0.17605511507745963,0.7512219612126454
53,61,0,1,1,0.17605511507745963,0.7512219612126454
53,62,1,1,0,0.17605511507745963,0.7512219612126454
53,63,1,1,1,0.17605511507745963,0.7512219612126454
53,64,0,1,0,0.17605511507745963,0.7512219612126454
53,65,1,1,0,0.17605511507745963,0.7512219612126454
53,66,1,0,1,0.17605511507745963,0.7512219612126454
53,67,0,1,0,0.17605511507745963,0.7512219612126454
53,68,1,1,0,0.17605511507745963,0.7512219612126454
53,69,0,1,0,0.17605511507745963,0.7512219612126454
53,70,0,0,0,0.17605511507745963,0.7512219612126454
53,71,0,1,0,0.17605511507745963,0.7512219612126454
53,72,0,1,1,0.17605511507745963,0.7512219612126454
53,73,1,1,0,0.17605511507745963,0.7512219612126454
53,74,0,0,0,0.17605511507745963,0.7512219612126454
53,75,1,1,0,0.17605511507745963,0.7512219612126454
53,76,1,1,1,0.17605511507745963,0.7512219612126454
53,77,1,1,1,0.17605511507745963,0.7512219612126454
53,78,0,0,0,0.17605511507745963,0.7512219612126454
53,79,1,1,0,0.17605511507745963,0.7512219612126454
53,80,0,1,0,0.17605511507745963,0.7512219612126454
53,81,1,1,0,0.17605511507745963,0.7512219612126454
53,82,0,1,0,0.17605511507745963,0.7512219612126454
53,83,1,1,0,0.17605511507745963,0.7512219612126454
53,84,0,0,0,0.17605511507745963,0.7512219612126454
53,85,1,1,1,0.17605511507745963,0.7512219612126454
53,86,1,1,1,0.17605511507745963,0.7512219612126454
53,87,1,0,0,0.17605511507745963,0.7512219612126454
53,88,1,1,0,0.17605511507745963,0.7512219612126454
53,89,1,1,1,0.17605511507745963,0.7512219612126454
53,90,1,1,0,0.17605511507745963,0.7512219612126454
53,91,1,0,0,0.17605511507745963,0.7512219612126454
53,92,0,1,0,0.17605511507745963,0.7512219612126454
53,93,0,1,0,0.17605511507745963,0.7512219612126454
53,94,1,0,0,0.17605511507745963,0.7512219612126454
53,95,1,1,0,0.17605511507745963,0.7512219612126454
53,96,0,1,0,0.17605511507745963,0.7512219612126454
53,97,1,1,1,0.17605511507745963,0.7512219612126454
53,98,1,0,0,0.17605511507745963,0.7512219612126454
53,99,0,1,0,0.17605511507745963,0.7512219612126454
53,100,1,1,1,0.17605511507745963,0.7512219612126454
54,1,1,0,0,0.20769132393495898,1.112398124927518
54,2,0,0,0,0.20769132393495898,1.112398124927518
54,3,1,1,0,0.20769132393495898,1.112398124927518
54,4,0,0,1,0.20769132393495898,1.112398124927518
54,5,0,0,1,0.20769132393495898,1.112398124927518
54,6,1,0,1,0.20769132393495898,1.112398124927518
54,7,1,0,0,0.20769132393495898,1.112398124927518
54,8,0,0,1,0.20769132393495898,1.112398124927518
54,9,0,1,0,0.20769132393495898,1.112398124927518
54,10,1,1,0,0.20769132393495898,1.112398124927518
54,11,1,1,1,0.20769132393495898,1.112398124927518
54,12,1,1,0,0.20769132393495898,1.112398124927518
54,13,0,1,0,0.20769132393495898,1.112398124927518
54,14,1,0,1,0.20769132393495898,1.112398124927518
54,15,0,1,1,0.20769132393495898,1.112398124927518
54,16,0,1,1,0.20769132393495898,1.112398124927518
54,17,0,0,1,0.20769132393495898,1.112398124927518
54,18,0,1,0,0.20769132393495898,1.112398124927518
54,19,0,1,0,0.20769132393495898,1.112398124927518
54,20,0,1,1,0.20769132393495898,1.112398124927518
54,21,1,1,0,0.20769132393495898,1.112398124927518
54,22,1,1,0,0.20769132393495898,1.112398124927518
54,23,0,1,0,0.20769132393495898,1.112398124927518
54,24,1,1,0,0.20769132393495898,1.112398124927518
54,25,1,0,0,0.20769132393495898,1.112398124927518
54,26,0,0,0,0.20769132393495898,1.112398124927518
54,27,1,1,0,0.20769132393495898,1.112398124927518
54,28,1,1,1,0.20769132393495898,1.112398124927518
54,29,1,1,1,0.20769132393495898,1.112398124927518
54,30,1,1,0,0.20769132393495898,1.112398124927518
54,31,1,0,0,0.20769132393495898,1.112398124927518
54,32,1,1,0,0.20769132393495898,1.112398124927518
54,33,1,1,0,0.20769132393495898,1.112398124927518
54,34,0,0,1,0.20769132393495898,1.112398124927518
54,35,0,1,1,0.20769132393495898,1.112398124927518
54,36,0,1,0,0.20769132393495898,1.112398124927518
54,37,1,0,1,0.20769132393495898,1.112398124927518
54,38,0,1,1,0.20769132393495898,1.112398124927518
54,39,1,1,0,0.20769132393495898,1.112398124927518
54,40,0,0,0,0.20769132393495898,1.112398124927518
54,41,1,1,0,0.20769132393495898,1.112398124927518
54,42,0,1,0,0.20769132393495898,1.112398124927518
54,43,1,0,1,0.20769132393495898,1.112398124927518
54,44,1,1,1,0.20769132393495898,1.112398124927518
54,45,0,1,0,0.20769132393495898,1.112398124927518
54,46,0,0,0,0.20769132393495898,1.112398124927518
54,47,1,1,0,0.20769132393495898,1.112398124927518
54,48,1,1,0,0.20769132393495898,1.112398124927518
54,49,1,1,0,0.20769132393495898,1.112398124927518
54,50,0,1,1,0.20769132393495898,1.112398124927518
54,51,0,0,0,0.20769132393495898,1.112398124927518
54,52,1,1,0,0.20769132393495898,1.112398124927518
54,53,1,1,0,0.20769132393495898,1.112398124927518
54,54,0,1,1,0.20769132393495898,1.112398124927518
54,55,0,1,0,0.20769132393495898,1.112398124927518
54,56,1,0,1,0.20769132393495898,1.112398124927518
54,57,0,1,0,0.20769132393495898,1.112398124927518
54,58,0,0,1,0.20769132393495898,1.112398124927518
54,59,1,1,0,0.20769132393495898,1.112398124927518
54,60,1,1,1,0.20769132393495898,1.112398124927518
54,61,0,1,0,0.20769132393495898,1.112398124927518
54,62,1,0,1,0.20769132393495898,1.112398124927518
54,63,1,1,0,0.20769132393495898,1.112398124927518
54,64,1,1,0,0.20769132393495898,1.112398124927518
54,65,1,1,0,0.20769132393495898,1.112398124927518
54,66,0,1,0,0.20769132393495898,1.112398124927518
54,67,0,1,0,0.20769132393495898,1.112398124927518
54,68,1,0,0,0.20769132393495898,1.112398124927518
54,69,1,1,1,0.20769132393495898,1.112398124927518
54,70,0,1,0,0.20769132393495898,1.112398124927518
54,71,1,1,0,0.20769132393495898,1.112398124927518
54,72,1,1,1,0.20769132393495898,1.112398124927518
54,73,1,1,1,0.20769132393495898,1.112398124927518
54,74,0,1,1,0.20769132393495898,1.112398124927518
54,75,1,0,0,0.20769132393495898,1.112398124927518
54,76,1,0,0,0.20769132393495898,1.112398124927518
54,77,0,1,0,0.20769132393495898,1.112398124927518
54,78,0,1,1,0.20769132393495898,1.112398124927518
54,79,0,1,0,0.20769132393495898,1.112398124927518
54,80,1,1,0,0.20769132393495898,1.112398124927518
54,81,1,0,0,0.20769132393495898,1.112398124927518
54,82,0,1,0,0.20769132393495898,1.112398124927518
54,83,1,1,0,0.20769132393495898,1.112398124927518
54,84,1,0,1,0.20769132393495898,1.112398124927518
54,85,1,0,1,0.20769132393495898,1.112398124927518
54,86,1,0,0,0.20769132393495898,1.112398124927518
54,87,0,1,1,0.20769132393495898,1.112398124927518
54,88,0,0,1,0.20769132393495898,1.112398124927518
54,89,0,1,0,0.20769132393495898,1.112398124927518
54,90,1,1,1,0.20769132393495898,1.112398124927518
54,91,0,1,1,0.20769132393495898,1.112398124927518
54,92,0,1,0,0.20769132393495898,1.112398124927518
54,93,0,1,0,0.20769132393495898,1.112398124927518
54,94,1,1,0,0.20769132393495898,1.112398124927518
54,95,1,1,0,0.20769132393495898,1.112398124927518
54,96,1,1,0,0.20769132393495898,1.112398124927518
54,97,1,0,0,0.20769132393495898,1.112398124927518
54,98,1,1,1,0.20769132393495898,1.112398124927518
54,99,1,1,1,0.20769132393495898,1.112398124927518
54,100,0,1,0,0.20769132393495898,1.112398124927518
55,1,1,0,1,0.24198027955941115,2.8911554117280924
55,2,1,1,1,0.24198027955941115,2.8911554117280924
55,3,1,1,0,0.24198027955941115,2.8911554117280924
55,4,1,0,0,0.24198027955941115,2.8911554117280924
55,5,1,1,0,0.24198027955941115,2.8911554117280924
55,6,1,1,0,0.24198027955941115,2.8911554117280924
55,7,1,1,0,0.24198027955941115,2.8911554117280924
55,8,1,0,1,0.24198027955941115,2.8911554117280924
55,9,0,1,0,0.24198027955941115,2.8911554117280924
55,10,0,1,0,0.24198027955941115,2.8911554117280924
55,11,1,1,0,0.24198027955941115,2.8911554117280924
55,12,1,1,0,0.24198027955941115,2.8911554117280924
55,13,1,0,1,0.24198027955941115,2.8911554117280924
55,14,1,1,0,0.24198027955941115,2.8911554117280924
55,15,1,0,1,0.24198027955941115,2.8911554117280924
55,16,1,0,0,0.24198027955941115,2.8911554117280924
55,17,1,0,0,0.24198027955941115,2.8911554117280924
55,18,1,0,0,0.24198027955941115,2.8911554117280924
55,19,1,1,0,0.24198027955941115,2.8911554117280924
55,20,1,1,0,0.24198027955941115,2.8911554117280924
55,21,1,1,1,0.24198027955941115,2.8911554117280924
55,22,1,1,1,0.24198027955941115,2.8911554117280924
55,23,1,1,0,0.24198027955941115,2.8911554117280924
55,24,1,0,0,0.24198027955941115,2.8911554117280924
55,25,0,1,0,0.24198027955941115,2.8911554117280924
55,26,1,1,0,0.24198027955941115,2.8911554117280924
55,27,1,1,1,0.24198027955941115,2.8911554117280924
55,28,0,1,1,0.24198027955941115,2.8911554117280924
55,29,1,1,0,0.24198027955941115,2.8911554117280924
55,30,1,1,0,0.24198027955941115,2.8911554117280924
55,31,0,1,1,0.24198027955941115,2.8911554117280924
55,32,1,1,0,0.24198027955941115,2.8911554117280924
55,33,1,1,1,0.24198027955941115,2.8911554117280924
55,34,1,1,1,0.24198027955941115,2.8911554117280924
55,35,1,0,0,0.24198027955941115,2.8911554117280924
55,36,1,1,0,0.24198027955941115,2.8911554117280924
55,37,1,1,1,0.24198027955941115,2.8911554117280924
55,38,1,1,0,0.24198027955941115,2.8911554117280924
55,39,1,1,0,0.24198027955941115,2.8911554117280924
55,40,1,1,0,0.24198027955941115,2.8911554117280924
55,41,1,1,1,0.24198027955941115,2.8911554117280924
55,42,0,1,1,0.24198027955941115,2.8911554117280924
55,43,1,0,0,0.24198027955941115,2.8911554117280924
55,44,1,1,1,0.24198027955941115,2.8911554117280924
55,45,1,0,0,0.24198027955941115,2.8911554117280924
55,46,0,1,0,0.24198027955941115,2.8911554117280924
55,47,1,1,1,0.24198027955941115,2.8911554117280924
55,48,0,1,0,0.24198027955941115,2.8911554117280924
55,49,1,0,1,0.24198027955941115,2.8911554117280924
55,50,0,0,0,0.24198027955941115,2.8911554117280924
55,51,1,0,0,0.24198027955941115,2.8911554117280924
55,52,1,1,1,0.24198027955941115,2.8911554117280924
55,53,0,0,0,0.24198027955941115,2.8911554117280924
55,54,1,1,1,0.24198027955941115,2.8911554117280924
55,55,1,0,0,0.24198027955941115,2.8911554117280924
55,56,0,0,0,0.24198027955941115,2.8911554117280924
55,57,0,1,1,0.24198027955941115,2.8911554117280924
55,58,0,1,0,0.24198027955941115,2.8911554117280924
55,59,0,0,0,0.24198027955941115,2.8911554117280924
55,60,0,1,0,0.24198027955941115,2.8911554117280924
55,61,1,1,0,0.24198027955941115,2.8911554117280924
55,62,1,1,0,0.24198027955941115,2.8911554117280924
55,63,1,0,1,0.24198027955941115,2.8911554117280924
55,64,1,0,0,0.24198027955941115,2.8911554117280924
55,65,1,0,0,0.24198027955941115,2.8911554117280924
55,66,0,1,0,0.24198027955941115,2.8911554117280924
55,67,1,1,0,0.24198027955941115,2.8911554117280924
55,68,1,1,1,0.24198027955941115,2.8911554117280924
55,69,1,1,0,0.24198027955941115,2.8911554117280924
55,70,1,1,0,0.24198027955941115,2.8911554117280924
55,71,1,1,1,0.24198027955941115,2.8911554117280924
55,72,1,1,0,0.24198027955941115,2.8911554117280924
55,73,1,1,0,0.24198027955941115,2.8911554117280924
55,74,1,1,0,0.24198027955941115,2.8911554117280924
55,75,1,0,0,0.24198027955941115,2.8911554117280924
55,76,1,1,1,0.24198027955941115,2.8911554117280924
55,77,1,1,1,0.24198027955941115,2.8911554117280924
55,78,1,1,1,0.24198027955941115,2.8911554117280924
55,79,0,1,0,0.24198027955941115,2.8911554117280924
55,80,1,1,0,0.24198027955941115,2.8911554117280924
55,81,1,1,1,0.24198027955941115,2.8911554117280924
55,82,0,0,0,0.24198027955941115,2.8911554117280924
55,83,1,1,0,0.24198027955941115,2.8911554117280924
55,84,1,0,0,0.24198027955941115,2.8911554117280924
55,85,1,1,1,0.24198027955941115,2.8911554117280924
55,86,1,1,0,0.24198027955941115,2.8911554117280924
55,87,0,1,0,0.24198027955941115,2.8911554117280924
55,88,1,0,0,0.24198027955941115,2.8911554117280924
55,89,0,1,0,0.24198027955941115,2.8911554117280924
55,90,1,1,0,0.24198027955941115,2.8911554117280924
55,91,1,0,0,0.24198027955941115,2.8911554117280924
55,92,1,0,0,0.24198027955941115,2.8911554117280924
55,93,1,0,1,0.24198027955941115,2.8911554117280924
55,94,1,0,1,0.24198027955941115,2.8911554117280924
55,95,0,1,0,0.24198027955941115,2.8911554117280924
55,96,1,1,0,0.24198027955941115,2.8911554117280924
55,97,0,0,0,0.24198027955941115,2.8911554117280924
55,98,1,1,0,0.24198027955941115,2.8911554117280924
55,99,1,1,1,0.24198027955941115,2.8911554117280924
55,100,1,1,1,0.24198027955941115,2.8911554117280924
56,1,0,1,0,0.12351747917006005,1.3574147074373992
56,2,0,1,1,0.12351747917006005,1.3574147074373992
56,3,0,0,0,0.12351747917006005,1.3574147074373992
56,4,1,1,0,0.12351747917006005,1.3574147074373992
56,5,1,1,0,0.12351747917006005,1.3574147074373992
56,6,1,1,0,0.12351747917006005,1.3574147074373992
56,7,1,1,0,0.12351747917006005,1.3574147074373992
56,8,1,1,0,0.12351747917006005,1.3574147074373992
56,9,0,0,0,0.12351747917006005,1.3574147074373992
56,10,1,1,0,0.12351747917006005,1.3574147074373992
56,11,1,1,0,0.12351747917006005,1.3574147074373992
56,12,1,0,0,0.12351747917006005,1.3574147074373992
56,13,0,0,0,0.12351747917006005,1.3574147074373992
56,14,0,0,0,0.12351747917006005,1.3574147074373992
56,15,1,0,0,0.12351747917006005,1.3574147074373992
56,16,1,1,0,0.12351747917006005,1.3574147074373992
56,17,1,0,0,0.12351747917006005,1.3574147074373992
56,18,1,1,0,0.12351747917006005,1.3574147074373992
56,19,0,1,0,0.12351747917006005,1.3574147074373992
56,20,1,0,1,0.12351747917006005,1.3574147074373992
56,21,1,1,0,0.12351747917006005,1.3574147074373992
56,22,0,0,0,0.12351747917006005,1.3574147074373992
56,23,0,1,0,0.12351747917006005,1.3574147074373992
56,24,1,1,0,0.12351747917006005,1.3574147074373992
56,25,1,0,1,0.12351747917006005,1.3574147074373992
56,26,1,1,1,0.12351747917006005,1.3574147074373992
56,27,1,0,0,0.12351747917006005,1.3574147074373992
56,28,1,0,0,0.12351747917006005,1.3574147074373992
56,29,1,1,1,0.12351747917006005,1.3574147074373992
56,30,0,1,0,0.12351747917006005,1.3574147074373992
56,31,1,1,0,0.12351747917006005,1.3574147074373992
56,32,1,1,0,0.12351747917006005,1.3574147074373992
56,33,1,1,0,0.12351747917006005,1.3574147074373992
56,34,1,1,0,0.12351747917006005,1.3574147074373992
56,35,1,1,0,0.12351747917006005,1.3574147074373992
56,36,1,1,0,0.12351747917006005,1.3574147074373992
56,37,1,1,0,0.12351747917006005,1.3574147074373992
56,38,1,0,0,0.12351747917006005,1.3574147074373992
56,39,0,1,1,0.12351747917006005,1.3574147074373992
56,40,0,1,0,0.12351747917006005,1.3574147074373992
56,41,1,1,0,0.12351747917006005,1.3574147074373992
56,42,0,0,1,0.12351747917006005,1.3574147074373992
56,43,0,0,1,0.12351747917006005,1.3574147074373992
56,44,0,0,0,0.12351747917006005,1.3574147074373992
56,45,1,1,0,0.12351747917006005,1.3574147074373992
56,46,0,1,0,0.12351747917006005,1.3574147074373992
56,47,1,1,0,0.12351747917006005,1.3574147074373992
56,48,0,1,0,0.12351747917006005,1.3574147074373992
56,49,1,1,0,0.12351747917006005,1.3574147074373992
56,50,0,0,1,0.12351747917006005,1.3574147074373992
56,51,1,1,1,0.12351747917006005,1.3574147074373992
56,52,0,1,0,0.12351747917006005,1.3574147074373992
56,53,1,1,1,0.12351747917006005,1.3574147074373992
56,54,0,0,0,0.12351747917006005,1.3574147074373992
56,55,1,0,0,0.12351747917006005,1.3574147074373992
56,56,1,1,0,0.12351747917006005,1.3574147074373992
56,57,1,0,0,0.12351747917006005,1.3574147074373992
56,58,1,1,0,0.12351747917006005,1.3574147074373992
56,59,1,1,1,0.12351747917006005,1.3574147074373992
56,60,1,1,0,0.12351747917006005,1.3574147074373992
56,61,1,1,0,0.12351747917006005,1.3574147074373992
56,62,1,1,0,0.12351747917006005,1.3574147074373992
56,63,1,1,0,0.12351747917006005,1.3574147074373992
56,64,1,1,1,0.12351747917006005,1.3574147074373992
56,65,1,0,0,0.12351747917006005,1.3574147074373992
56,66,1,1,0,0.12351747917006005,1.3574147074373992
56,67,0,0,1,0.12351747917006005,1.3574147074373992
56,68,1,0,0,0.12351747917006005,1.3574147074373992
56,69,0,1,1,0.12351747917006005,1.3574147074373992
56,70,0,1,1,0.12351747917006005,1.3574147074373992
56,71,0,0,0,0.12351747917006005,1.3574147074373992
56,72,1,0,0,0.12351747917006005,1.3574147074373992
56,73,0,1,0,0.12351747917006005,1.3574147074373992
56,74,0,1,1,0.12351747917006005,1.3574147074373992
56,75,0,1,0,0.12351747917006005,1.3574147074373992
56,76,1,1,1,0.12351747917006005,1.3574147074373992
56,77,1,1,0,0.12351747917006005,1.3574147074373992
56,78,0,0,0,0.12351747917006005,1.3574147074373992
56,79,1,1,0,0.12351747917006005,1.3574147074373992
56,80,1,0,0,0.12351747917006005,1.3574147074373992
56,81,1,1,1,0.12351747917006005,1.3574147074373992
56,82,1,1,1,0.12351747917006005,1.3574147074373992
56,83,1,0,1,0.12351747917006005,1.3574147074373992
56,84,0,1,0,0.12351747917006005,1.3574147074373992
56,85,0,1,0,0.12351747917006005,1.3574147074373992
56,86,1,1,0,0.12351747917006005,1.3574147074373992
56,87,0,1,0,0.12351747917006005,1.3574147074373992
56,88,0,1,0,0.12351747917006005,1.3574147074373992
56,89,1,1,0,0.12351747917006005,1.3574147074373992
56,90,1,1,0,0.12351747917006005,1.3574147074373992
56,91,1,1,0,0.12351747917006005,1.3574147074373992
56,92,1,1,1,0.12351747917006005,1.3574147074373992
56,93,1,0,0,0.12351747917006005,1.3574147074373992
56,94,1,1,0,0.12351747917006005,1.3574147074373992
56,95,1,0,1,0.12351747917006005,1.3574147074373992
56,96,0,0,0,0.12351747917006005,1.3574147074373992
56,97,1,1,0,0.12351747917006005,1.3574147074373992
56,98,0,1,0,0.12351747917006005,1.3574147074373992
56,99,1,0,0,0.12351747917006005,1.3574147074373992
56,100,0,1,0,0.12351747917006005,1.3574147074373992
57,1,1,1,0,0.1381824108992285,2.421001331683448
57,2,1,1,0,0.1381824108992285,2.421001331683448
57,3,1,1,1,0.1381824108992285,2.421001331683448
57,4,0,0,1,0.1381824108992285,2.421001331683448
57,5,0,1,0,0.1381824108992285,2.421001331683448
57,6,1,0,0,0.1381824108992285,2.421001331683448
57,7,1,1,0,0.1381824108992285,2.421001331683448
57,8,1,0,0,0.1381824108992285,2.421001331683448
57,9,0,1,1,0.1381824108992285,2.421001331683448
57,10,1,1,1,0.1381824108992285,2.421001331683448
57,11,0,0,1,0.1381824108992285,2.421001331683448
57,12,1,1,0,0.1381824108992285,2.421001331683448
57,13,0,0,1,0.1381824108992285,2.421001331683448
57,14,1,1,0,0.1381824108992285,2.421001331683448
57,15,1,1,1,0.1381824108992285,2.421001331683448
57,16,1,0,0,0.1381824108992285,2.421001331683448
57,17,1,0,0,0.1381824108992285,2.421001331683448
57,18,0,1,0,0.1381824108992285,2.421001331683448
57,19,1,1,1,0.1381824108992285,2.421001331683448
57,20,0,0,0,0.1381824108992285,2.421001331683448
57,21,0,1,0,0.1381824108992285,2.421001331683448
57,22,0,0,1,0.1381824108992285,2.421001331683448
57,23,0,1,0,0.1381824108992285,2.421001331683448
57,24,1,1,0,0.1381824108992285,2.421001331683448
57,25,1,1,0,0.1381824108992285,2.421001331683448
57,26,1,1,0,0.1381824108992285,2.421001331683448
57,27,1,1,0,0.1381824108992285,2.421001331683448
57,28,1,0,1,0.1381824108992285,2.421001331683448
57,29,1,1,0,0.1381824108992285,2.421001331683448
57,30,1,1,1,0.1381824108992285,2.421001331683448
57,31,1,1,1,0.1381824108992285,2.421001331683448
57,32,1,1,0,0.1381824108992285,2.421001331683448
57,33,1,1,1,0.1381824108992285,2.421001331683448
57,34,1,0,0,0.1381824108992285,2.421001331683448
57,35,0,1,0,0.1381824108992285,2.421001331683448
57,36,1,1,0,0.1381824108992285,2.421001331683448
57,37,1,0,0,0.1381824108992285,2.421001331683448
57,38,1,0,0,0.1381824108992285,2.421001331683448
57,39,1,0,1,0.1381824108992285,2.421001331683448
57,40,1,1,0,0.1381824108992285,2.421001331683448
57,41,1,0,1,0.1381824108992285,2.421001331683448
57,42,1,1,1,0.1381824108992285,2.421001331683448
57,43,1,0,0,0.1381824108992285,2.421001331683448
57,44,1,1,1,0.1381824108992285,2.421001331683448
57,45,1,0,0,0.1381824108992285,2.421001331683448
57,46,1,1,0,0.1381824108992285,2.421001331683448
57,47,0,1,0,0.1381824108992285,2.421001331683448
57,48,1,0,1,0.1381824108992285,2.421001331683448
57,49,1,1,1,0.1381824108992285,2.421001331683448
57,50,1,0,0,0.1381824108992285,2.421001331683448
57,51,0,1,0,0.1381824108992285,2.421001331683448
57,52,1,1,0,0.1381824108992285,2.421001331683448
57,53,0,1,0,0.1381824108992285,2.421001331683448
57,54,1,1,0,0.1381824108992285,2.421001331683448
57,55,1,0,1,0.1381824108992285,2.421001331683448
57,56,1,0,0,0.1381824108992285,2.421001331683448
57,57,1,0,1,0.1381824108992285,2.421001331683448
57,58,1,1,0,0.1381824108992285,2.421001331683448
57,59,1,1,0,0.1381824108992285,2.421001331683448
57,60,0,0,0,0.1381824108992285,2.421001331683448
57,61,0,0,0,0.1381824108992285,2.421001331683448
57,62,1,0,1,0.1381824108992285,2.421001331683448
57,63,1,1,1,0.1381824108992285,2.421001331683448
57,64,0,1,0,0.1381824108992285,2.421001331683448
57,65,0,1,0,0.1381824108992285,2.421001331683448
57,66,1,1,1,0.1381824108992285,2.421001331683448
57,67,1,0,0,0.1381824108992285,2.421001331683448
57,68,0,1,0,0.1381824108992285,2.421001331683448
57,69,0,0,0,0.1381824108992285,2.421001331683448
57,70,1,1,1,0.1381824108992285,2.421001331683448
57,71,1,0,0,0.1381824108992285,2.421001331683448
57,72,0,1,0,0.1381824108992285,2.421001331683448
57,73,0,1,1,0.1381824108992285,2.421001331683448
57,74,1,1,1,0.1381824108992285,2.421001331683448
57,75,0,1,0,0.1381824108992285,2.421001331683448
57,76,1,0,0,0.1381824108992285,2.421001331683448
57,77,1,1,0,0.1381824108992285,2.421001331683448
57,78,0,0,0,0.1381824108992285,2.421001331683448
57,79,1,1,1,0.1381824108992285,2.421001331683448
57,80,1,1,0,0.1381824108992285,2.421001331683448
57,81,0,1,0,0.1381824108992285,2.421001331683448
57,82,0,0,0,0.1381824108992285,2.421001331683448
57,83,0,1,0,0.1381824108992285,2.421001331683448
57,84,1,0,1,0.1381824108992285,2.421001331683448
57,85,1,1,1,0.1381824108992285,2.421001331683448
57,86,1,1,1,0.1381824108992285,2.421001331683448
57,87,1,1,0,0.1381824108992285,2.421001331683448
57,88,1,1,1,0.1381824108992285,2.421001331683448
57,89,0,1,1,0.1381824108992285,2.421001331683448
57,90,1,0,0,0.1381824108992285,2.421001331683448
57,91,1,1,0,0.1381824108992285,2.421001331683448
57,92,0,1,0,0.1381824108992285,2.421001331683448
57,93,1,1,0,0.1381824108992285,2.421001331683448
57,94,1,1,1,0.1381824108992285,2.421001331683448
57,95,1,1,0,0.1381824108992285,2.421001331683448
57,96,0,0,0,0.1381824108992285,2.421001331683448
57,97,1,1,0,0.1381824108992285,2.421001331683448
57,98,0,0,0,0.1381824108992285,2.421001331683448
57,99,0,0,1,0.1381824108992285,2.421001331683448
57,100,0,1,1,0.1381824108992285,2.421001331683448
58,1,0,0,0,0.09007192079611906,1.7624127687938573
58,2,0,0,0,0.09007192079611906,1.7624127687938573
58,3,0,1,1,0.09007192079611906,1.7624127687938573
58,4,0,1,0,0.09007192079611906,1.7624127687938573
58,5,0,0,0,0.09007192079611906,1.7624127687938573
58,6,0,0,1,0.09007192079611906,1.7624127687938573
58,7,1,1,1,0.09007192079611906,1.7624127687938573
58,8,1,1,0,0.09007192079611906,1.7624127687938573
58,9,1,1,0,0.09007192079611906,1.7624127687938573
58,10,0,0,0,0.09007192079611906,1.7624127687938573
58,11,1,1,0,0.09007192079611906,1.7624127687938573
58,12,0,1,1,0.09007192079611906,1.7624127687938573
58,13,0,1,0,0.09007192079611906,1.7624127687938573
58,14,1,1,0,0.09007192079611906,1.7624127687938573
58,15,1,1,0,0.09007192079611906,1.7624127687938573
58,16,1,1,0,0.09007192079611906,1.7624127687938573
58,17,0,1,0,0.09007192079611906,1.7624127687938573
58,18,1,0,1,0.09007192079611906,1.7624127687938573
58,19,1,1,0,0.09007192079611906,1.7624127687938573
58,20,1,1,0,0.09007192079611906,1.7624127687938573
58,21,0,1,0,0.09007192079611906,1.7624127687938573
58,22,1,1,1,0.09007192079611906,1.7624127687938573
58,23,0,1,1,0.09007192079611906,1.7624127687938573
58,24,1,1,0,0.09007192079611906,1.7624127687938573
58,25,1,1,0,0.09007192079611906,1.7624127687938573
58,26,1,0,0,0.09007192079611906,1.7624127687938573
58,27,1,0,0,0.09007192079611906,1.7624127687938573
58,28,1,1,0,0.09007192079611906,1.7624127687938573
58,29,1,1,0,0.09007192079611906,1.7624127687938573
58,30,1,0,1,0.09007192079611906,1.7624127687938573
58,31,1,0,1,0.09007192079611906,1.7624127687938573
58,32,0,0,0,0.09007192079611906,1.7624127687938573
58,33,1,0,0,0.09007192079611906,1.7624127687938573
58,34,0,0,0,0.09007192079611906,1.7624127687938573
58,35,1,0,0,0.09007192079611906,1.7624127687938573
58,36,0,0,0,0.09007192079611906,1.7624127687938573
58,37,1,1,1,0.09007192079611906,1.7624127687938573
58,38,1,1,0,0.09007192079611906,1.7624127687938573
58,39,1,1,0,0.09007192079611906,1.7624127687938573
58,40,0,1,1,0.09007192079611906,1.7624127687938573
58,41,0,1,0,0.09007192079611906,1.7624127687938573
58,42,1,1,0,0.09007192079611906,1.7624127687938573
58,43,1,1,0,0.09007192079611906,1.7624127687938573
58,44,1,1,0,0.09007192079611906,1.7624127687938573
58,45,1,1,0,0.09007192079611906,1.7624127687938573
58,46,1,1,0,0.09007192079611906,1.7624127687938573
58,47,1,0,0,0.09007192079611906,1.7624127687938573
58,48,1,1,1,0.09007192079611906,1.7624127687938573
58,49,0,1,0,0.09007192079611906,1.7624127687938573
58,50,1,0,0,0.09007192079611906,1.7624127687938573
58,51,0,1,0,0.09007192079611906,1.7624127687938573
58,52,1,1,0,0.09007192079611906,1.7624127687938573
58,53,0,1,0,0.09007192079611906,1.7624127687938573
58,54,1,0,1,0.09007192079611906,1.7624127687938573
58,55,0,1,1,0.09007192079611906,1.7624127687938573
58,56,1,0,1,0.09007192079611906,1.7624127687938573
58,57,1,1,1,0.09007192079611906,1.7624127687938573
58,58,0,1,1,0.09007192079611906,1.7624127687938573
58,59,1,1,0,0.09007192079611906,1.7624127687938573
58,60,1,1,1,0.09007192079611906,1.7624127687938573
58,61,1,0,1,0.09007192079611906,1.7624127687938573
58,62,1,0,1,0.09007192079611906,1.7624127687938573
58,63,1,1,0,0.09007192079611906,1.7624127687938573
58,64,0,1,0,0.09007192079611906,1.7624127687938573
58,65,0,0,1,0.09007192079611906,1.7624127687938573
58,66,0,1,0,0.09007192079611906,1.7624127687938573
58,67,0,1,0,0.09007192079611906,1.7624127687938573
58,68,0,1,0,0.09007192079611906,1.7624127687938573
58,69,1,1,0,0.09007192079611906,1.7624127687938573
58,70,1,0,1,0.09007192079611906,1.7624127687938573
58,71,1,1,0,0.09007192079611906,1.7624127687938573
58,72,1,1,0,0.09007192079611906,1.7624127687938573
58,73,1,1,0,0.09007192079611906,1.7624127687938573
58,74,0,1,0,0.09007192079611906,1.7624127687938573
58,75,1,0,0,0.09007192079611906,1.7624127687938573
58,76,1,1,1,0.09007192079611906,1.7624127687938573
58,77,0,1,0,0.09007192079611906,1.7624127687938573
58,78,1,1,0,0.09007192079611906,1.7624127687938573
58,79,1,1,1,0.09007192079611906,1.7624127687938573
58,80,1,1,1,0.09007192079611906,1.7624127687938573
58,81,0,1,0,0.09007192079611906,1.7624127687938573
58,82,1,0,0,0.09007192079611906,1.7624127687938573
58,83,0,1,0,0.09007192079611906,1.7624127687938573
58,84,1,1,0,0.09007192079611906,1.7624127687938573
58,85,0,1,1,0.09007192079611906,1.7624127687938573
58,86,1,1,0,0.09007192079611906,1.7624127687938573
58,87,1,1,1,0.09007192079611906,1.7624127687938573
58,88,1,1,0,0.09007192079611906,1.7624127687938573
58,89,1,1,0,0.09007192079611906,1.7624127687938573
58,90,1,0,0,0.09007192079611906,1.7624127687938573
58,91,1,1,0,0.09007192079611906,1.7624127687938573
58,92,0,0,1,0.09007192079611906,1.7624127687938573
58,93,0,1,0,0.09007192079611906,1.7624127687938573
58,94,1,0,1,0.09007192079611906,1.7624127687938573
58,95,1,1,0,0.09007192079611906,1.7624127687938573
58,96,0,1,0,0.09007192079611906,1.7624127687938573
58,97,1,1,0,0.09007192079611906,1.7624127687938573
58,98,1,0,0,0.09007192079611906,1.7624127687938573
58,99,0,1,0,0.09007192079611906,1.7624127687938573
58,100,1,1,0,0.09007192079611906,1.7624127687938573
59,1,0,0,0,0.16379273439010214,0.5204956505339104
59,2,0,1,0,0.16379273439010214,0.5204956505339104
59,3,0,1,1,0.16379273439010214,0.5204956505339104
59,4,0,1,0,0.16379273439010214,0.5204956505339104
59,5,0,0,0,0.16379273439010214,0.5204956505339104
59,6,1,1,1,0.16379273439010214,0.5204956505339104
59,7,0,1,0,0.16379273439010214,0.5204956505339104
59,8,0,0,0,0.16379273439010214,0.5204956505339104
59,9,1,1,0,0.16379273439010214,0.5204956505339104
59,10,1,1,1,0.16379273439010214,0.5204956505339104
59,11,1,1,0,0.16379273439010214,0.5204956505339104
59,12,1,1,0,0.16379273439010214,0.5204956505339104
59,13,1,1,1,0.16379273439010214,0.5204956505339104
59,14,0,1,0,0.16379273439010214,0.5204956505339104
59,15,1,0,1,0.16379273439010214,0.5204956505339104
59,16,0,1,0,0.16379273439010214,0.5204956505339104
59,17,1,1,0,0.16379273439010214,0.5204956505339104
59,18,0,1,0,0.16379273439010214,0.5204956505339104
59,19,0,0,0,0.16379273439010214,0.5204956505339104
59,20,1,0,0,0.16379273439010214,0.5204956505339104
59,21,0,1,0,0.16379273439010214,0.5204956505339104
59,22,0,1,0,0.16379273439010214,0.5204956505339104
59,23,1,0,1,0.16379273439010214,0.5204956505339104
59,24,1,1,0,0.16379273439010214,0.5204956505339104
59,25,0,1,0,0.16379273439010214,0.5204956505339104
59,26,1,0,0,0.16379273439010214,0.5204956505339104
59,27,1,0,0,0.16379273439010214,0.5204956505339104
59,28,1,1,0,0.16379273439010214,0.5204956505339104
59,29,1,1,0,0.16379273439010214,0.5204956505339104
59,30,1,0,0,0.16379273439010214,0.5204956505339104
59,31,0,1,0,0.16379273439010214,0.5204956505339104
59,32,1,1,0,0.16379273439010214,0.5204956505339104
59,33,1,1,1,0.16379273439010214,0.5204956505339104
59,34,1,0,0,0.16379273439010214,0.5204956505339104
59,35,1,1,1,0.16379273439010214,0.5204956505339104
59,36,0,0,1,0.16379273439010214,0.5204956505339104
59,37,1,0,1,0.16379273439010214,0.5204956505339104
59,38,1,1,1,0.16379273439010214,0.5204956505339104
59,39,0,0,1,0.16379273439010214,0.5204956505339104
59,40,1,1,0,0.16379273439010214,0.5204956505339104
59,41,0,0,1,0.16379273439010214,0.5204956505339104
59,42,1,1,1,0.16379273439010214,0.5204956505339104
59,43,0,1,0,0.16379273439010214,0.5204956505339104
59,44,1,1,1,0.16379273439010214,0.5204956505339104
59,45,1,0,0,0.16379273439010214,0.5204956505339104
59,46,0,1,1,0.16379273439010214,0.5204956505339104
59,47,0,1,0,0.16379273439010214,0.5204956505339104
59,48,1,1,0,0.16379273439010214,0.5204956505339104
59,49,1,0,0,0.16379273439010214,0.5204956505339104
59,50,1,1,0,0.16379273439010214,0.5204956505339104
59,51,1,1,0,0.16379273439010214,0.5204956505339104
59,52,1,1,0,0.16379273439010214,0.5204956505339104
59,53,0,1,1,0.16379273439010214,0.5204956505339104
59,54,0,1,0,0.16379273439010214,0.5204956505339104
59,55,0,1,0,0.16379273439010214,0.5204956505339104
59,56,0,1,0,0.16379273439010214,0.5204956505339104
59,57,1,1,1,0.16379273439010214,0.5204956505339104
59,58,1,1,0,0.16379273439010214,0.5204956505339104
59,59,0,1,0,0.16379273439010214,0.5204956505339104
59,60,0,1,1,0.16379273439010214,0.5204956505339104
59,61,0,1,1,0.16379273439010214,0.5204956505339104
59,62,0,1,0,0.16379273439010214,0.5204956505339104
59,63,0,1,0,0.16379273439010214,0.5204956505339104
59,64,1,0,1,0.16379273439010214,0.5204956505339104
59,65,0,1,1,0.16379273439010214,0.5204956505339104
59,66,1,1,0,0.16379273439010214,0.5204956505339104
59,67,1,1,0,0.16379273439010214,0.5204956505339104
59,68,1,0,0,0.16379273439010214,0.5204956505339104
59,69,0,1,0,0.16379273439010214,0.5204956505339104
59,70,0,1,1,0.16379273439010214,0.5204956505339104
59,71,0,1,0,0.16379273439010214,0.5204956505339104
59,72,1,0,0,0.16379273439010214,0.5204956505339104
59,73,0,0,0,0.16379273439010214,0.5204956505339104
59,74,0,1,0,0.16379273439010214,0.5204956505339104
59,75,1,0,0,0.16379273439010214,0.5204956505339104
59,76,0,1,0,0.16379273439010214,0.5204956505339104
59,77,0,0,0,0.16379273439010214,0.5204956505339104
59,78,1,1,0,0.16379273439010214,0.5204956505339104
59,79,0,1,0,0.16379273439010214,0.5204956505339104
59,80,0,1,1,0.16379273439010214,0.5204956505339104
59,81,1,1,0,0.16379273439010214,0.5204956505339104
59,82,1,0,0,0.16379273439010214,0.5204956505339104
59,83,1,1,0,0.16379273439010214,0.5204956505339104
59,84,0,1,0,0.16379273439010214,0.5204956505339104
59,85,0,1,0,0.16379273439010214,0.5204956505339104
59,86,1,0,0,0.16379273439010214,0.5204956505339104
59,87,0,1,0,0.16379273439010214,0.5204956505339104
59,88,1,1,1,0.16379273439010214,0.5204956505339104
59,89,1,0,0,0.16379273439010214,0.5204956505339104
59,90,1,1,0,0.16379273439010214,0.5204956505339104
59,91,0,1,1,0.16379273439010214,0.5204956505339104
59,92,1,1,0,0.16379273439010214,0.5204956505339104
59,93,0,1,1,0.16379273439010214,0.5204956505339104
59,94,1,1,1,0.16379273439010214,0.5204956505339104
59,95,0,0,0,0.16379273439010214,0.5204956505339104
59,96,0,1,1,0.16379273439010214,0.5204956505339104
59,97,1,0,0,0.16379273439010214,0.5204956505339104
59,98,0,0,1,0.16379273439010214,0.5204956505339104
59,99,1,1,1,0.16379273439010214,0.5204956505339104
59,100,0,1,0,0.16379273439010214,0.5204956505339104
60,1,1,1,0,0.13923140284052135,1.4236222201669675
60,2,0,1,1,0.13923140284052135,1.4236222201669675
60,3,1,1,0,0.13923140284052135,1.4236222201669675
60,4,1,1,0,0.13923140284052135,1.4236222201669675
60,5,1,1,0,0.13923140284052135,1.4236222201669675
60,6,0,1,0,0.13923140284052135,1.4236222201669675
60,7,1,0,0,0.13923140284052135,1.4236222201669675
60,8,1,0,0,0.13923140284052135,1.4236222201669675
60,9,0,1,1,0.13923140284052135,1.4236222201669675
60,10,1,1,0,0.13923140284052135,1.4236222201669675
60,11,1,1,0,0.13923140284052135,1.4236222201669675
60,12,1,0,0,0.13923140284052135,1.4236222201669675
60,13,0,1,0,0.13923140284052135,1.4236222201669675
60,14,0,0,1,0.13923140284052135,1.4236222201669675
60,15,1,1,1,0.13923140284052135,1.4236222201669675
60,16,0,1,0,0.13923140284052135,1.4236222201669675
60,17,0,0,1,0.13923140284052135,1.4236222201669675
60,18,0,1,0,0.13923140284052135,1.4236222201669675
60,19,1,1,0,0.13923140284052135,1.4236222201669675
60,20,0,1,0,0.13923140284052135,1.4236222201669675
60,21,1,1,0,0.13923140284052135,1.4236222201669675
60,22,1,1,0,0.13923140284052135,1.4236222201669675
60,23,0,0,1,0.13923140284052135,1.4236222201669675
60,24,1,1,0,0.13923140284052135,1.4236222201669675
60,25,0,1,0,0.13923140284052135,1.4236222201669675
60,26,0,0,0,0.13923140284052135,1.4236222201669675
60,27,0,1,0,0.13923140284052135,1.4236222201669675
60,28,1,0,0,0.13923140284052135,1.4236222201669675
60,29,0,1,0,0.13923140284052135,1.4236222201669675
60,30,1,0,1,0.13923140284052135,1.4236222201669675
60,31,0,0,0,0.13923140284052135,1.4236222201669675
60,32,0,1,0,0.13923140284052135,1.4236222201669675
60,33,1,1,0,0.13923140284052135,1.4236222201669675
60,34,1,1,1,0.13923140284052135,1.4236222201669675
60,35,0,1,1,0.13923140284052135,1.4236222201669675
60,36,1,1,1,0.13923140284052135,1.4236222201669675
60,37,0,0,0,0.13923140284052135,1.4236222201669675
60,38,1,1,1,0.13923140284052135,1.4236222201669675
60,39,1,1,0,0.13923140284052135,1.4236222201669675
60,40,0,1,1,0.13923140284052135,1.4236222201669675
60,41,1,1,0,0.13923140284052135,1.4236222201669675
60,42,1,0,1,0.13923140284052135,1.4236222201669675
60,43,1,1,0,0.13923140284052135,1.4236222201669675
60,44,0,0,1,0.13923140284052135,1.4236222201669675
60,45,1,1,1,0.13923140284052135,1.4236222201669675
60,46,1,1,1,0.13923140284052135,1.4236222201669675
60,47,0,1,0,0.13923140284052135,1.4236222201669675
60,48,0,1,1,0.13923140284052135,1.4236222201669675
60,49,1,0,1,0.13923140284052135,1.4236222201669675
60,50,0,1,0,0.13923140284052135,1.4236222201669675
60,51,0,1,0,0.13923140284052135,1.4236222201669675
60,52,0,0,1,0.13923140284052135,1.4236222201669675
60,53,0,0,1,0.13923140284052135,1.4236222201669675
60,54,0,0,0,0.13923140284052135,1.4236222201669675
60,55,1,0,0,0.13923140284052135,1.4236222201669675
60,56,0,1,0,0.13923140284052135,1.4236222201669675
60,57,0,0,0,0.13923140284052135,1.4236222201669675
60,58,1,1,0,0.13923140284052135,1.4236222201669675
60,59,1,1,0,0.13923140284052135,1.4236222201669675
60,60,1,0,0,0.13923140284052135,1.4236222201669675
60,61,1,0,1,0.13923140284052135,1.4236222201669675
60,62,1,0,1,0.13923140284052135,1.4236222201669675
60,63,1,1,0,0.13923140284052135,1.4236222201669675
60,64,1,0,1,0.13923140284052135,1.4236222201669675
60,65,0,1,0,0.13923140284052135,1.4236222201669675
60,66,0,0,0,0.13923140284052135,1.4236222201669675
60,67,0,1,1,0.13923140284052135,1.4236222201669675
60,68,0,1,0,0.13923140284052135,1.4236222201669675
60,69,0,0,0,0.13923140284052135,1.4236222201669675
60,70,1,1,0,0.13923140284052135,1.4236222201669675
60,71,1,0,0,0.13923140284052135,1.4236222201669675
60,72,0,1,0,0.13923140284052135,1.4236222201669675
60,73,1,1,1,0.13923140284052135,1.4236222201669675
60,74,1,1,1,0.13923140284052135,1.4236222201669675
60,75,1,1,1,0.13923140284052135,1.4236222201669675
60,76,1,1,0,0.13923140284052135,1.4236222201669675
60,77,0,1,1,0.13923140284052135,1.4236222201669675
60,78,1,0,0,0.13923140284052135,1.4236222201669675
60,79,1,1,0,0.13923140284052135,1.4236222201669675
60,80,1,0,1,0.13923140284052135,1.4236222201669675
60,81,0,1,1,0.13923140284052135,1.4236222201669675
60,82,1,0,1,0.13923140284052135,1.4236222201669675
60,83,0,1,1,0.13923140284052135,1.4236222201669675
60,84,0,0,1,0.13923140284052135,1.4236222201669675
60,85,0,1,0,0.13923140284052135,1.4236222201669675
60,86,0,1,0,0.13923140284052135,1.4236222201669675
60,87,1,0,1,0.13923140284052135,1.4236222201669675
60,88,1,0,0,0.13923140284052135,1.4236222201669675
60,89,1,1,0,0.13923140284052135,1.4236222201669675
60,90,0,1,0,0.13923140284052135,1.4236222201669675
60,91,0,1,0,0.13923140284052135,1.4236222201669675
60,92,1,1,0,0.13923140284052135,1.4236222201669675
60,93,1,1,1,0.13923140284052135,1.4236222201669675
60,94,1,1,0,0.13923140284052135,1.4236222201669675
60,95,1,1,0,0.13923140284052135,1.4236222201669675
60,96,1,1,0,0.13923140284052135,1.4236222201669675
60,97,1,0,1,0.13923140284052135,1.4236222201669675
60,98,0,1,0,0.13923140284052135,1.4236222201669675
60,99,1,1,0,0.13923140284052135,1.4236222201669675
60,100,1,1,1,0.13923140284052135,1.4236222201669675
61,1,1,1,0,0.18840680484262917,1.295416073409855
61,2,1,1,0,0.18840680484262917,1.295416073409855
61,3,0,1,0,0.18840680484262917,1.295416073409855
61,4,1,1,0,0.18840680484262917,1.295416073409855
61,5,0,1,0,0.18840680484262917,1.295416073409855
61,6,0,1,0,0.18840680484262917,1.295416073409855
61,7,1,1,1,0.18840680484262917,1.295416073409855
61,8,1,0,0,0.18840680484262917,1.295416073409855
61,9,0,0,1,0.18840680484262917,1.295416073409855
61,10,0,0,0,0.18840680484262917,1.295416073409855
61,11,1,1,0,0.18840680484262917,1.295416073409855
61,12,1,0,1,0.18840680484262917,1.295416073409855
61,13,0,1,1,0.18840680484262917,1.295416073409855
61,14,0,0,1,0.18840680484262917,1.295416073409855
61,15,0,1,1,0.18840680484262917,1.295416073409855
61,16,1,0,1,0.18840680484262917,1.295416073409855
61,17,1,0,1,0.18840680484262917,1.295416073409855
61,18,1,1,0,0.18840680484262917,1.295416073409855
61,19,0,1,1,0.18840680484262917,1.295416073409855
61,20,1,1,0,0.18840680484262917,1.295416073409855
61,21,1,0,0,0.18840680484262917,1.295416073409855
61,22,1,1,0,0.18840680484262917,1.295416073409855
61,23,1,0,1,0.18840680484262917,1.295416073409855
61,24,1,1,0,0.18840680484262917,1.295416073409855
61,25,1,1,0,0.18840680484262917,1.295416073409855
61,26,1,0,0,0.18840680484262917,1.295416073409855
61,27,0,1,0,0.18840680484262917,1.295416073409855
61,28,1,1,0,0.18840680484262917,1.295416073409855
61,29,0,0,0,0.18840680484262917,1.295416073409855
61,30,1,1,1,0.18840680484262917,1.295416073409855
61,31,1,1,1,0.18840680484262917,1.295416073409855
61,32,0,1,0,0.18840680484262917,1.295416073409855
61,33,1,1,0,0.18840680484262917,1.295416073409855
61,34,0,1,1,0.18840680484262917,1.295416073409855
61,35,1,0,0,0.18840680484262917,1.295416073409855
61,36,1,1,1,0.18840680484262917,1.295416073409855
61,37,1,1,1,0.18840680484262917,1.295416073409855
61,38,0,1,0,0.18840680484262917,1.295416073409855
61,39,0,1,0,0.18840680484262917,1.295416073409855
61,40,1,1,0,0.18840680484262917,1.295416073409855
61,41,1,1,0,0.18840680484262917,1.295416073409855
61,42,0,0,0,0.18840680484262917,1.295416073409855
61,43,0,1,0,0.18840680484262917,1.295416073409855
61,44,1,1,0,0.18840680484262917,1.295416073409855
61,45,0,1,0,0.18840680484262917,1.295416073409855
61,46,1,1,1,0.18840680484262917,1.295416073409855
61,47,0,0,0,0.18840680484262917,1.295416073409855
61,48,1,1,1,0.18840680484262917,1.295416073409855
61,49,1,1,0,0.18840680484262917,1.295416073409855
61,50,0,1,1,0.18840680484262917,1.295416073409855
61,51,1,1,0,0.18840680484262917,1.295416073409855
61,52,1,1,1,0.18840680484262917,1.295416073409855
61,53,1,1,0,0.18840680484262917,1.295416073409855
61,54,1,0,0,0.18840680484262917,1.295416073409855
61,55,0,1,0,0.18840680484262917,1.295416073409855
61,56,0,1,1,0.18840680484262917,1.295416073409855
61,57,1,1,1,0.18840680484262917,1.295416073409855
61,58,1,0,1,0.18840680484262917,1.295416073409855
61,59,1,1,1,0.18840680484262917,1.295416073409855
61,60,1,0,0,0.18840680484262917,1.295416073409855
61,61,1,1,1,0.18840680484262917,1.295416073409855
61,62,0,1,0,0.18840680484262917,1.295416073409855
61,63,1,1,0,0.18840680484262917,1.295416073409855
61,64,1,1,0,0.18840680484262917,1.295416073409855
61,65,1,1,0,0.18840680484262917,1.295416073409855
61,66,0,1,0,0.18840680484262917,1.295416073409855
61,67,0,1,1,0.18840680484262917,1.295416073409855
61,68,1,1,0,0.18840680484262917,1.295416073409855
61,69,1,1,0,0.18840680484262917,1.295416073409855
61,70,1,1,1,0.18840680484262917,1.295416073409855
61,71,1,0,0,0.18840680484262917,1.295416073409855
61,72,1,1,0,0.18840680484262917,1.295416073409855
61,73,0,1,0,0.18840680484262917,1.295416073409855
61,74,0,1,0,0.18840680484262917,1.295416073409855
61,75,0,1,0,0.18840680484262917,1.295416073409855
61,76,0,1,0,0.18840680484262917,1.295416073409855
61,77,1,0,0,0.18840680484262917,1.295416073409855
61,78,1,1,0,0.18840680484262917,1.295416073409855
61,79,1,1,0,0.18840680484262917,1.295416073409855
61,80,1,1,0,0.18840680484262917,1.295416073409855
61,81,1,1,0,0.18840680484262917,1.295416073409855
61,82,1,0,0,0.18840680484262917,1.295416073409855
61,83,1,1,0,0.18840680484262917,1.295416073409855
61,84,1,0,0,0.18840680484262917,1.295416073409855
61,85,1,1,0,0.18840680484262917,1.295416073409855
61,86,1,0,1,0.18840680484262917,1.295416073409855
61,87,1,1,0,0.18840680484262917,1.295416073409855
61,88,1,1,0,0.18840680484262917,1.295416073409855
61,89,0,1,1,0.18840680484262917,1.295416073409855
61,90,0,1,0,0.18840680484262917,1.295416073409855
61,91,1,0,0,0.18840680484262917,1.295416073409855
61,92,0,1,0,0.18840680484262917,1.295416073409855
61,93,0,1,1,0.18840680484262917,1.295416073409855
61,94,1,1,0,0.18840680484262917,1.295416073409855
61,95,1,0,0,0.18840680484262917,1.295416073409855
61,96,1,1,0,0.18840680484262917,1.295416073409855
61,97,0,1,1,0.18840680484262917,1.295416073409855
61,98,1,1,0,0.18840680484262917,1.295416073409855
61,99,1,1,1,0.18840680484262917,1.295416073409855
61,100,1,0,0,0.18840680484262917,1.295416073409855
62,1,1,1,1,0.18768078555889936,1.4612519156432229
62,2,1,1,0,0.18768078555889936,1.4612519156432229
62,3,0,1,0,0.18768078555889936,1.4612519156432229
62,4,1,0,0,0.18768078555889936,1.4612519156432229
62,5,1,0,0,0.18768078555889936,1.4612519156432229
62,6,1,0,0,0.18768078555889936,1.4612519156432229
62,7,1,1,1,0.18768078555889936,1.4612519156432229
62,8,1,1,0,0.18768078555889936,1.4612519156432229
62,9,1,1,0,0.18768078555889936,1.4612519156432229
62,10,0,1,1,0.18768078555889936,1.4612519156432229
62,11,0,0,1,0.18768078555889936,1.4612519156432229
62,12,1,0,0,0.18768078555889936,1.4612519156432229
62,13,1,1,0,0.18768078555889936,1.4612519156432229
62,14,1,0,0,0.18768078555889936,1.4612519156432229
62,15,1,1,1,0.18768078555889936,1.4612519156432229
62,16,1,1,1,0.18768078555889936,1.4612519156432229
62,17,0,1,0,0.18768078555889936,1.4612519156432229
62,18,1,0,0,0.18768078555889936,1.4612519156432229
62,19,0,1,0,0.18768078555889936,1.4612519156432229
62,20,1,1,0,0.18768078555889936,1.4612519156432229
62,21,0,1,1,0.18768078555889936,1.4612519156432229
62,22,1,1,0,0.18768078555889936,1.4612519156432229
62,23,1,0,0,0.18768078555889936,1.4612519156432229
62,24,0,1,0,0.18768078555889936,1.4612519156432229
62,25,1,1,1,0.18768078555889936,1.4612519156432229
62,26,1,1,1,0.18768078555889936,1.4612519156432229
62,27,0,1,0,0.18768078555889936,1.4612519156432229
62,28,1,0,0,0.18768078555889936,1.4612519156432229
62,29,1,0,0,0.18768078555889936,1.4612519156432229
62,30,1,0,0,0.18768078555889936,1.4612519156432229
62,31,1,0,1,0.18768078555889936,1.4612519156432229
62,32,0,1,0,0.18768078555889936,1.4612519156432229
62,33,1,1,1,0.18768078555889936,1.4612519156432229
62,34,1,1,0,0.18768078555889936,1.4612519156432229
62,35,1,1,0,0.18768078555889936,1.4612519156432229
62,36,1,0,1,0.18768078555889936,1.4612519156432229
62,37,1,0,0,0.18768078555889936,1.4612519156432229
62,38,1,1,1,0.18768078555889936,1.4612519156432229
62,39,0,1,1,0.18768078555889936,1.4612519156432229
62,40,0,0,0,0.18768078555889936,1.4612519156432229
62,41,0,1,0,0.18768078555889936,1.4612519156432229
62,42,0,1,1,0.18768078555889936,1.4612519156432229
62,43,0,1,0,0.18768078555889936,1.4612519156432229
62,44,0,0,1,0.18768078555889936,1.4612519156432229
62,45,0,1,0,0.18768078555889936,1.4612519156432229
62,46,0,1,1,0.18768078555889936,1.4612519156432229
62,47,1,1,0,0.18768078555889936,1.4612519156432229
62,48,1,1,0,0.18768078555889936,1.4612519156432229
62,49,0,1,1,0.18768078555889936,1.4612519156432229
62,50,1,1,0,0.18768078555889936,1.4612519156432229
62,51,1,1,0,0.18768078555889936,1.4612519156432229
62,52,1,0,0,0.18768078555889936,1.4612519156432229
62,53,1,0,0,0.18768078555889936,1.4612519156432229
62,54,0,1,0,0.18768078555889936,1.4612519156432229
62,55,1,1,0,0.18768078555889936,1.4612519156432229
62,56,1,1,0,0.18768078555889936,1.4612519156432229
62,57,1,1,0,0.18768078555889936,1.4612519156432229
62,58,1,1,0,0.18768078555889936,1.4612519156432229
62,59,1,1,1,0.18768078555889936,1.4612519156432229
62,60,1,1,0,0.18768078555889936,1.4612519156432229
62,61,1,1,1,0.18768078555889936,1.4612519156432229
62,62,0,0,1,0.18768078555889936,1.4612519156432229
62,63,1,1,0,0.18768078555889936,1.4612519156432229
62,64,0,1,0,0.18768078555889936,1.4612519156432229
62,65,1,1,0,0.18768078555889936,1.4612519156432229
62,66,0,1,1,0.18768078555889936,1.4612519156432229
62,67,1,1,0,0.18768078555889936,1.4612519156432229
62,68,1,1,0,0.18768078555889936,1.4612519156432229
62,69,1,0,0,0.18768078555889936,1.4612519156432229
62,70,0,0,0,0.18768078555889936,1.4612519156432229
62,71,0,0,1,0.18768078555889936,1.4612519156432229
62,72,0,1,1,0.18768078555889936,1.4612519156432229
62,73,1,1,1,0.18768078555889936,1.4612519156432229
62,74,1,1,0,0.18768078555889936,1.4612519156432229
62,75,1,0,0,0.18768078555889936,1.4612519156432229
62,76,1,1,1,0.18768078555889936,1.4612519156432229
62,77,0,1,1,0.18768078555889936,1.4612519156432229
62,78,0,0,0,0.18768078555889936,1.4612519156432229
62,79,1,1,0,0.18768078555889936,1.4612519156432229
62,80,1,1,0,0.18768078555889936,1.4612519156432229
62,81,1,1,0,0.18768078555889936,1.4612519156432229
62,82,0,1,0,0.18768078555889936,1.4612519156432229
62,83,0,1,0,0.18768078555889936,1.4612519156432229
62,84,1,0,0,0.18768078555889936,1.4612519156432229
62,85,1,1,1,0.18768078555889936,1.4612519156432229
62,86,1,0,0,0.18768078555889936,1.4612519156432229
62,87,1,1,1,0.18768078555889936,1.4612519156432229
62,88,1,1,1,0.18768078555889936,1.4612519156432229
62,89,1,1,0,0.18768078555889936,1.4612519156432229
62,90,1,1,0,0.18768078555889936,1.4612519156432229
62,91,1,0,0,0.18768078555889936,1.4612519156432229
62,92,0,1,0,0.18768078555889936,1.4612519156432229
62,93,1,1,1,0.18768078555889936,1.4612519156432229
62,94,1,1,0,0.18768078555889936,1.4612519156432229
62,95,1,1,1,0.18768078555889936,1.4612519156432229
62,96,0,1,0,0.18768078555889936,1.4612519156432229
62,97,1,1,0,0.18768078555889936,1.4612519156432229
62,98,0,1,0,0.18768078555889936,1.4612519156432229
62,99,1,1,1,0.18768078555889936,1.4612519156432229
62,100,0,0,1,0.18768078555889936,1.4612519156432229
63,1,1,1,0,0.06912692851798506,2.25544214045403
63,2,0,0,0,0.06912692851798506,2.25544214045403
63,3,0,0,1,0.06912692851798506,2.25544214045403
63,4,0,1,0,0.06912692851798506,2.25544214045403
63,5,1,1,1,0.06912692851798506,2.25544214045403
63,6,1,1,1,0.06912692851798506,2.25544214045403
63,7,1,0,0,0.06912692851798506,2.25544214045403
63,8,1,1,0,0.06912692851798506,2.25544214045403
63,9,1,0,1,0.06912692851798506,2.25544214045403
63,10,1,1,0,0.06912692851798506,2.25544214045403
63,11,1,1,0,0.06912692851798506,2.25544214045403
63,12,1,1,0,0.06912692851798506,2.25544214045403
63,13,0,1,0,0.06912692851798506,2.25544214045403
63,14,1,1,1,0.06912692851798506,2.25544214045403
63,15,0,0,0,0.06912692851798506,2.25544214045403
63,16,1,1,0,0.06912692851798506,2.25544214045403
63,17,1,1,0,0.06912692851798506,2.25544214045403
63,18,1,1,0,0.06912692851798506,2.25544214045403
63,19,1,0,0,0.06912692851798506,2.25544214045403
63,20,1,1,0,0.06912692851798506,2.25544214045403
63,21,1,1,1,0.06912692851798506,2.25544214045403
63,22,0,1,1,0.06912692851798506,2.25544214045403
63,23,1,0,0,0.06912692851798506,2.25544214045403
63,24,0,1,0,0.06912692851798506,2.25544214045403
63,25,0,1,0,0.06912692851798506,2.25544214045403
63,26,1,1,0,0.06912692851798506,2.25544214045403
63,27,1,1,1,0.06912692851798506,2.25544214045403
63,28,1,0,0,0.06912692851798506,2.25544214045403
63,29,0,0,1,0.06912692851798506,2.25544214045403
63,30,1,1,1,0.06912692851798506,2.25544214045403
63,31,0,1,0,0.06912692851798506,2.25544214045403
63,32,0,1,0,0.06912692851798506,2.25544214045403
63,33,0,1,0,0.06912692851798506,2.25544214045403
63,34,1,1,0,0.06912692851798506,2.25544214045403
63,35,1,1,1,0.06912692851798506,2.25544214045403
63,36,0,0,0,0.06912692851798506,2.25544214045403
63,37,1,0,0,0.06912692851798506,2.25544214045403
63,38,1,1,0,0.06912692851798506,2.25544214045403
63,39,1,1,0,0.06912692851798506,2.25544214045403
63,40,1,1,0,0.06912692851798506,2.25544214045403
63,41,0,0,1,0.06912692851798506,2.25544214045403
63,42,1,1,0,0.06912692851798506,2.25544214045403
63,43,1,0,1,0.06912692851798506,2.25544214045403
63,44,1,1,1,0.06912692851798506,2.25544214045403
63,45,1,0,1,0.06912692851798506,2.25544214045403
63,46,1,0,1,0.06912692851798506,2.25544214045403
63,47,0,1,0,0.06912692851798506,2.25544214045403
63,48,0,1,0,0.06912692851798506,2.25544214045403
63,49,1,1,1,0.06912692851798506,2.25544214045403
63,50,1,1,0,0.06912692851798506,2.25544214045403
63,51,1,1,0,0.06912692851798506,2.25544214045403
63,52,1,1,0,0.06912692851798506,2.25544214045403
63,53,1,1,0,0.06912692851798506,2.25544214045403
63,54,1,1,0,0.06912692851798506,2.25544214045403
63,55,1,0,0,0.06912692851798506,2.25544214045403
63,56,1,0,0,0.06912692851798506,2.25544214045403
63,57,0,1,1,0.06912692851798506,2.25544214045403
63,58,0,0,0,0.06912692851798506,2.25544214045403
63,59,0,1,0,0.06912692851798506,2.25544214045403
63,60,0,1,1,0.06912692851798506,2.25544214045403
63,61,1,1,0,0.06912692851798506,2.25544214045403
63,62,1,1,0,0.06912692851798506,2.25544214045403
63,63,0,0,1,0.06912692851798506,2.25544214045403
63,64,1,1,0,0.06912692851798506,2.25544214045403
63,65,1,1,1,0.06912692851798506,2.25544214045403
63,66,1,0,0,0.06912692851798506,2.25544214045403
63,67,1,1,1,0.06912692851798506,2.25544214045403
63,68,1,0,0,0.06912692851798506,2.25544214045403
63,69,0,1,0,0.06912692851798506,2.25544214045403
63,70,0,0,0,0.06912692851798506,2.25544214045403
63,71,1,0,0,0.06912692851798506,2.25544214045403
63,72,0,1,0,0.06912692851798506,2.25544214045403
63,73,1,1,0,0.06912692851798506,2.25544214045403
63,74,0,1,0,0.06912692851798506,2.25544214045403
63,75,1,0,1,0.06912692851798506,2.25544214045403
63,76,1,0,0,0.06912692851798506,2.25544214045403
63,77,0,0,0,0.06912692851798506,2.25544214045403
63,78,1,1,0,0.06912692851798506,2.25544214045403
63,79,1,1,1,0.06912692851798506,2.25544214045403
63,80,1,1,1,0.06912692851798506,2.25544214045403
63,81,0,1,0,0.06912692851798506,2.25544214045403
63,82,1,1,0,0.06912692851798506,2.25544214045403
63,83,1,1,0,0.06912692851798506,2.25544214045403
63,84,1,1,1,0.06912692851798506,2.25544214045403
63,85,1,0,0,0.06912692851798506,2.25544214045403
63,86,1,1,0,0.06912692851798506,2.25544214045403
63,87,0,1,0,0.06912692851798506,2.25544214045403
63,88,1,1,0,0.06912692851798506,2.25544214045403
63,89,1,1,0,0.06912692851798506,2.25544214045403
63,90,0,1,1,0.06912692851798506,2.25544214045403
63,91,1,1,0,0.06912692851798506,2.25544214045403
63,92,1,1,1,0.06912692851798506,2.25544214045403
63,93,0,1,0,0.06912692851798506,2.25544214045403
63,94,0,0,0,0.06912692851798506,2.25544214045403
63,95,1,1,0,0.06912692851798506,2.25544214045403
63,96,1,1,0,0.06912692851798506,2.25544214045403
63,97,1,1,0,0.06912692851798506,2.25544214045403
63,98,1,1,0,0.06912692851798506,2.25544214045403
63,99,0,1,0,0.06912692851798506,2.25544214045403
63,100,1,0,0,0.06912692851798506,2.25544214045403
64,1,0,0,0,0.06866506258432614,0.9949617338328827
64,2,1,0,1,0.06866506258432614,0.9949617338328827
64,3,1,1,0,0.06866506258432614,0.9949617338328827
64,4,1,1,1,0.06866506258432614,0.9949617338328827
64,5,0,1,1,0.06866506258432614,0.9949617338328827
64,6,1,1,1,0.06866506258432614,0.9949617338328827
64,7,0,1,0,0.06866506258432614,0.9949617338328827
64,8,0,1,0,0.06866506258432614,0.9949617338328827
64,9,0,1,0,0.06866506258432614,0.9949617338328827
64,10,1,1,0,0.06866506258432614,0.9949617338328827
64,11,1,1,0,0.06866506258432614,0.9949617338328827
64,12,0,1,1,0.06866506258432614,0.9949617338328827
64,13,1,1,0,0.06866506258432614,0.9949617338328827
64,14,0,0,0,0.06866506258432614,0.9949617338328827
64,15,1,0,1,0.06866506258432614,0.9949617338328827
64,16,0,1,0,0.06866506258432614,0.9949617338328827
64,17,1,0,0,0.06866506258432614,0.9949617338328827
64,18,1,1,0,0.06866506258432614,0.9949617338328827
64,19,0,1,1,0.06866506258432614,0.9949617338328827
64,20,1,1,0,0.06866506258432614,0.9949617338328827
64,21,1,1,1,0.06866506258432614,0.9949617338328827
64,22,1,1,1,0.06866506258432614,0.9949617338328827
64,23,1,1,0,0.06866506258432614,0.9949617338328827
64,24,1,1,0,0.06866506258432614,0.9949617338328827
64,25,1,1,0,0.06866506258432614,0.9949617338328827
64,26,0,1,0,0.06866506258432614,0.9949617338328827
64,27,0,1,1,0.06866506258432614,0.9949617338328827
64,28,1,1,0,0.06866506258432614,0.9949617338328827
64,29,0,1,0,0.06866506258432614,0.9949617338328827
64,30,1,1,0,0.06866506258432614,0.9949617338328827
64,31,0,1,0,0.06866506258432614,0.9949617338328827
64,32,1,0,0,0.06866506258432614,0.9949617338328827
64,33,1,0,0,0.06866506258432614,0.9949617338328827
64,34,1,1,0,0.06866506258432614,0.9949617338328827
64,35,1,0,1,0.06866506258432614,0.9949617338328827
64,36,1,1,1,0.06866506258432614,0.9949617338328827
64,37,0,0,0,0.06866506258432614,0.9949617338328827
64,38,0,0,1,0.06866506258432614,0.9949617338328827
64,39,1,0,0,0.06866506258432614,0.9949617338328827
64,40,0,1,1,0.06866506258432614,0.9949617338328827
64,41,1,1,0,0.06866506258432614,0.9949617338328827
64,42,0,1,0,0.06866506258432614,0.9949617338328827
64,43,0,0,0,0.06866506258432614,0.9949617338328827
64,44,0,1,0,0.06866506258432614,0.9949617338328827
64,45,1,0,0,0.06866506258432614,0.9949617338328827
64,46,1,1,0,0.06866506258432614,0.9949617338328827
64,47,0,1,1,0.06866506258432614,0.9949617338328827
64,48,1,0,1,0.06866506258432614,0.9949617338328827
64,49,1,1,1,0.06866506258432614,0.9949617338328827
64,50,1,1,0,0.06866506258432614,0.9949617338328827
64,51,0,1,0,0.06866506258432614,0.9949617338328827
64,52,1,1,0,0.06866506258432614,0.9949617338328827
64,53,0,1,1,0.06866506258432614,0.9949617338328827
64,54,0,1,0,0.06866506258432614,0.9949617338328827
64,55,0,1,0,0.06866506258432614,0.9949617338328827
64,56,0,0,0,0.06866506258432614,0.9949617338328827
64,57,1,1,1,0.06866506258432614,0.9949617338328827
64,58,1,0,0,0.06866506258432614,0.9949617338328827
64,59,1,1,0,0.06866506258432614,0.9949617338328827
64,60,0,1,1,0.06866506258432614,0.9949617338328827
64,61,1,0,1,0.06866506258432614,0.9949617338328827
64,62,1,0,0,0.06866506258432614,0.9949617338328827
64,63,1,0,1,0.06866506258432614,0.9949617338328827
64,64,0,0,0,0.06866506258432614,0.9949617338328827
64,65,1,1,0,0.06866506258432614,0.9949617338328827
64,66,0,1,0,0.06866506258432614,0.9949617338328827
64,67,1,1,1,0.06866506258432614,0.9949617338328827
64,68,1,0,1,0.06866506258432614,0.9949617338328827
64,69,0,0,1,0.06866506258432614,0.9949617338328827
64,70,1,1,0,0.06866506258432614,0.9949617338328827
64,71,1,1,1,0.06866506258432614,0.9949617338328827
64,72,0,0,1,0.06866506258432614,0.9949617338328827
64,73,0,1,0,0.06866506258432614,0.9949617338328827
64,74,1,0,0,0.06866506258432614,0.9949617338328827
64,75,1,1,0,0.06866506258432614,0.9949617338328827
64,76,1,1,0,0.06866506258432614,0.9949617338328827
64,77,1,1,1,0.06866506258432614,0.9949617338328827
64,78,1,1,0,0.06866506258432614,0.9949617338328827
64,79,0,1,0,0.06866506258432614,0.9949617338328827
64,80,0,0,0,0.06866506258432614,0.9949617338328827
64,81,0,1,0,0.06866506258432614,0.9949617338328827
64,82,1,0,0,0.06866506258432614,0.9949617338328827
64,83,1,1,0,0.06866506258432614,0.9949617338328827
64,84,1,1,0,0.06866506258432614,0.9949617338328827
64,85,1,1,1,0.06866506258432614,0.9949617338328827
64,86,1,1,1,0.06866506258432614,0.9949617338328827
64,87,0,1,0,0.06866506258432614,0.9949617338328827
64,88,1,1,1,0.06866506258432614,0.9949617338328827
64,89,0,1,0,0.06866506258432614,0.9949617338328827
64,90,1,1,0,0.06866506258432614,0.9949617338328827
64,91,1,0,1,0.06866506258432614,0.9949617338328827
64,92,0,0,1,0.06866506258432614,0.9949617338328827
64,93,0,1,0,0.06866506258432614,0.9949617338328827
64,94,1,1,0,0.06866506258432614,0.9949617338328827
64,95,1,0,1,0.06866506258432614,0.9949617338328827
64,96,0,1,0,0.06866506258432614,0.9949617338328827
64,97,1,1,0,0.06866506258432614,0.9949617338328827
64,98,1,1,0,0.06866506258432614,0.9949617338328827
64,99,1,1,1,0.06866506258432614,0.9949617338328827
64,100,1,0,0,0.06866506258432614,0.9949617338328827
65,1,1,1,1,0.0933423877326848,2.9908780621364053
65,2,0,0,0,0.0933423877326848,2.9908780621364053
65,3,1,0,1,0.0933423877326848,2.9908780621364053
65,4,1,1,0,0.0933423877326848,2.9908780621364053
65,5,1,0,0,0.0933423877326848,2.9908780621364053
65,6,1,0,0,0.0933423877326848,2.9908780621364053
65,7,0,0,0,0.0933423877326848,2.9908780621364053
65,8,1,0,0,0.0933423877326848,2.9908780621364053
65,9,0,1,0,0.0933423877326848,2.9908780621364053
65,10,1,0,0,0.0933423877326848,2.9908780621364053
65,11,0,0,0,0.0933423877326848,2.9908780621364053
65,12,1,1,1,0.0933423877326848,2.9908780621364053
65,13,1,0,1,0.0933423877326848,2.9908780621364053
65,14,1,1,1,0.0933423877326848,2.9908780621364053
65,15,1,1,0,0.0933423877326848,2.9908780621364053
65,16,1,1,1,0.0933423877326848,2.9908780621364053
65,17,0,0,0,0.0933423877326848,2.9908780621364053
65,18,0,1,1,0.0933423877326848,2.9908780621364053
65,19,1,0,0,0.0933423877326848,2.9908780621364053
65,20,1,1,0,0.0933423877326848,2.9908780621364053
65,21,1,1,0,0.0933423877326848,2.9908780621364053
65,22,1,1,1,0.0933423877326848,2.9908780621364053
65,23,1,1,1,0.0933423877326848,2.9908780621364053
65,24,1,1,1,0.0933423877326848,2.9908780621364053
65,25,0,1,0,0.0933423877326848,2.9908780621364053
65,26,0,0,0,0.0933423877326848,2.9908780621364053
65,27,1,0,1,0.0933423877326848,2.9908780621364053
65,28,1,1,0,0.0933423877326848,2.9908780621364053
65,29,1,1,0,0.0933423877326848,2.9908780621364053
65,30,1,1,1,0.0933423877326848,2.9908780621364053
65,31,0,0,1,0.0933423877326848,2.9908780621364053
65,32,0,1,0,0.0933423877326848,2.9908780621364053
65,33,0,1,0,0.0933423877326848,2.9908780621364053
65,34,0,1,1,0.0933423877326848,2.9908780621364053
65,35,1,1,1,0.0933423877326848,2.9908780621364053
65,36,0,1,0,0.0933423877326848,2.9908780621364053
65,37,1,1,0,0.0933423877326848,2.9908780621364053
65,38,1,1,0,0.0933423877326848,2.9908780621364053
65,39,1,1,0,0.0933423877326848,2.9908780621364053
65,40,1,0,1,0.0933423877326848,2.9908780621364053
65,41,0,1,1,0.0933423877326848,2.9908780621364053
65,42,1,1,1,0.0933423877326848,2.9908780621364053
65,43,1,0,1,0.0933423877326848,2.9908780621364053
65,44,1,1,1,0.0933423877326848,2.9908780621364053
65,45,1,1,0,0.0933423877326848,2.9908780621364053
65,46,0,1,1,0.0933423877326848,2.9908780621364053
65,47,0,1,0,0.0933423877326848,2.9908780621364053
65,48,0,1,0,0.0933423877326848,2.9908780621364053
65,49,1,0,0,0.0933423877326848,2.9908780621364053
65,50,1,1,0,0.0933423877326848,2.9908780621364053
65,51,0,1,1,0.0933423877326848,2.9908780621364053
65,52,0,1,1,0.0933423877326848,2.9908780621364053
65,53,1,1,0,0.0933423877326848,2.9908780621364053
65,54,0,1,1,0.0933423877326848,2.9908780621364053
65,55,1,1,1,0.0933423877326848,2.9908780621364053
65,56,1,1,1,0.0933423877326848,2.9908780621364053
65,57,1,0,1,0.0933423877326848,2.9908780621364053
65,58,1,1,1,0.0933423877326848,2.9908780621364053
65,59,0,1,0,0.0933423877326848,2.9908780621364053
65,60,1,1,0,0.0933423877326848,2.9908780621364053
65,61,1,1,0,0.0933423877326848,2.9908780621364053
65,62,0,1,0,0.0933423877326848,2.9908780621364053
65,63,1,1,1,0.0933423877326848,2.9908780621364053
65,64,1,1,1,0.0933423877326848,2.9908780621364053
65,65,1,1,1,0.0933423877326848,2.9908780621364053
65,66,0,1,1,0.0933423877326848,2.9908780621364053
65,67,1,1,0,0.0933423877326848,2.9908780621364053
65,68,0,1,1,0.0933423877326848,2.9908780621364053
65,69,0,0,1,0.0933423877326848,2.9908780621364053
65,70,1,1,0,0.0933423877326848,2.9908780621364053
65,71,1,0,1,0.0933423877326848,2.9908780621364053
65,72,1,1,1,0.0933423877326848,2.9908780621364053
65,73,1,1,0,0.0933423877326848,2.9908780621364053
65,74,1,0,0,0.0933423877326848,2.9908780621364053
65,75,1,1,0,0.0933423877326848,2.9908780621364053
65,76,1,1,1,0.0933423877326848,2.9908780621364053
65,77,0,1,0,0.0933423877326848,2.9908780621364053
65,78,0,1,0,0.0933423877326848,2.9908780621364053
65,79,1,1,1,0.0933423877326848,2.9908780621364053
65,80,1,0,1,0.0933423877326848,2.9908780621364053
65,81,0,0,1,0.0933423877326848,2.9908780621364053
65,82,0,0,0,0.0933423877326848,2.9908780621364053
65,83,0,1,0,0.0933423877326848,2.9908780621364053
65,84,1,1,0,0.0933423877326848,2.9908780621364053
65,85,1,1,0,0.0933423877326848,2.9908780621364053
65,86,1,1,0,0.0933423877326848,2.9908780621364053
65,87,1,1,0,0.0933423877326848,2.9908780621364053
65,88,0,1,0,0.0933423877326848,2.9908780621364053
65,89,1,0,0,0.0933423877326848,2.9908780621364053
65,90,1,1,0,0.0933423877326848,2.9908780621364053
65,91,1,0,1,0.0933423877326848,2.9908780621364053
65,92,1,1,0,0.0933423877326848,2.9908780621364053
65,93,0,0,0,0.0933423877326848,2.9908780621364053
65,94,1,1,1,0.0933423877326848,2.9908780621364053
65,95,1,1,0,0.0933423877326848,2.9908780621364053
65,96,1,0,0,0.0933423877326848,2.9908780621364053
65,97,1,0,0,0.0933423877326848,2.9908780621364053
65,98,1,0,0,0.0933423877326848,2.9908780621364053
65,99,1,1,1,0.0933423877326848,2.9908780621364053
65,100,0,1,1,0.0933423877326848,2.9908780621364053
66,1,0,1,1,0.19583690217373387,2.9451539482147995
66,2,1,0,1,0.19583690217373387,2.9451539482147995
66,3,0,1,0,0.19583690217373387,2.9451539482147995
66,4,1,1,0,0.19583690217373387,2.9451539482147995
66,5,1,1,1,0.19583690217373387,2.9451539482147995
66,6,1,1,0,0.19583690217373387,2.9451539482147995
66,7,1,1,0,0.19583690217373387,2.9451539482147995
66,8,0,1,0,0.19583690217373387,2.9451539482147995
66,9,1,1,0,0.19583690217373387,2.9451539482147995
66,10,1,1,1,0.19583690217373387,2.9451539482147995
66,11,1,1,0,0.19583690217373387,2.9451539482147995
66,12,1,0,0,0.19583690217373387,2.9451539482147995
66,13,1,1,0,0.19583690217373387,2.9451539482147995
66,14,1,0,0,0.19583690217373387,2.9451539482147995
66,15,1,1,0,0.19583690217373387,2.9451539482147995
66,16,1,1,0,0.19583690217373387,2.9451539482147995
66,17,1,0,0,0.19583690217373387,2.9451539482147995
66,18,1,1,0,0.19583690217373387,2.9451539482147995
66,19,1,1,0,0.19583690217373387,2.9451539482147995
66,20,1,1,1,0.19583690217373387,2.9451539482147995
66,21,1,1,1,0.19583690217373387,2.9451539482147995
66,22,1,1,0,0.19583690217373387,2.9451539482147995
66,23,1,1,0,0.19583690217373387,2.9451539482147995
66,24,1,1,0,0.19583690217373387,2.9451539482147995
66,25,1,1,1,0.19583690217373387,2.9451539482147995
66,26,1,1,1,0.19583690217373387,2.9451539482147995
66,27,1,1,0,0.19583690217373387,2.9451539482147995
66,28,1,1,0,0.19583690217373387,2.9451539482147995
66,29,1,0,1,0.19583690217373387,2.9451539482147995
66,30,1,1,1,0.19583690217373387,2.9451539482147995
66,31,1,1,0,0.19583690217373387,2.9451539482147995
66,32,1,1,0,0.19583690217373387,2.9451539482147995
66,33,1,0,0,0.19583690217373387,2.9451539482147995
66,34,1,1,1,0.19583690217373387,2.9451539482147995
66,35,1,1,0,0.19583690217373387,2.9451539482147995
66,36,0,1,0,0.19583690217373387,2.9451539482147995
66,37,1,0,0,0.19583690217373387,2.9451539482147995
66,38,1,1,0,0.19583690217373387,2.9451539482147995
66,39,1,1,0,0.19583690217373387,2.9451539482147995
66,40,1,1,1,0.19583690217373387,2.9451539482147995
66,41,1,0,0,0.19583690217373387,2.9451539482147995
66,42,1,1,0,0.19583690217373387,2.9451539482147995
66,43,1,1,1,0.19583690217373387,2.9451539482147995
66,44,1,1,1,0.19583690217373387,2.9451539482147995
66,45,1,0,0,0.19583690217373387,2.9451539482147995
66,46,1,0,0,0.19583690217373387,2.9451539482147995
66,47,1,1,0,0.19583690217373387,2.9451539482147995
66,48,1,1,0,0.19583690217373387,2.9451539482147995
66,49,1,1,0,0.19583690217373387,2.9451539482147995
66,50,1,0,1,0.19583690217373387,2.9451539482147995
66,51,1,1,0,0.19583690217373387,2.9451539482147995
66,52,1,1,1,0.19583690217373387,2.9451539482147995
66,53,0,1,0,0.19583690217373387,2.9451539482147995
66,54,1,0,0,0.19583690217373387,2.9451539482147995
66,55,0,1,1,0.19583690217373387,2.9451539482147995
66,56,1,1,0,0.19583690217373387,2.9451539482147995
66,57,1,1,0,0.19583690217373387,2.9451539482147995
66,58,1,1,1,0.19583690217373387,2.9451539482147995
66,59,1,1,0,0.19583690217373387,2.9451539482147995
66,60,1,1,1,0.19583690217373387,2.9451539482147995
66,61,1,1,1,0.19583690217373387,2.9451539482147995
66,62,1,1,0,0.19583690217373387,2.9451539482147995
66,63,1,0,1,0.19583690217373387,2.9451539482147995
66,64,1,1,1,0.19583690217373387,2.9451539482147995
66,65,1,1,1,0.19583690217373387,2.9451539482147995
66,66,1,1,1,0.19583690217373387,2.9451539482147995
66,67,0,0,0,0.19583690217373387,2.9451539482147995
66,68,1,0,1,0.19583690217373387,2.9451539482147995
66,69,1,1,0,0.19583690217373387,2.9451539482147995
66,70,1,1,1,0.19583690217373387,2.9451539482147995
66,71,0,1,1,0.19583690217373387,2.9451539482147995
66,72,1,0,0,0.19583690217373387,2.9451539482147995
66,73,0,0,0,0.19583690217373387,2.9451539482147995
66,74,0,1,1,0.19583690217373387,2.9451539482147995
66,75,1,1,1,0.19583690217373387,2.9451539482147995
66,76,0,0,0,0.19583690217373387,2.9451539482147995
66,77,1,1,1,0.19583690217373387,2.9451539482147995
66,78,0,0,0,0.19583690217373387,2.9451539482147995
66,79,0,1,1,0.19583690217373387,2.9451539482147995
66,80,0,1,0,0.19583690217373387,2.9451539482147995
66,81,0,1,0,0.19583690217373387,2.9451539482147995
66,82,1,0,0,0.19583690217373387,2.9451539482147995
66,83,1,1,0,0.19583690217373387,2.9451539482147995
66,84,1,1,0,0.19583690217373387,2.9451539482147995
66,85,1,1,0,0.19583690217373387,2.9451539482147995
66,86,1,1,0,0.19583690217373387,2.9451539482147995
66,87,1,0,1,0.19583690217373387,2.9451539482147995
66,88,1,0,1,0.19583690217373387,2.9451539482147995
66,89,0,1,0,0.19583690217373387,2.9451539482147995
66,90,1,1,0,0.19583690217373387,2.9451539482147995
66,91,0,1,0,0.19583690217373387,2.9451539482147995
66,92,0,1,0,0.19583690217373387,2.9451539482147995
66,93,0,1,0,0.19583690217373387,2.9451539482147995
66,94,1,1,1,0.19583690217373387,2.9451539482147995
66,95,1,0,0,0.19583690217373387,2.9451539482147995
66,96,0,1,1,0.19583690217373387,2.9451539482147995
66,97,1,0,1,0.19583690217373387,2.9451539482147995
66,98,0,1,0,0.19583690217373387,2.9451539482147995
66,99,1,1,0,0.19583690217373387,2.9451539482147995
66,100,0,0,0,0.19583690217373387,2.9451539482147995
67,1,1,0,0,0.06836012485784711,0.8349226091129448
67,2,0,1,0,0.06836012485784711,0.8349226091129448
67,3,0,1,0,0.06836012485784711,0.8349226091129448
67,4,1,1,0,0.06836012485784711,0.8349226091129448
67,5,0,1,0,0.06836012485784711,0.8349226091129448
67,6,0,0,0,0.06836012485784711,0.8349226091129448
67,7,1,0,1,0.06836012485784711,0.8349226091129448
67,8,0,1,0,0.06836012485784711,0.8349226091129448
67,9,1,0,0,0.06836012485784711,0.8349226091129448
67,10,1,0,1,0.06836012485784711,0.8349226091129448
67,11,1,1,0,0.06836012485784711,0.8349226091129448
67,12,1,1,0,0.06836012485784711,0.8349226091129448
67,13,0,0,1,0.06836012485784711,0.8349226091129448
67,14,0,1,0,0.06836012485784711,0.8349226091129448
67,15,0,1,1,0.06836012485784711,0.8349226091129448
67,16,1,1,0,0.06836012485784711,0.8349226091129448
67,17,0,1,0,0.06836012485784711,0.8349226091129448
67,18,1,0,0,0.06836012485784711,0.8349226091129448
67,19,0,1,0,0.06836012485784711,0.8349226091129448
67,20,1,1,0,0.06836012485784711,0.8349226091129448
67,21,0,0,0,0.06836012485784711,0.8349226091129448
67,22,0,1,0,0.06836012485784711,0.8349226091129448
67,23,0,0,0,0.06836012485784711,0.8349226091129448
67,24,1,1,0,0.06836012485784711,0.8349226091129448
67,25,0,1,1,0.06836012485784711,0.8349226091129448
67,26,1,1,1,0.06836012485784711,0.8349226091129448
67,27,1,1,0,0.06836012485784711,0.8349226091129448
67,28,1,1,0,0.06836012485784711,0.8349226091129448
67,29,0,1,1,0.06836012485784711,0.8349226091129448
67,30,0,1,0,0.06836012485784711,0.8349226091129448
67,31,0,1,0,0.06836012485784711,0.8349226091129448
67,32,1,1,0,0.06836012485784711,0.8349226091129448
67,33,1,1,1,0.06836012485784711,0.8349226091129448
67,34,1,0,0,0.06836012485784711,0.8349226091129448
67,35,1,1,0,0.06836012485784711,0.8349226091129448
67,36,1,0,0,0.06836012485784711,0.8349226091129448
67,37,0,1,0,0.06836012485784711,0.8349226091129448
67,38,0,0,0,0.06836012485784711,0.8349226091129448
67,39,1,1,0,0.06836012485784711,0.8349226091129448
67,40,0,0,0,0.06836012485784711,0.8349226091129448
67,41,0,1,1,0.06836012485784711,0.8349226091129448
67,42,0,1,1,0.06836012485784711,0.8349226091129448
67,43,0,1,0,0.06836012485784711,0.8349226091129448
67,44,1,1,0,0.06836012485784711,0.8349226091129448
67,45,1,1,0,0.06836012485784711,0.8349226091129448
67,46,1,1,1,0.06836012485784711,0.8349226091129448
67,47,1,1,0,0.06836012485784711,0.8349226091129448
67,48,0,1,0,0.06836012485784711,0.8349226091129448
67,49,1,1,1,0.06836012485784711,0.8349226091129448
67,50,0,1,0,0.06836012485784711,0.8349226091129448
67,51,0,1,1,0.06836012485784711,0.8349226091129448
67,52,1,1,0,0.06836012485784711,0.8349226091129448
67,53,0,0,0,0.06836012485784711,0.8349226091129448
67,54,1,1,0,0.06836012485784711,0.8349226091129448
67,55,0,1,0,0.06836012485784711,0.8349226091129448
67,56,1,1,1,0.06836012485784711,0.8349226091129448
67,57,1,0,0,0.06836012485784711,0.8349226091129448
67,58,1,1,0,0.06836012485784711,0.8349226091129448
67,59,0,1,1,0.06836012485784711,0.8349226091129448
67,60,1,1,0,0.06836012485784711,0.8349226091129448
67,61,0,1,0,0.06836012485784711,0.8349226091129448
67,62,1,1,0,0.06836012485784711,0.8349226091129448
67,63,0,1,1,0.06836012485784711,0.8349226091129448
67,64,0,0,1,0.06836012485784711,0.8349226091129448
67,65,1,1,0,0.06836012485784711,0.8349226091129448
67,66,1,1,0,0.06836012485784711,0.8349226091129448
67,67,0,1,1,0.06836012485784711,0.8349226091129448
67,68,1,1,0,0.06836012485784711,0.8349226091129448
67,69,1,1,0,0.06836012485784711,0.8349226091129448
67,70,1,1,1,0.06836012485784711,0.8349226091129448
67,71,1,0,0,0.06836012485784711,0.8349226091129448
67,72,1,1,1,0.06836012485784711,0.8349226091129448
67,73,1,1,1,0.06836012485784711,0.8349226091129448
67,74,0,0,1,0.06836012485784711,0.8349226091129448
67,75,1,0,0,0.06836012485784711,0.8349226091129448
67,76,0,1,0,0.06836012485784711,0.8349226091129448
67,77,1,0,0,0.06836012485784711,0.8349226091129448
67,78,0,1,0,0.06836012485784711,0.8349226091129448
67,79,1,1,0,0.06836012485784711,0.8349226091129448
67,80,0,1,0,0.06836012485784711,0.8349226091129448
67,81,1,0,0,0.06836012485784711,0.8349226091129448
67,82,0,1,1,0.06836012485784711,0.8349226091129448
67,83,1,0,1,0.06836012485784711,0.8349226091129448
67,84,0,1,1,0.06836012485784711,0.8349226091129448
67,85,1,1,0,0.06836012485784711,0.8349226091129448
67,86,1,1,0,0.06836012485784711,0.8349226091129448
67,87,0,1,0,0.06836012485784711,0.8349226091129448
67,88,0,1,0,0.06836012485784711,0.8349226091129448
67,89,1,0,0,0.06836012485784711,0.8349226091129448
67,90,1,0,1,0.06836012485784711,0.8349226091129448
67,91,0,0,1,0.06836012485784711,0.8349226091129448
67,92,0,1,0,0.06836012485784711,0.8349226091129448
67,93,0,1,0,0.06836012485784711,0.8349226091129448
67,94,0,0,0,0.06836012485784711,0.8349226091129448
67,95,0,0,1,0.06836012485784711,0.8349226091129448
67,96,0,1,1,0.06836012485784711,0.8349226091129448
67,97,1,0,1,0.06836012485784711,0.8349226091129448
67,98,0,0,1,0.06836012485784711,0.8349226091129448
67,99,1,1,0,0.06836012485784711,0.8349226091129448
67,100,0,1,0,0.06836012485784711,0.8349226091129448
68,1,0,0,1,0.09921560782130956,2.0375902101289753
68,2,0,0,0,0.09921560782130956,2.0375902101289753
68,3,0,1,1,0.09921560782130956,2.0375902101289753
68,4,0,1,0,0.09921560782130956,2.0375902101289753
68,5,1,1,0,0.09921560782130956,2.0375902101289753
68,6,0,1,0,0.09921560782130956,2.0375902101289753
68,7,1,1,1,0.09921560782130956,2.0375902101289753
68,8,1,1,1,0.09921560782130956,2.0375902101289753
68,9,0,1,0,0.09921560782130956,2.0375902101289753
68,10,0,1,1,0.09921560782130956,2.0375902101289753
68,11,1,0,0,0.09921560782130956,2.0375902101289753
68,12,1,0,1,0.09921560782130956,2.0375902101289753
68,13,1,1,1,0.09921560782130956,2.0375902101289753
68,14,1,1,0,0.09921560782130956,2.0375902101289753
68,15,1,0,0,0.09921560782130956,2.0375902101289753
68,16,1,1,0,0.09921560782130956,2.0375902101289753
68,17,0,1,1,0.09921560782130956,2.0375902101289753
68,18,0,0,0,0.09921560782130956,2.0375902101289753
68,19,0,1,0,0.09921560782130956,2.0375902101289753
68,20,1,1,0,0.09921560782130956,2.0375902101289753
68,21,1,0,1,0.09921560782130956,2.0375902101289753
68,22,1,0,1,0.09921560782130956,2.0375902101289753
68,23,1,0,1,0.09921560782130956,2.0375902101289753
68,24,1,1,0,0.09921560782130956,2.0375902101289753
68,25,0,1,0,0.09921560782130956,2.0375902101289753
68,26,1,1,0,0.09921560782130956,2.0375902101289753
68,27,0,1,1,0.09921560782130956,2.0375902101289753
68,28,1,1,0,0.09921560782130956,2.0375902101289753
68,29,1,0,1,0.09921560782130956,2.0375902101289753
68,30,1,0,1,0.09921560782130956,2.0375902101289753
68,31,1,1,1,0.09921560782130956,2.0375902101289753
68,32,0,1,0,0.09921560782130956,2.0375902101289753
68,33,1,1,0,0.09921560782130956,2.0375902101289753
68,34,0,1,0,0.09921560782130956,2.0375902101289753
68,35,1,1,0,0.09921560782130956,2.0375902101289753
68,36,0,0,0,0.09921560782130956,2.0375902101289753
68,37,0,0,0,0.09921560782130956,2.0375902101289753
68,38,0,1,0,0.09921560782130956,2.0375902101289753
68,39,0,1,0,0.09921560782130956,2.0375902101289753
68,40,1,1,0,0.09921560782130956,2.0375902101289753
68,41,1,0,0,0.09921560782130956,2.0375902101289753
68,42,0,1,0,0.09921560782130956,2.0375902101289753
68,43,0,1,0,0.09921560782130956,2.0375902101289753
68,44,0,1,0,0.09921560782130956,2.0375902101289753
68,45,0,1,0,0.09921560782130956,2.0375902101289753
68,46,1,1,0,0.09921560782130956,2.0375902101289753
68,47,1,1,1,0.09921560782130956,2.0375902101289753
68,48,0,1,0,0.09921560782130956,2.0375902101289753
68,49,1,0,0,0.09921560782130956,2.0375902101289753
68,50,0,1,1,0.09921560782130956,2.0375902101289753
68,51,0,1,0,0.09921560782130956,2.0375902101289753
68,52,1,1,1,0.09921560782130956,2.0375902101289753
68,53,1,1,1,0.09921560782130956,2.0375902101289753
68,54,0,1,1,0.09921560782130956,2.0375902101289753
68,55,1,1,0,0.09921560782130956,2.0375902101289753
68,56,1,1,0,0.09921560782130956,2.0375902101289753
68,57,1,0,0,0.09921560782130956,2.0375902101289753
68,58,1,1,0,0.09921560782130956,2.0375902101289753
68,59,1,1,0,0.09921560782130956,2.0375902101289753
68,60,0,1,0,0.09921560782130956,2.0375902101289753
68,61,0,0,0,0.09921560782130956,2.0375902101289753
68,62,0,1,0,0.09921560782130956,2.0375902101289753
68,63,0,1,1,0.09921560782130956,2.0375902101289753
68,64,1,0,1,0.09921560782130956,2.0375902101289753
68,65,1,1,0,0.09921560782130956,2.0375902101289753
68,66,0,1,1,0.09921560782130956,2.0375902101289753
68,67,1,1,1,0.09921560782130956,2.0375902101289753
68,68,0,1,0,0.09921560782130956,2.0375902101289753
68,69,0,0,0,0.09921560782130956,2.0375902101289753
68,70,1,1,0,0.09921560782130956,2.0375902101289753
68,71,1,1,1,0.09921560782130956,2.0375902101289753
68,72,1,0,0,0.09921560782130956,2.0375902101289753
68,73,1,1,0,0.09921560782130956,2.0375902101289753
68,74,1,0,1,0.09921560782130956,2.0375902101289753
68,75,0,0,1,0.09921560782130956,2.0375902101289753
68,76,1,0,0,0.09921560782130956,2.0375902101289753
68,77,1,0,1,0.09921560782130956,2.0375902101289753
68,78,1,0,0,0.09921560782130956,2.0375902101289753
68,79,0,0,0,0.09921560782130956,2.0375902101289753
68,80,0,0,1,0.09921560782130956,2.0375902101289753
68,81,1,1,0,0.09921560782130956,2.0375902101289753
68,82,0,1,0,0.09921560782130956,2.0375902101289753
68,83,1,1,1,0.09921560782130956,2.0375902101289753
68,84,0,0,0,0.09921560782130956,2.0375902101289753
68,85,0,1,0,0.09921560782130956,2.0375902101289753
68,86,1,1,1,0.09921560782130956,2.0375902101289753
68,87,1,0,1,0.09921560782130956,2.0375902101289753
68,88,0,1,0,0.09921560782130956,2.0375902101289753
68,89,0,1,0,0.09921560782130956,2.0375902101289753
68,90,0,0,1,0.09921560782130956,2.0375902101289753
68,91,1,1,1,0.09921560782130956,2.0375902101289753
68,92,1,1,0,0.09921560782130956,2.0375902101289753
68,93,0,1,1,0.09921560782130956,2.0375902101289753
68,94,1,1,1,0.09921560782130956,2.0375902101289753
68,95,0,1,1,0.09921560782130956,2.0375902101289753
68,96,1,1,0,0.09921560782130956,2.0375902101289753
68,97,1,0,1,0.09921560782130956,2.0375902101289753
68,98,1,1,1,0.09921560782130956,2.0375902101289753
68,99,0,1,0,0.09921560782130956,2.0375902101289753
68,100,1,1,0,0.09921560782130956,2.0375902101289753
69,1,1,1,0,0.15137266103949273,1.6612650179808082
69,2,1,0,1,0.15137266103949273,1.6612650179808082
69,3,0,1,0,0.15137266103949273,1.6612650179808082
69,4,1,1,1,0.15137266103949273,1.6612650179808082
69,5,1,1,0,0.15137266103949273,1.6612650179808082
69,6,1,1,0,0.15137266103949273,1.6612650179808082
69,7,1,0,0,0.15137266103949273,1.6612650179808082
69,8,1,0,1,0.15137266103949273,1.6612650179808082
69,9,1,0,1,0.15137266103949273,1.6612650179808082
69,10,0,1,0,0.15137266103949273,1.6612650179808082
69,11,0,0,0,0.15137266103949273,1.6612650179808082
69,12,1,1,1,0.15137266103949273,1.6612650179808082
69,13,1,1,0,0.15137266103949273,1.6612650179808082
69,14,0,1,0,0.15137266103949273,1.6612650179808082
69,15,1,1,0,0.15137266103949273,1.6612650179808082
69,16,1,1,0,0.15137266103949273,1.6612650179808082
69,17,1,1,0,0.15137266103949273,1.6612650179808082
69,18,1,1,0,0.15137266103949273,1.6612650179808082
69,19,1,0,0,0.15137266103949273,1.6612650179808082
69,20,1,0,0,0.15137266103949273,1.6612650179808082
69,21,0,1,0,0.15137266103949273,1.6612650179808082
69,22,0,1,1,0.15137266103949273,1.6612650179808082
69,23,1,1,0,0.15137266103949273,1.6612650179808082
69,24,1,1,1,0.15137266103949273,1.6612650179808082
69,25,1,0,0,0.15137266103949273,1.6612650179808082
69,26,1,1,0,0.15137266103949273,1.6612650179808082
69,27,1,0,1,0.15137266103949273,1.6612650179808082
69,28,1,1,0,0.15137266103949273,1.6612650179808082
69,29,1,1,0,0.15137266103949273,1.6612650179808082
69,30,1,1,1,0.15137266103949273,1.6612650179808082
69,31,0,0,0,0.15137266103949273,1.6612650179808082
69,32,1,1,1,0.15137266103949273,1.6612650179808082
69,33,1,1,0,0.15137266103949273,1.6612650179808082
69,34,1,1,0,0.15137266103949273,1.6612650179808082
69,35,0,0,0,0.15137266103949273,1.6612650179808082
69,36,1,0,0,0.15137266103949273,1.6612650179808082
69,37,0,0,0,0.15137266103949273,1.6612650179808082
69,38,1,1,0,0.15137266103949273,1.6612650179808082
69,39,0,1,0,0.15137266103949273,1.6612650179808082
69,40,1,0,0,0.15137266103949273,1.6612650179808082
69,41,1,1,0,0.15137266103949273,1.6612650179808082
69,42,1,1,0,0.15137266103949273,1.6612650179808082
69,43,0,0,1,0.15137266103949273,1.6612650179808082
69,44,0,1,0,0.15137266103949273,1.6612650179808082
69,45,0,1,1,0.15137266103949273,1.6612650179808082
69,46,1,1,0,0.15137266103949273,1.6612650179808082
69,47,0,1,0,0.15137266103949273,1.6612650179808082
69,48,1,1,1,0.15137266103949273,1.6612650179808082
69,49,1,0,0,0.15137266103949273,1.6612650179808082
69,50,1,0,0,0.15137266103949273,1.6612650179808082
69,51,1,1,1,0.15137266103949273,1.6612650179808082
69,52,1,1,1,0.15137266103949273,1.6612650179808082
69,53,0,1,0,0.15137266103949273,1.6612650179808082
69,54,1,0,0,0.15137266103949273,1.6612650179808082
69,55,0,0,0,0.15137266103949273,1.6612650179808082
69,56,0,1,1,0.15137266103949273,1.6612650179808082
69,57,0,1,1,0.15137266103949273,1.6612650179808082
69,58,0,0,0,0.15137266103949273,1.6612650179808082
69,59,1,1,1,0.15137266103949273,1.6612650179808082
69,60,1,1,1,0.15137266103949273,1.6612650179808082
69,61,0,1,0,0.15137266103949273,1.6612650179808082
69,62,1,1,0,0.15137266103949273,1.6612650179808082
69,63,1,1,0,0.15137266103949273,1.6612650179808082
69,64,1,0,0,0.15137266103949273,1.6612650179808082
69,65,0,1,1,0.15137266103949273,1.6612650179808082
69,66,0,1,0,0.15137266103949273,1.6612650179808082
69,67,0,1,1,0.15137266103949273,1.6612650179808082
69,68,1,1,1,0.15137266103949273,1.6612650179808082
69,69,1,1,0,0.15137266103949273,1.6612650179808082
69,70,0,1,0,0.15137266103949273,1.6612650179808082
69,71,1,0,0,0.15137266103949273,1.6612650179808082
69,72,0,1,0,0.15137266103949273,1.6612650179808082
69,73,1,1,1,0.15137266103949273,1.6612650179808082
69,74,1,1,0,0.15137266103949273,1.6612650179808082
69,75,1,0,0,0.15137266103949273,1.6612650179808082
69,76,0,1,1,0.15137266103949273,1.6612650179808082
69,77,0,1,0,0.15137266103949273,1.6612650179808082
69,78,0,1,0,0.15137266103949273,1.6612650179808082
69,79,0,0,1,0.15137266103949273,1.6612650179808082
69,80,0,1,1,0.15137266103949273,1.6612650179808082
69,81,1,0,0,0.15137266103949273,1.6612650179808082
69,82,1,0,0,0.15137266103949273,1.6612650179808082
69,83,0,1,0,0.15137266103949273,1.6612650179808082
69,84,1,0,0,0.15137266103949273,1.6612650179808082
69,85,0,1,1,0.15137266103949273,1.6612650179808082
69,86,0,1,0,0.15137266103949273,1.6612650179808082
69,87,0,1,0,0.15137266103949273,1.6612650179808082
69,88,1,1,1,0.15137266103949273,1.6612650179808082
69,89,0,0,0,0.15137266103949273,1.6612650179808082
69,90,0,1,1,0.15137266103949273,1.6612650179808082
69,91,1,1,0,0.15137266103949273,1.6612650179808082
69,92,0,1,0,0.15137266103949273,1.6612650179808082
69,93,1,0,1,0.15137266103949273,1.6612650179808082
69,94,0,1,1,0.15137266103949273,1.6612650179808082
69,95,1,1,1,0.15137266103949273,1.6612650179808082
69,96,0,1,0,0.15137266103949273,1.6612650179808082
69,97,0,0,0,0.15137266103949273,1.6612650179808082
69,98,0,1,0,0.15137266103949273,1.6612650179808082
69,99,1,1,0,0.15137266103949273,1.6612650179808082
69,100,0,0,0,0.15137266103949273,1.6612650179808082
70,1,0,1,0,0.22866969059604184,2.8857161668656297
70,2,1,1,0,0.22866969059604184,2.8857161668656297
70,3,1,1,0,0.22866969059604184,2.8857161668656297
70,4,1,1,1,0.22866969059604184,2.8857161668656297
70,5,1,1,0,0.22866969059604184,2.8857161668656297
70,6,1,1,0,0.22866969059604184,2.8857161668656297
70,7,1,1,0,0.22866969059604184,2.8857161668656297
70,8,1,1,0,0.22866969059604184,2.8857161668656297
70,9,1,1,0,0.22866969059604184,2.8857161668656297
70,10,1,1,1,0.22866969059604184,2.8857161668656297
70,11,1,1,0,0.22866969059604184,2.8857161668656297
70,12,1,1,0,0.22866969059604184,2.8857161668656297
70,13,1,0,1,0.22866969059604184,2.8857161668656297
70,14,1,1,0,0.22866969059604184,2.8857161668656297
70,15,1,1,0,0.22866969059604184,2.8857161668656297
70,16,1,1,0,0.22866969059604184,2.8857161668656297
70,17,1,1,0,0.22866969059604184,2.8857161668656297
70,18,1,1,1,0.22866969059604184,2.8857161668656297
70,19,1,1,0,0.22866969059604184,2.8857161668656297
70,20,1,1,0,0.22866969059604184,2.8857161668656297
70,21,1,1,0,0.22866969059604184,2.8857161668656297
70,22,1,1,0,0.22866969059604184,2.8857161668656297
70,23,1,0,0,0.22866969059604184,2.8857161668656297
70,24,1,1,1,0.22866969059604184,2.8857161668656297
70,25,1,0,0,0.22866969059604184,2.8857161668656297
70,26,1,0,0,0.22866969059604184,2.8857161668656297
70,27,1,1,0,0.22866969059604184,2.8857161668656297
70,28,1,1,0,0.22866969059604184,2.8857161668656297
70,29,1,0,0,0.22866969059604184,2.8857161668656297
70,30,1,1,0,0.22866969059604184,2.8857161668656297
70,31,1,0,1,0.22866969059604184,2.8857161668656297
70,32,0,1,0,0.22866969059604184,2.8857161668656297
70,33,1,0,0,0.22866969059604184,2.8857161668656297
70,34,1,0,0,0.22866969059604184,2.8857161668656297
70,35,0,0,1,0.22866969059604184,2.8857161668656297
70,36,1,1,1,0.22866969059604184,2.8857161668656297
70,37,0,1,1,0.22866969059604184,2.8857161668656297
70,38,1,0,0,0.22866969059604184,2.8857161668656297
70,39,0,0,0,0.22866969059604184,2.8857161668656297
70,40,0,1,1,0.22866969059604184,2.8857161668656297
70,41,1,1,0,0.22866969059604184,2.8857161668656297
70,42,1,0,0,0.22866969059604184,2.8857161668656297
70,43,1,1,0,0.22866969059604184,2.8857161668656297
70,44,1,0,0,0.22866969059604184,2.8857161668656297
70,45,1,1,1,0.22866969059604184,2.8857161668656297
70,46,0,1,0,0.22866969059604184,2.8857161668656297
70,47,1,0,1,0.22866969059604184,2.8857161668656297
70,48,0,0,0,0.22866969059604184,2.8857161668656297
70,49,1,1,1,0.22866969059604184,2.8857161668656297
70,50,1,1,0,0.22866969059604184,2.8857161668656297
70,51,1,0,0,0.22866969059604184,2.8857161668656297
70,52,0,1,0,0.22866969059604184,2.8857161668656297
70,53,0,0,1,0.22866969059604184,2.8857161668656297
70,54,1,1,1,0.22866969059604184,2.8857161668656297
70,55,0,0,1,0.22866969059604184,2.8857161668656297
70,56,0,1,1,0.22866969059604184,2.8857161668656297
70,57,0,0,0,0.22866969059604184,2.8857161668656297
70,58,1,0,0,0.22866969059604184,2.8857161668656297
70,59,1,1,0,0.22866969059604184,2.8857161668656297
70,60,0,1,0,0.22866969059604184,2.8857161668656297
70,61,1,0,0,0.22866969059604184,2.8857161668656297
70,62,0,1,0,0.22866969059604184,2.8857161668656297
70,63,1,1,1,0.22866969059604184,2.8857161668656297
70,64,0,0,1,0.22866969059604184,2.8857161668656297
70,65,1,0,0,0.22866969059604184,2.8857161668656297
70,66,1,1,1,0.22866969059604184,2.8857161668656297
70,67,1,1,0,0.22866969059604184,2.8857161668656297
70,68,1,0,0,0.22866969059604184,2.8857161668656297
70,69,0,0,0,0.22866969059604184,2.8857161668656297
70,70,1,1,0,0.22866969059604184,2.8857161668656297
70,71,1,1,1,0.22866969059604184,2.8857161668656297
70,72,1,1,0,0.22866969059604184,2.8857161668656297
70,73,0,1,1,0.22866969059604184,2.8857161668656297
70,74,1,0,0,0.22866969059604184,2.8857161668656297
70,75,1,1,0,0.22866969059604184,2.8857161668656297
70,76,1,1,0,0.22866969059604184,2.8857161668656297
70,77,1,1,1,0.22866969059604184,2.8857161668656297
70,78,1,0,1,0.22866969059604184,2.8857161668656297
70,79,1,1,0,0.22866969059604184,2.8857161668656297
70,80,1,0,0,0.22866969059604184,2.8857161668656297
70,81,1,0,0,0.22866969059604184,2.8857161668656297
70,82,0,1,0,0.22866969059604184,2.8857161668656297
70,83,1,1,1,0.22866969059604184,2.8857161668656297
70,84,1,0,1,0.22866969059604184,2.8857161668656297
70,85,1,0,0,0.22866969059604184,2.8857161668656297
70,86,0,0,0,0.22866969059604184,2.8857161668656297
70,87,1,1,0,0.22866969059604184,2.8857161668656297
70,88,1,1,0,0.22866969059604184,2.8857161668656297
70,89,1,1,1,0.22866969059604184,2.8857161668656297
70,90,1,1,0,0.22866969059604184,2.8857161668656297
70,91,1,1,0,0.22866969059604184,2.8857161668656297
70,92,1,1,0,0.22866969059604184,2.8857161668656297
70,93,1,1,0,0.22866969059604184,2.8857161668656297
70,94,1,1,0,0.22866969059604184,2.8857161668656297
70,95,1,1,1,0.22866969059604184,2.8857161668656297
70,96,1,0,0,0.22866969059604184,2.8857161668656297
70,97,1,1,1,0.22866969059604184,2.8857161668656297
70,98,1,1,0,0.22866969059604184,2.8857161668656297
70,99,1,1,0,0.22866969059604184,2.8857161668656297
70,100,0,1,1,0.22866969059604184,2.8857161668656297
71,1,1,1,1,0.13849542038613286,2.8665579855656866
71,2,0,1,0,0.13849542038613286,2.8665579855656866
71,3,0,1,0,0.13849542038613286,2.8665579855656866
71,4,0,0,0,0.13849542038613286,2.8665579855656866
71,5,1,1,0,0.13849542038613286,2.8665579855656866
71,6,0,0,0,0.13849542038613286,2.8665579855656866
71,7,1,1,0,0.13849542038613286,2.8665579855656866
71,8,1,1,0,0.13849542038613286,2.8665579855656866
71,9,1,0,1,0.13849542038613286,2.8665579855656866
71,10,1,1,1,0.13849542038613286,2.8665579855656866
71,11,1,0,0,0.13849542038613286,2.8665579855656866
71,12,0,1,1,0.13849542038613286,2.8665579855656866
71,13,1,0,0,0.13849542038613286,2.8665579855656866
71,14,1,0,0,0.13849542038613286,2.8665579855656866
71,15,1,1,1,0.13849542038613286,2.8665579855656866
71,16,0,1,1,0.13849542038613286,2.8665579855656866
71,17,0,1,0,0.13849542038613286,2.8665579855656866
71,18,1,1,0,0.13849542038613286,2.8665579855656866
71,19,1,0,0,0.13849542038613286,2.8665579855656866
71,20,1,1,0,0.13849542038613286,2.8665579855656866
71,21,0,1,1,0.13849542038613286,2.8665579855656866
71,22,1,1,0,0.13849542038613286,2.8665579855656866
71,23,1,1,0,0.13849542038613286,2.8665579855656866
71,24,1,1,0,0.13849542038613286,2.8665579855656866
71,25,1,0,0,0.13849542038613286,2.8665579855656866
71,26,1,0,0,0.13849542038613286,2.8665579855656866
71,27,1,1,0,0.13849542038613286,2.8665579855656866
71,28,0,0,0,0.13849542038613286,2.8665579855656866
71,29,1,1,0,0.13849542038613286,2.8665579855656866
71,30,1,1,0,0.13849542038613286,2.8665579855656866
71,31,1,1,0,0.13849542038613286,2.8665579855656866
71,32,1,1,0,0.13849542038613286,2.8665579855656866
71,33,1,0,0,0.13849542038613286,2.8665579855656866
71,34,1,1,0,0.13849542038613286,2.8665579855656866
71,35,1,0,1,0.13849542038613286,2.8665579855656866
71,36,1,1,1,0.13849542038613286,2.8665579855656866
71,37,1,1,1,0.13849542038613286,2.8665579855656866
71,38,1,1,0,0.13849542038613286,2.8665579855656866
71,39,1,0,0,0.13849542038613286,2.8665579855656866
71,40,1,1,0,0.13849542038613286,2.8665579855656866
71,41,1,1,0,0.13849542038613286,2.8665579855656866
71,42,1,0,0,0.13849542038613286,2.8665579855656866
71,43,0,1,0,0.13849542038613286,2.8665579855656866
71,44,0,0,0,0.13849542038613286,2.8665579855656866
71,45,1,0,0,0.13849542038613286,2.8665579855656866
71,46,1,1,1,0.13849542038613286,2.8665579855656866
71,47,1,1,1,0.13849542038613286,2.8665579855656866
71,48,1,0,0,0.13849542038613286,2.8665579855656866
71,49,0,1,0,0.13849542038613286,2.8665579855656866
71,50,1,0,0,0.13849542038613286,2.8665579855656866
71,51,1,1,0,0.13849542038613286,2.8665579855656866
71,52,1,1,0,0.13849542038613286,2.8665579855656866
71,53,1,1,0,0.13849542038613286,2.8665579855656866
71,54,1,1,1,0.13849542038613286,2.8665579855656866
71,55,1,1,1,0.13849542038613286,2.8665579855656866
71,56,1,0,0,0.13849542038613286,2.8665579855656866
71,57,0,0,1,0.13849542038613286,2.8665579855656866
71,58,1,0,1,0.13849542038613286,2.8665579855656866
71,59,1,1,0,0.13849542038613286,2.8665579855656866
71,60,0,0,0,0.13849542038613286,2.8665579855656866
71,61,0,1,0,0.13849542038613286,2.8665579855656866
71,62,0,1,1,0.13849542038613286,2.8665579855656866
71,63,1,1,1,0.13849542038613286,2.8665579855656866
71,64,1,0,1,0.13849542038613286,2.8665579855656866
71,65,0,0,0,0.13849542038613286,2.8665579855656866
71,66,1,0,0,0.13849542038613286,2.8665579855656866
71,67,0,1,1,0.13849542038613286,2.8665579855656866
71,68,0,0,0,0.13849542038613286,2.8665579855656866
71,69,0,0,0,0.13849542038613286,2.8665579855656866
71,70,1,1,0,0.13849542038613286,2.8665579855656866
71,71,0,1,0,0.13849542038613286,2.8665579855656866
71,72,1,0,0,0.13849542038613286,2.8665579855656866
71,73,1,1,0,0.13849542038613286,2.8665579855656866
71,74,0,0,0,0.13849542038613286,2.8665579855656866
71,75,1,0,0,0.13849542038613286,2.8665579855656866
71,76,1,1,1,0.13849542038613286,2.8665579855656866
71,77,1,1,1,0.13849542038613286,2.8665579855656866
71,78,1,1,0,0.13849542038613286,2.8665579855656866
71,79,0,1,0,0.13849542038613286,2.8665579855656866
71,80,0,0,0,0.13849542038613286,2.8665579855656866
71,81,1,1,0,0.13849542038613286,2.8665579855656866
71,82,1,0,1,0.13849542038613286,2.8665579855656866
71,83,0,1,0,0.13849542038613286,2.8665579855656866
71,84,0,1,0,0.13849542038613286,2.8665579855656866
71,85,1,1,0,0.13849542038613286,2.8665579855656866
71,86,1,0,0,0.13849542038613286,2.8665579855656866
71,87,1,1,0,0.13849542038613286,2.8665579855656866
71,88,1,1,0,0.13849542038613286,2.8665579855656866
71,89,1,0,0,0.13849542038613286,2.8665579855656866
71,90,1,0,1,0.13849542038613286,2.8665579855656866
71,91,0,1,1,0.13849542038613286,2.8665579855656866
71,92,1,1,1,0.13849542038613286,2.8665579855656866
71,93,1,0,1,0.13849542038613286,2.8665579855656866
71,94,0,1,1,0.13849542038613286,2.8665579855656866
71,95,1,1,0,0.13849542038613286,2.8665579855656866
71,96,0,0,0,0.13849542038613286,2.8665579855656866
71,97,0,0,0,0.13849542038613286,2.8665579855656866
71,98,1,1,1,0.13849542038613286,2.8665579855656866
71,99,1,1,0,0.13849542038613286,2.8665579855656866
71,100,1,1,0,0.13849542038613286,2.8665579855656866
72,1,1,0,0,0.05506437928294508,2.45217836068172
72,2,1,0,0,0.05506437928294508,2.45217836068172
72,3,0,1,0,0.05506437928294508,2.45217836068172
72,4,1,0,1,0.05506437928294508,2.45217836068172
72,5,1,0,0,0.05506437928294508,2.45217836068172
72,6,0,1,1,0.05506437928294508,2.45217836068172
72,7,0,0,0,0.05506437928294508,2.45217836068172
72,8,0,0,1,0.05506437928294508,2.45217836068172
72,9,1,1,0,0.05506437928294508,2.45217836068172
72,10,0,0,0,0.05506437928294508,2.45217836068172
72,11,0,1,1,0.05506437928294508,2.45217836068172
72,12,1,0,0,0.05506437928294508,2.45217836068172
72,13,0,0,0,0.05506437928294508,2.45217836068172
72,14,1,1,0,0.05506437928294508,2.45217836068172
72,15,0,1,0,0.05506437928294508,2.45217836068172
72,16,0,1,0,0.05506437928294508,2.45217836068172
72,17,0,0,0,0.05506437928294508,2.45217836068172
72,18,1,1,0,0.05506437928294508,2.45217836068172
72,19,0,1,0,0.05506437928294508,2.45217836068172
72,20,1,1,1,0.05506437928294508,2.45217836068172
72,21,1,1,0,0.05506437928294508,2.45217836068172
72,22,1,0,1,0.05506437928294508,2.45217836068172
72,23,0,1,1,0.05506437928294508,2.45217836068172
72,24,1,1,0,0.05506437928294508,2.45217836068172
72,25,0,0,0,0.05506437928294508,2.45217836068172
72,26,0,0,1,0.05506437928294508,2.45217836068172
72,27,1,0,1,0.05506437928294508,2.45217836068172
72,28,0,1,1,0.05506437928294508,2.45217836068172
72,29,0,1,1,0.05506437928294508,2.45217836068172
72,30,1,1,0,0.05506437928294508,2.45217836068172
72,31,1,1,0,0.05506437928294508,2.45217836068172
72,32,1,1,0,0.05506437928294508,2.45217836068172
72,33,0,1,0,0.05506437928294508,2.45217836068172
72,34,1,1,0,0.05506437928294508,2.45217836068172
72,35,0,1,0,0.05506437928294508,2.45217836068172
72,36,1,1,1,0.05506437928294508,2.45217836068172
72,37,0,1,0,0.05506437928294508,2.45217836068172
72,38,1,1,0,0.05506437928294508,2.45217836068172
72,39,1,1,0,0.05506437928294508,2.45217836068172
72,40,0,1,0,0.05506437928294508,2.45217836068172
72,41,1,1,0,0.05506437928294508,2.45217836068172
72,42,1,1,1,0.05506437928294508,2.45217836068172
72,43,1,1,1,0.05506437928294508,2.45217836068172
72,44,1,0,0,0.05506437928294508,2.45217836068172
72,45,1,0,0,0.05506437928294508,2.45217836068172
72,46,1,1,1,0.05506437928294508,2.45217836068172
72,47,0,1,0,0.05506437928294508,2.45217836068172
72,48,1,1,0,0.05506437928294508,2.45217836068172
72,49,0,1,0,0.05506437928294508,2.45217836068172
72,50,1,1,0,0.05506437928294508,2.45217836068172
72,51,1,1,0,0.05506437928294508,2.45217836068172
72,52,1,1,1,0.05506437928294508,2.45217836068172
72,53,1,1,1,0.05506437928294508,2.45217836068172
72,54,1,1,1,0.05506437928294508,2.45217836068172
72,55,1,0,0,0.05506437928294508,2.45217836068172
72,56,1,1,0,0.05506437928294508,2.45217836068172
72,57,1,1,0,0.05506437928294508,2.45217836068172
72,58,1,1,0,0.05506437928294508,2.45217836068172
72,59,1,1,1,0.05506437928294508,2.45217836068172
72,60,1,1,1,0.05506437928294508,2.45217836068172
72,61,0,1,0,0.05506437928294508,2.45217836068172
72,62,0,1,0,0.05506437928294508,2.45217836068172
72,63,1,1,1,0.05506437928294508,2.45217836068172
72,64,1,1,0,0.05506437928294508,2.45217836068172
72,65,1,0,1,0.05506437928294508,2.45217836068172
72,66,1,0,0,0.05506437928294508,2.45217836068172
72,67,1,1,0,0.05506437928294508,2.45217836068172
72,68,1,0,0,0.05506437928294508,2.45217836068172
72,69,1,0,1,0.05506437928294508,2.45217836068172
72,70,1,1,1,0.05506437928294508,2.45217836068172
72,71,1,1,0,0.05506437928294508,2.45217836068172
72,72,1,1,1,0.05506437928294508,2.45217836068172
72,73,1,0,0,0.05506437928294508,2.45217836068172
72,74,1,1,0,0.05506437928294508,2.45217836068172
72,75,1,0,0,0.05506437928294508,2.45217836068172
72,76,1,1,0,0.05506437928294508,2.45217836068172
72,77,1,1,0,0.05506437928294508,2.45217836068172
72,78,0,0,0,0.05506437928294508,2.45217836068172
72,79,1,1,0,0.05506437928294508,2.45217836068172
72,80,0,1,1,0.05506437928294508,2.45217836068172
72,81,1,0,1,0.05506437928294508,2.45217836068172
72,82,0,0,0,0.05506437928294508,2.45217836068172
72,83,1,1,1,0.05506437928294508,2.45217836068172
72,84,0,1,1,0.05506437928294508,2.45217836068172
72,85,1,1,0,0.05506437928294508,2.45217836068172
72,86,1,1,1,0.05506437928294508,2.45217836068172
72,87,1,1,0,0.05506437928294508,2.45217836068172
72,88,1,1,1,0.05506437928294508,2.45217836068172
72,89,1,0,1,0.05506437928294508,2.45217836068172
72,90,0,1,0,0.05506437928294508,2.45217836068172
72,91,0,1,0,0.05506437928294508,2.45217836068172
72,92,1,1,0,0.05506437928294508,2.45217836068172
72,93,0,1,0,0.05506437928294508,2.45217836068172
72,94,0,1,0,0.05506437928294508,2.45217836068172
72,95,0,0,0,0.05506437928294508,2.45217836068172
72,96,1,1,1,0.05506437928294508,2.45217836068172
72,97,0,1,1,0.05506437928294508,2.45217836068172
72,98,1,1,0,0.05506437928294508,2.45217836068172
72,99,1,0,0,0.05506437928294508,2.45217836068172
72,100,0,1,1,0.05506437928294508,2.45217836068172
73,1,1,0,0,0.1464070774626633,2.8090066744066964
73,2,1,0,0,0.1464070774626633,2.8090066744066964
73,3,1,1,0,0.1464070774626633,2.8090066744066964
73,4,0,0,0,0.1464070774626633,2.8090066744066964
73,5,1,0,0,0.1464070774626633,2.8090066744066964
73,6,0,1,0,0.1464070774626633,2.8090066744066964
73,7,0,1,0,0.1464070774626633,2.8090066744066964
73,8,1,0,0,0.1464070774626633,2.8090066744066964
73,9,0,1,0,0.1464070774626633,2.8090066744066964
73,10,1,1,0,0.1464070774626633,2.8090066744066964
73,11,1,1,1,0.1464070774626633,2.8090066744066964
73,12,1,1,0,0.1464070774626633,2.8090066744066964
73,13,1,0,1,0.1464070774626633,2.8090066744066964
73,14,0,1,0,0.1464070774626633,2.8090066744066964
73,15,0,0,0,0.1464070774626633,2.8090066744066964
73,16,1,0,1,0.1464070774626633,2.8090066744066964
73,17,1,1,1,0.1464070774626633,2.8090066744066964
73,18,0,1,0,0.1464070774626633,2.8090066744066964
73,19,1,0,1,0.1464070774626633,2.8090066744066964
73,20,1,1,1,0.1464070774626633,2.8090066744066964
73,21,1,1,0,0.1464070774626633,2.8090066744066964
73,22,1,0,0,0.1464070774626633,2.8090066744066964
73,23,0,1,0,0.1464070774626633,2.8090066744066964
73,24,0,1,1,0.1464070774626633,2.8090066744066964
73,25,1,0,0,0.1464070774626633,2.8090066744066964
73,26,1,1,0,0.1464070774626633,2.8090066744066964
73,27,1,1,0,0.1464070774626633,2.8090066744066964
73,28,1,0,0,0.1464070774626633,2.8090066744066964
73,29,1,0,0,0.1464070774626633,2.8090066744066964
73,30,1,1,0,0.1464070774626633,2.8090066744066964
73,31,1,0,0,0.1464070774626633,2.8090066744066964
73,32,0,0,1,0.1464070774626633,2.8090066744066964
73,33,1,1,1,0.1464070774626633,2.8090066744066964
73,34,0,1,0,0.1464070774626633,2.8090066744066964
73,35,1,1,1,0.1464070774626633,2.8090066744066964
73,36,0,1,0,0.1464070774626633,2.8090066744066964
73,37,1,0,1,0.1464070774626633,2.8090066744066964
73,38,1,1,1,0.1464070774626633,2.8090066744066964
73,39,0,0,0,0.1464070774626633,2.8090066744066964
73,40,1,1,0,0.1464070774626633,2.8090066744066964
73,41,0,0,0,0.1464070774626633,2.8090066744066964
73,42,1,0,1,0.1464070774626633,2.8090066744066964
73,43,1,0,0,0.1464070774626633,2.8090066744066964
73,44,0,1,0,0.1464070774626633,2.8090066744066964
73,45,0,0,1,0.1464070774626633,2.8090066744066964
73,46,0,0,1,0.1464070774626633,2.8090066744066964
73,47,0,1,1,0.1464070774626633,2.8090066744066964
73,48,1,1,1,0.1464070774626633,2.8090066744066964
73,49,0,0,0,0.1464070774626633,2.8090066744066964
73,50,0,0,1,0.1464070774626633,2.8090066744066964
73,51,0,0,1,0.1464070774626633,2.8090066744066964
73,52,1,1,0,0.1464070774626633,2.8090066744066964
73,53,1,0,0,0.1464070774626633,2.8090066744066964
73,54,0,1,0,0.1464070774626633,2.8090066744066964
73,55,0,1,0,0.1464070774626633,2.8090066744066964
73,56,0,1,1,0.1464070774626633,2.8090066744066964
73,57,1,1,0,0.1464070774626633,2.8090066744066964
73,58,1,1,1,0.1464070774626633,2.8090066744066964
73,59,1,1,1,0.1464070774626633,2.8090066744066964
73,60,0,1,0,0.1464070774626633,2.8090066744066964
73,61,1,1,0,0.1464070774626633,2.8090066744066964
73,62,1,1,0,0.1464070774626633,2.8090066744066964
73,63,1,1,0,0.1464070774626633,2.8090066744066964
73,64,1,1,0,0.1464070774626633,2.8090066744066964
73,65,1,1,0,0.1464070774626633,2.8090066744066964
73,66,1,1,0,0.1464070774626633,2.8090066744066964
73,67,1,0,1,0.1464070774626633,2.8090066744066964
73,68,1,1,1,0.1464070774626633,2.8090066744066964
73,69,1,1,1,0.1464070774626633,2.8090066744066964
73,70,1,1,0,0.1464070774626633,2.8090066744066964
73,71,1,1,0,0.1464070774626633,2.8090066744066964
73,72,1,1,1,0.1464070774626633,2.8090066744066964
73,73,1,1,0,0.1464070774626633,2.8090066744066964
73,74,1,1,0,0.1464070774626633,2.8090066744066964
73,75,1,1,0,0.1464070774626633,2.8090066744066964
73,76,1,1,0,0.1464070774626633,2.8090066744066964
73,77,1,0,0,0.1464070774626633,2.8090066744066964
73,78,1,1,0,0.1464070774626633,2.8090066744066964
73,79,1,1,1,0.1464070774626633,2.8090066744066964
73,80,1,1,0,0.1464070774626633,2.8090066744066964
73,81,1,1,0,0.1464070774626633,2.8090066744066964
73,82,1,1,0,0.1464070774626633,2.8090066744066964
73,83,1,1,1,0.1464070774626633,2.8090066744066964
73,84,1,1,0,0.1464070774626633,2.8090066744066964
73,85,1,1,0,0.1464070774626633,2.8090066744066964
73,86,1,1,0,0.1464070774626633,2.8090066744066964
73,87,1,1,0,0.1464070774626633,2.8090066744066964
73,88,0,1,1,0.1464070774626633,2.8090066744066964
73,89,1,1,0,0.1464070774626633,2.8090066744066964
73,90,1,1,0,0.1464070774626633,2.8090066744066964
73,91,1,1,1,0.1464070774626633,2.8090066744066964
73,92,1,1,0,0.1464070774626633,2.8090066744066964
73,93,0,0,0,0.1464070774626633,2.8090066744066964
73,94,1,1,0,0.1464070774626633,2.8090066744066964
73,95,1,1,1,0.1464070774626633,2.8090066744066964
73,96,1,0,0,0.1464070774626633,2.8090066744066964
73,97,1,1,0,0.1464070774626633,2.8090066744066964
73,98,0,1,1,0.1464070774626633,2.8090066744066964
73,99,1,1,0,0.1464070774626633,2.8090066744066964
73,100,1,0,0,0.1464070774626633,2.8090066744066964
74,1,1,0,1,0.11686627051745378,1.126141965968078
74,2,0,1,0,0.11686627051745378,1.126141965968078
74,3,0,1,1,0.11686627051745378,1.126141965968078
74,4,0,0,1,0.11686627051745378,1.126141965968078
74,5,0,1,0,0.11686627051745378,1.126141965968078
74,6,1,0,0,0.11686627051745378,1.126141965968078
74,7,0,0,0,0.11686627051745378,1.126141965968078
74,8,1,1,0,0.11686627051745378,1.126141965968078
74,9,0,0,1,0.11686627051745378,1.126141965968078
74,10,1,0,0,0.11686627051745378,1.126141965968078
74,11,0,0,1,0.11686627051745378,1.126141965968078
74,12,0,0,0,0.11686627051745378,1.126141965968078
74,13,0,1,0,0.11686627051745378,1.126141965968078
74,14,1,1,1,0.11686627051745378,1.126141965968078
74,15,0,0,1,0.11686627051745378,1.126141965968078
74,16,0,0,0,0.11686627051745378,1.126141965968078
74,17,0,0,1,0.11686627051745378,1.126141965968078
74,18,0,0,0,0.11686627051745378,1.126141965968078
74,19,1,1,0,0.11686627051745378,1.126141965968078
74,20,1,1,0,0.11686627051745378,1.126141965968078
74,21,0,0,0,0.11686627051745378,1.126141965968078
74,22,0,1,0,0.11686627051745378,1.126141965968078
74,23,0,1,0,0.11686627051745378,1.126141965968078
74,24,0,0,0,0.11686627051745378,1.126141965968078
74,25,0,0,1,0.11686627051745378,1.126141965968078
74,26,1,1,0,0.11686627051745378,1.126141965968078
74,27,1,1,0,0.11686627051745378,1.126141965968078
74,28,0,0,0,0.11686627051745378,1.126141965968078
74,29,1,1,0,0.11686627051745378,1.126141965968078
74,30,1,0,0,0.11686627051745378,1.126141965968078
74,31,0,1,0,0.11686627051745378,1.126141965968078
74,32,0,0,0,0.11686627051745378,1.126141965968078
74,33,0,1,1,0.11686627051745378,1.126141965968078
74,34,1,1,1,0.11686627051745378,1.126141965968078
74,35,0,0,0,0.11686627051745378,1.126141965968078
74,36,0,1,0,0.11686627051745378,1.126141965968078
74,37,1,1,0,0.11686627051745378,1.126141965968078
74,38,0,1,0,0.11686627051745378,1.126141965968078
74,39,1,0,0,0.11686627051745378,1.126141965968078
74,40,1,1,1,0.11686627051745378,1.126141965968078
74,41,0,1,1,0.11686627051745378,1.126141965968078
74,42,0,0,0,0.11686627051745378,1.126141965968078
74,43,1,1,1,0.11686627051745378,1.126141965968078
74,44,1,1,0,0.11686627051745378,1.126141965968078
74,45,0,1,1,0.11686627051745378,1.126141965968078
74,46,1,0,0,0.11686627051745378,1.126141965968078
74,47,1,1,0,0.11686627051745378,1.126141965968078
74,48,0,1,0,0.11686627051745378,1.126141965968078
74,49,1,1,0,0.11686627051745378,1.126141965968078
74,50,0,1,0,0.11686627051745378,1.126141965968078
74,51,1,0,1,0.11686627051745378,1.126141965968078
74,52,0,1,0,0.11686627051745378,1.126141965968078
74,53,1,0,0,0.11686627051745378,1.126141965968078
74,54,0,1,1,0.11686627051745378,1.126141965968078
74,55,1,0,0,0.11686627051745378,1.126141965968078
74,56,0,1,0,0.11686627051745378,1.126141965968078
74,57,0,1,0,0.11686627051745378,1.126141965968078
74,58,1,1,0,0.11686627051745378,1.126141965968078
74,59,1,1,0,0.11686627051745378,1.126141965968078
74,60,1,1,1,0.11686627051745378,1.126141965968078
74,61,1,0,1,0.11686627051745378,1.126141965968078
74,62,1,0,0,0.11686627051745378,1.126141965968078
74,63,1,1,0,0.11686627051745378,1.126141965968078
74,64,1,1,0,0.11686627051745378,1.126141965968078
74,65,1,1,0,0.11686627051745378,1.126141965968078
74,66,1,0,0,0.11686627051745378,1.126141965968078
74,67,1,1,1,0.11686627051745378,1.126141965968078
74,68,0,1,1,0.11686627051745378,1.126141965968078
74,69,0,0,0,0.11686627051745378,1.126141965968078
74,70,0,1,0,0.11686627051745378,1.126141965968078
74,71,1,1,0,0.11686627051745378,1.126141965968078
74,72,0,0,1,0.11686627051745378,1.126141965968078
74,73,0,0,1,0.11686627051745378,1.126141965968078
74,74,1,1,0,0.11686627051745378,1.126141965968078
74,75,1,1,0,0.11686627051745378,1.126141965968078
74,76,1,1,1,0.11686627051745378,1.126141965968078
74,77,1,0,0,0.11686627051745378,1.126141965968078
74,78,0,0,1,0.11686627051745378,1.126141965968078
74,79,1,1,0,0.11686627051745378,1.126141965968078
74,80,1,0,0,0.11686627051745378,1.126141965968078
74,81,1,0,0,0.11686627051745378,1.126141965968078
74,82,0,1,0,0.11686627051745378,1.126141965968078
74,83,1,1,1,0.11686627051745378,1.126141965968078
74,84,0,1,0,0.11686627051745378,1.126141965968078
74,85,0,1,0,0.11686627051745378,1.126141965968078
74,86,1,0,0,0.11686627051745378,1.126141965968078
74,87,1,0,1,0.11686627051745378,1.126141965968078
74,88,0,1,1,0.11686627051745378,1.126141965968078
74,89,0,0,0,0.11686627051745378,1.126141965968078
74,90,1,0,0,0.11686627051745378,1.126141965968078
74,91,1,1,1,0.11686627051745378,1.126141965968078
74,92,1,0,0,0.11686627051745378,1.126141965968078
74,93,0,0,1,0.11686627051745378,1.126141965968078
74,94,1,1,0,0.11686627051745378,1.126141965968078
74,95,0,1,0,0.11686627051745378,1.126141965968078
74,96,1,1,0,0.11686627051745378,1.126141965968078
74,97,1,1,0,0.11686627051745378,1.126141965968078
74,98,1,1,1,0.11686627051745378,1.126141965968078
74,99,1,0,0,0.11686627051745378,1.126141965968078
74,100,0,0,1,0.11686627051745378,1.126141965968078
75,1,0,1,0,0.22404659482871195,2.2527188089210233
75,2,0,0,0,0.22404659482871195,2.2527188089210233
75,3,0,1,0,0.22404659482871195,2.2527188089210233
75,4,1,1,1,0.22404659482871195,2.2527188089210233
75,5,1,0,0,0.22404659482871195,2.2527188089210233
75,6,1,1,0,0.22404659482871195,2.2527188089210233
75,7,1,0,0,0.22404659482871195,2.2527188089210233
75,8,1,1,0,0.22404659482871195,2.2527188089210233
75,9,1,1,0,0.22404659482871195,2.2527188089210233
75,10,0,1,0,0.22404659482871195,2.2527188089210233
75,11,1,1,0,0.22404659482871195,2.2527188089210233
75,12,1,0,0,0.22404659482871195,2.2527188089210233
75,13,1,1,0,0.22404659482871195,2.2527188089210233
75,14,0,1,1,0.22404659482871195,2.2527188089210233
75,15,1,1,1,0.22404659482871195,2.2527188089210233
75,16,1,0,1,0.22404659482871195,2.2527188089210233
75,17,0,1,0,0.22404659482871195,2.2527188089210233
75,18,1,1,0,0.22404659482871195,2.2527188089210233
75,19,1,0,1,0.22404659482871195,2.2527188089210233
75,20,0,1,0,0.22404659482871195,2.2527188089210233
75,21,1,0,1,0.22404659482871195,2.2527188089210233
75,22,0,1,1,0.22404659482871195,2.2527188089210233
75,23,0,1,0,0.22404659482871195,2.2527188089210233
75,24,1,1,0,0.22404659482871195,2.2527188089210233
75,25,1,1,1,0.22404659482871195,2.2527188089210233
75,26,0,0,1,0.22404659482871195,2.2527188089210233
75,27,0,0,0,0.22404659482871195,2.2527188089210233
75,28,0,0,0,0.22404659482871195,2.2527188089210233
75,29,1,1,0,0.22404659482871195,2.2527188089210233
75,30,1,1,0,0.22404659482871195,2.2527188089210233
75,31,1,0,0,0.22404659482871195,2.2527188089210233
75,32,0,1,0,0.22404659482871195,2.2527188089210233
75,33,1,0,0,0.22404659482871195,2.2527188089210233
75,34,0,1,0,0.22404659482871195,2.2527188089210233
75,35,1,1,0,0.22404659482871195,2.2527188089210233
75,36,0,1,0,0.22404659482871195,2.2527188089210233
75,37,1,0,0,0.22404659482871195,2.2527188089210233
75,38,1,1,1,0.22404659482871195,2.2527188089210233
75,39,1,0,1,0.22404659482871195,2.2527188089210233
75,40,1,1,0,0.22404659482871195,2.2527188089210233
75,41,1,1,0,0.22404659482871195,2.2527188089210233
75,42,1,0,0,0.22404659482871195,2.2527188089210233
75,43,1,1,0,0.22404659482871195,2.2527188089210233
75,44,1,0,0,0.22404659482871195,2.2527188089210233
75,45,1,0,0,0.22404659482871195,2.2527188089210233
75,46,1,1,0,0.22404659482871195,2.2527188089210233
75,47,1,0,0,0.22404659482871195,2.2527188089210233
75,48,1,0,0,0.22404659482871195,2.2527188089210233
75,49,0,0,0,0.22404659482871195,2.2527188089210233
75,50,0,1,0,0.22404659482871195,2.2527188089210233
75,51,1,1,0,0.22404659482871195,2.2527188089210233
75,52,1,1,1,0.22404659482871195,2.2527188089210233
75,53,1,0,1,0.22404659482871195,2.2527188089210233
75,54,0,1,1,0.22404659482871195,2.2527188089210233
75,55,1,0,0,0.22404659482871195,2.2527188089210233
75,56,1,1,0,0.22404659482871195,2.2527188089210233
75,57,1,1,0,0.22404659482871195,2.2527188089210233
75,58,0,1,0,0.22404659482871195,2.2527188089210233
75,59,1,1,1,0.22404659482871195,2.2527188089210233
75,60,1,1,0,0.22404659482871195,2.2527188089210233
75,61,1,0,1,0.22404659482871195,2.2527188089210233
75,62,1,0,0,0.22404659482871195,2.2527188089210233
75,63,0,1,1,0.22404659482871195,2.2527188089210233
75,64,0,1,1,0.22404659482871195,2.2527188089210233
75,65,0,1,0,0.22404659482871195,2.2527188089210233
75,66,0,1,0,0.22404659482871195,2.2527188089210233
75,67,0,1,1,0.22404659482871195,2.2527188089210233
75,68,1,1,1,0.22404659482871195,2.2527188089210233
75,69,1,1,0,0.22404659482871195,2.2527188089210233
75,70,0,1,1,0.22404659482871195,2.2527188089210233
75,71,0,1,0,0.22404659482871195,2.2527188089210233
75,72,1,1,0,0.22404659482871195,2.2527188089210233
75,73,1,1,1,0.22404659482871195,2.2527188089210233
75,74,1,1,0,0.22404659482871195,2.2527188089210233
75,75,1,1,1,0.22404659482871195,2.2527188089210233
75,76,1,1,1,0.22404659482871195,2.2527188089210233
75,77,1,0,0,0.22404659482871195,2.2527188089210233
75,78,0,0,1,0.22404659482871195,2.2527188089210233
75,79,0,1,1,0.22404659482871195,2.2527188089210233
75,80,1,1,0,0.22404659482871195,2.2527188089210233
75,81,1,1,0,0.22404659482871195,2.2527188089210233
75,82,1,1,0,0.22404659482871195,2.2527188089210233
75,83,1,0,0,0.22404659482871195,2.2527188089210233
75,84,1,0,0,0.22404659482871195,2.2527188089210233
75,85,1,1,0,0.22404659482871195,2.2527188089210233
75,86,1,1,1,0.22404659482871195,2.2527188089210233
75,87,1,1,0,0.22404659482871195,2.2527188089210233
75,88,1,1,1,0.22404659482871195,2.2527188089210233
75,89,0,0,0,0.22404659482871195,2.2527188089210233
75,90,1,1,0,0.22404659482871195,2.2527188089210233
75,91,1,1,0,0.22404659482871195,2.2527188089210233
75,92,1,1,0,0.22404659482871195,2.2527188089210233
75,93,1,1,0,0.22404659482871195,2.2527188089210233
75,94,1,1,1,0.22404659482871195,2.2527188089210233
75,95,1,1,0,0.22404659482871195,2.2527188089210233
75,96,1,1,0,0.22404659482871195,2.2527188089210233
75,97,1,0,1,0.22404659482871195,2.2527188089210233
75,98,1,1,1,0.22404659482871195,2.2527188089210233
75,99,1,0,1,0.22404659482871195,2.2527188089210233
75,100,0,1,0,0.22404659482871195,2.2527188089210233
76,1,1,1,1,0.21122914524063782,1.2671551054393275
76,2,1,1,0,0.21122914524063782,1.2671551054393275
76,3,1,0,1,0.21122914524063782,1.2671551054393275
76,4,1,0,0,0.21122914524063782,1.2671551054393275
76,5,0,0,0,0.21122914524063782,1.2671551054393275
76,6,1,1,0,0.21122914524063782,1.2671551054393275
76,7,1,1,0,0.21122914524063782,1.2671551054393275
76,8,0,1,0,0.21122914524063782,1.2671551054393275
76,9,1,1,0,0.21122914524063782,1.2671551054393275
76,10,0,1,0,0.21122914524063782,1.2671551054393275
76,11,1,1,0,0.21122914524063782,1.2671551054393275
76,12,0,1,1,0.21122914524063782,1.2671551054393275
76,13,1,0,1,0.21122914524063782,1.2671551054393275
76,14,0,1,0,0.21122914524063782,1.2671551054393275
76,15,0,1,0,0.21122914524063782,1.2671551054393275
76,16,1,1,1,0.21122914524063782,1.2671551054393275
76,17,1,1,0,0.21122914524063782,1.2671551054393275
76,18,1,0,1,0.21122914524063782,1.2671551054393275
76,19,1,1,0,0.21122914524063782,1.2671551054393275
76,20,1,1,1,0.21122914524063782,1.2671551054393275
76,21,1,1,0,0.21122914524063782,1.2671551054393275
76,22,1,1,0,0.21122914524063782,1.2671551054393275
76,23,1,1,0,0.21122914524063782,1.2671551054393275
76,24,0,1,0,0.21122914524063782,1.2671551054393275
76,25,0,1,0,0.21122914524063782,1.2671551054393275
76,26,0,1,1,0.21122914524063782,1.2671551054393275
76,27,1,0,0,0.21122914524063782,1.2671551054393275
76,28,1,0,0,0.21122914524063782,1.2671551054393275
76,29,1,1,0,0.21122914524063782,1.2671551054393275
76,30,1,1,0,0.21122914524063782,1.2671551054393275
76,31,0,0,1,0.21122914524063782,1.2671551054393275
76,32,1,1,0,0.21122914524063782,1.2671551054393275
76,33,1,1,1,0.21122914524063782,1.2671551054393275
76,34,0,1,0,0.21122914524063782,1.2671551054393275
76,35,1,1,0,0.21122914524063782,1.2671551054393275
76,36,0,1,0,0.21122914524063782,1.2671551054393275
76,37,0,0,1,0.21122914524063782,1.2671551054393275
76,38,1,1,0,0.21122914524063782,1.2671551054393275
76,39,0,0,0,0.21122914524063782,1.2671551054393275
76,40,0,1,0,0.21122914524063782,1.2671551054393275
76,41,1,1,0,0.21122914524063782,1.2671551054393275
76,42,1,1,0,0.21122914524063782,1.2671551054393275
76,43,1,1,0,0.21122914524063782,1.2671551054393275
76,44,1,0,0,0.21122914524063782,1.2671551054393275
76,45,1,1,0,0.21122914524063782,1.2671551054393275
76,46,1,0,0,0.21122914524063782,1.2671551054393275
76,47,1,0,0,0.21122914524063782,1.2671551054393275
76,48,1,1,0,0.21122914524063782,1.2671551054393275
76,49,0,0,0,0.21122914524063782,1.2671551054393275
76,50,1,1,0,0.21122914524063782,1.2671551054393275
76,51,1,0,0,0.21122914524063782,1.2671551054393275
76,52,1,0,1,0.21122914524063782,1.2671551054393275
76,53,1,1,1,0.21122914524063782,1.2671551054393275
76,54,0,1,0,0.21122914524063782,1.2671551054393275
76,55,0,1,0,0.21122914524063782,1.2671551054393275
76,56,1,0,0,0.21122914524063782,1.2671551054393275
76,57,1,1,0,0.21122914524063782,1.2671551054393275
76,58,0,1,1,0.21122914524063782,1.2671551054393275
76,59,1,1,0,0.21122914524063782,1.2671551054393275
76,60,1,0,1,0.21122914524063782,1.2671551054393275
76,61,1,1,1,0.21122914524063782,1.2671551054393275
76,62,1,0,0,0.21122914524063782,1.2671551054393275
76,63,1,1,0,0.21122914524063782,1.2671551054393275
76,64,0,1,0,0.21122914524063782,1.2671551054393275
76,65,0,1,1,0.21122914524063782,1.2671551054393275
76,66,0,0,0,0.21122914524063782,1.2671551054393275
76,67,1,1,0,0.21122914524063782,1.2671551054393275
76,68,1,1,0,0.21122914524063782,1.2671551054393275
76,69,1,0,1,0.21122914524063782,1.2671551054393275
76,70,1,0,1,0.21122914524063782,1.2671551054393275
76,71,1,1,0,0.21122914524063782,1.2671551054393275
76,72,1,0,0,0.21122914524063782,1.2671551054393275
76,73,0,0,1,0.21122914524063782,1.2671551054393275
76,74,1,0,1,0.21122914524063782,1.2671551054393275
76,75,0,0,0,0.21122914524063782,1.2671551054393275
76,76,0,0,0,0.21122914524063782,1.2671551054393275
76,77,0,0,0,0.21122914524063782,1.2671551054393275
76,78,0,1,0,0.21122914524063782,1.2671551054393275
76,79,1,1,1,0.21122914524063782,1.2671551054393275
76,80,1,1,0,0.21122914524063782,1.2671551054393275
76,81,1,1,0,0.21122914524063782,1.2671551054393275
76,82,1,1,0,0.21122914524063782,1.2671551054393275
76,83,1,1,0,0.21122914524063782,1.2671551054393275
76,84,1,1,1,0.21122914524063782,1.2671551054393275
76,85,1,1,0,0.21122914524063782,1.2671551054393275
76,86,1,1,0,0.21122914524063782,1.2671551054393275
76,87,1,1,0,0.21122914524063782,1.2671551054393275
76,88,0,0,0,0.21122914524063782,1.2671551054393275
76,89,0,1,0,0.21122914524063782,1.2671551054393275
76,90,1,0,0,0.21122914524063782,1.2671551054393275
76,91,0,1,0,0.21122914524063782,1.2671551054393275
76,92,1,1,1,0.21122914524063782,1.2671551054393275
76,93,1,1,0,0.21122914524063782,1.2671551054393275
76,94,0,1,0,0.21122914524063782,1.2671551054393275
76,95,1,1,0,0.21122914524063782,1.2671551054393275
76,96,1,1,0,0.21122914524063782,1.2671551054393275
76,97,1,1,0,0.21122914524063782,1.2671551054393275
76,98,1,1,0,0.21122914524063782,1.2671551054393275
76,99,1,1,0,0.21122914524063782,1.2671551054393275
76,100,0,0,1,0.21122914524063782,1.2671551054393275
77,1,1,1,1,0.21883455954804643,2.699576217553996
77,2,0,1,1,0.21883455954804643,2.699576217553996
77,3,1,1,0,0.21883455954804643,2.699576217553996
77,4,1,1,0,0.21883455954804643,2.699576217553996
77,5,1,1,0,0.21883455954804643,2.699576217553996
77,6,1,1,0,0.21883455954804643,2.699576217553996
77,7,1,1,1,0.21883455954804643,2.699576217553996
77,8,1,1,0,0.21883455954804643,2.699576217553996
77,9,1,1,1,0.21883455954804643,2.699576217553996
77,10,1,0,0,0.21883455954804643,2.699576217553996
77,11,0,0,0,0.21883455954804643,2.699576217553996
77,12,1,1,0,0.21883455954804643,2.699576217553996
77,13,1,1,1,0.21883455954804643,2.699576217553996
77,14,1,0,0,0.21883455954804643,2.699576217553996
77,15,1,0,0,0.21883455954804643,2.699576217553996
77,16,0,0,0,0.21883455954804643,2.699576217553996
77,17,1,1,0,0.21883455954804643,2.699576217553996
77,18,0,0,0,0.21883455954804643,2.699576217553996
77,19,0,0,0,0.21883455954804643,2.699576217553996
77,20,1,0,1,0.21883455954804643,2.699576217553996
77,21,0,1,0,0.21883455954804643,2.699576217553996
77,22,1,1,0,0.21883455954804643,2.699576217553996
77,23,0,1,1,0.21883455954804643,2.699576217553996
77,24,1,1,0,0.21883455954804643,2.699576217553996
77,25,1,0,0,0.21883455954804643,2.699576217553996
77,26,1,0,1,0.21883455954804643,2.699576217553996
77,27,1,1,0,0.21883455954804643,2.699576217553996
77,28,1,0,0,0.21883455954804643,2.699576217553996
77,29,1,1,0,0.21883455954804643,2.699576217553996
77,30,1,1,1,0.21883455954804643,2.699576217553996
77,31,0,0,0,0.21883455954804643,2.699576217553996
77,32,1,0,0,0.21883455954804643,2.699576217553996
77,33,1,0,1,0.21883455954804643,2.699576217553996
77,34,1,1,0,0.21883455954804643,2.699576217553996
77,35,1,1,0,0.21883455954804643,2.699576217553996
77,36,0,1,0,0.21883455954804643,2.699576217553996
77,37,0,0,0,0.21883455954804643,2.699576217553996
77,38,1,1,0,0.21883455954804643,2.699576217553996
77,39,1,1,1,0.21883455954804643,2.699576217553996
77,40,0,1,0,0.21883455954804643,2.699576217553996
77,41,1,0,1,0.21883455954804643,2.699576217553996
77,42,0,1,0,0.21883455954804643,2.699576217553996
77,43,1,1,0,0.21883455954804643,2.699576217553996
77,44,1,1,0,0.21883455954804643,2.699576217553996
77,45,0,0,1,0.21883455954804643,2.699576217553996
77,46,1,0,0,0.21883455954804643,2.699576217553996
77,47,1,1,0,0.21883455954804643,2.699576217553996
77,48,0,0,0,0.21883455954804643,2.699576217553996
77,49,1,1,0,0.21883455954804643,2.699576217553996
77,50,1,0,1,0.21883455954804643,2.699576217553996
77,51,1,1,0,0.21883455954804643,2.699576217553996
77,52,1,1,0,0.21883455954804643,2.699576217553996
77,53,1,1,0,0.21883455954804643,2.699576217553996
77,54,1,1,1,0.21883455954804643,2.699576217553996
77,55,0,1,0,0.21883455954804643,2.699576217553996
77,56,1,0,0,0.21883455954804643,2.699576217553996
77,57,1,0,1,0.21883455954804643,2.699576217553996
77,58,1,1,0,0.21883455954804643,2.699576217553996
77,59,1,1,1,0.21883455954804643,2.699576217553996
77,60,0,1,0,0.21883455954804643,2.699576217553996
77,61,1,1,1,0.21883455954804643,2.699576217553996
77,62,1,1,0,0.21883455954804643,2.699576217553996
77,63,1,1,0,0.21883455954804643,2.699576217553996
77,64,1,0,0,0.21883455954804643,2.699576217553996
77,65,1,0,0,0.21883455954804643,2.699576217553996
77,66,1,1,1,0.21883455954804643,2.699576217553996
77,67,1,0,1,0.21883455954804643,2.699576217553996
77,68,0,1,0,0.21883455954804643,2.699576217553996
77,69,1,1,0,0.21883455954804643,2.699576217553996
77,70,1,1,0,0.21883455954804643,2.699576217553996
77,71,1,1,0,0.21883455954804643,2.699576217553996
77,72,1,1,1,0.21883455954804643,2.699576217553996
77,73,1,1,1,0.21883455954804643,2.699576217553996
77,74,1,1,1,0.21883455954804643,2.699576217553996
77,75,1,1,1,0.21883455954804643,2.699576217553996
77,76,0,1,0,0.21883455954804643,2.699576217553996
77,77,1,0,0,0.21883455954804643,2.699576217553996
77,78,1,1,1,0.21883455954804643,2.699576217553996
77,79,1,0,0,0.21883455954804643,2.699576217553996
77,80,1,1,0,0.21883455954804643,2.699576217553996
77,81,1,1,0,0.21883455954804643,2.699576217553996
77,82,1,0,0,0.21883455954804643,2.699576217553996
77,83,1,1,0,0.21883455954804643,2.699576217553996
77,84,1,0,0,0.21883455954804643,2.699576217553996
77,85,1,0,1,0.21883455954804643,2.699576217553996
77,86,0,1,0,0.21883455954804643,2.699576217553996
77,87,1,1,0,0.21883455954804643,2.699576217553996
77,88,0,1,1,0.21883455954804643,2.699576217553996
77,89,0,1,0,0.21883455954804643,2.699576217553996
77,90,0,1,1,0.21883455954804643,2.699576217553996
77,91,1,1,0,0.21883455954804643,2.699576217553996
77,92,1,0,0,0.21883455954804643,2.699576217553996
77,93,1,1,1,0.21883455954804643,2.699576217553996
77,94,1,0,0,0.21883455954804643,2.699576217553996
77,95,0,0,1,0.21883455954804643,2.699576217553996
77,96,1,0,0,0.21883455954804643,2.699576217553996
77,97,1,0,0,0.21883455954804643,2.699576217553996
77,98,1,0,1,0.21883455954804643,2.699576217553996
77,99,0,0,0,0.21883455954804643,2.699576217553996
77,100,1,1,0,0.21883455954804643,2.699576217553996
78,1,0,0,1,0.07244790226932889,2.296832933319555
78,2,0,0,0,0.07244790226932889,2.296832933319555
78,3,0,1,0,0.07244790226932889,2.296832933319555
78,4,1,1,0,0.07244790226932889,2.296832933319555
78,5,1,0,0,0.07244790226932889,2.296832933319555
78,6,0,0,1,0.07244790226932889,2.296832933319555
78,7,1,1,1,0.07244790226932889,2.296832933319555
78,8,1,0,0,0.07244790226932889,2.296832933319555
78,9,1,1,0,0.07244790226932889,2.296832933319555
78,10,0,1,0,0.07244790226932889,2.296832933319555
78,11,1,1,0,0.07244790226932889,2.296832933319555
78,12,1,1,0,0.07244790226932889,2.296832933319555
78,13,0,1,0,0.07244790226932889,2.296832933319555
78,14,0,1,0,0.07244790226932889,2.296832933319555
78,15,1,0,0,0.07244790226932889,2.296832933319555
78,16,0,1,0,0.07244790226932889,2.296832933319555
78,17,1,0,0,0.07244790226932889,2.296832933319555
78,18,1,0,0,0.07244790226932889,2.296832933319555
78,19,1,0,0,0.07244790226932889,2.296832933319555
78,20,1,0,0,0.07244790226932889,2.296832933319555
78,21,1,1,0,0.07244790226932889,2.296832933319555
78,22,1,1,0,0.07244790226932889,2.296832933319555
78,23,1,1,0,0.07244790226932889,2.296832933319555
78,24,1,0,0,0.07244790226932889,2.296832933319555
78,25,1,0,0,0.07244790226932889,2.296832933319555
78,26,0,1,0,0.07244790226932889,2.296832933319555
78,27,1,1,1,0.07244790226932889,2.296832933319555
78,28,1,0,1,0.07244790226932889,2.296832933319555
78,29,0,1,1,0.07244790226932889,2.296832933319555
78,30,0,1,1,0.07244790226932889,2.296832933319555
78,31,1,0,0,0.07244790226932889,2.296832933319555
78,32,1,1,0,0.07244790226932889,2.296832933319555
78,33,1,1,1,0.07244790226932889,2.296832933319555
78,34,1,1,0,0.07244790226932889,2.296832933319555
78,35,1,1,0,0.07244790226932889,2.296832933319555
78,36,0,0,1,0.07244790226932889,2.296832933319555
78,37,0,0,1,0.07244790226932889,2.296832933319555
78,38,1,0,0,0.07244790226932889,2.296832933319555
78,39,1,1,0,0.07244790226932889,2.296832933319555
78,40,1,1,0,0.07244790226932889,2.296832933319555
78,41,0,1,0,0.07244790226932889,2.296832933319555
78,42,0,1,1,0.07244790226932889,2.296832933319555
78,43,1,1,1,0.07244790226932889,2.296832933319555
78,44,1,1,0,0.07244790226932889,2.296832933319555
78,45,1,0,0,0.07244790226932889,2.296832933319555
78,46,1,0,0,0.07244790226932889,2.296832933319555
78,47,1,1,0,0.07244790226932889,2.296832933319555
78,48,1,1,0,0.07244790226932889,2.296832933319555
78,49,1,0,0,0.07244790226932889,2.296832933319555
78,50,0,1,0,0.07244790226932889,2.296832933319555
78,51,0,1,0,0.07244790226932889,2.296832933319555
78,52,0,0,0,0.07244790226932889,2.296832933319555
78,53,1,1,1,0.07244790226932889,2.296832933319555
78,54,1,1,0,0.07244790226932889,2.296832933319555
78,55,1,0,0,0.07244790226932889,2.296832933319555
78,56,1,1,0,0.07244790226932889,2.296832933319555
78,57,0,1,0,0.07244790226932889,2.296832933319555
78,58,1,1,0,0.07244790226932889,2.296832933319555
78,59,0,1,1,0.07244790226932889,2.296832933319555
78,60,1,1,0,0.07244790226932889,2.296832933319555
78,61,1,1,0,0.07244790226932889,2.296832933319555
78,62,1,1,0,0.07244790226932889,2.296832933319555
78,63,0,1,0,0.07244790226932889,2.296832933319555
78,64,1,1,0,0.07244790226932889,2.296832933319555
78,65,1,1,0,0.07244790226932889,2.296832933319555
78,66,1,1,1,0.07244790226932889,2.296832933319555
78,67,1,1,0,0.07244790226932889,2.296832933319555
78,68,1,1,1,0.07244790226932889,2.296832933319555
78,69,1,0,0,0.07244790226932889,2.296832933319555
78,70,1,1,1,0.07244790226932889,2.296832933319555
78,71,1,0,1,0.07244790226932889,2.296832933319555
78,72,1,1,0,0.07244790226932889,2.296832933319555
78,73,0,0,0,0.07244790226932889,2.296832933319555
78,74,1,1,0,0.07244790226932889,2.296832933319555
78,75,1,0,0,0.07244790226932889,2.296832933319555
78,76,0,0,0,0.07244790226932889,2.296832933319555
78,77,1,1,0,0.07244790226932889,2.296832933319555
78,78,1,1,0,0.07244790226932889,2.296832933319555
78,79,0,1,0,0.07244790226932889,2.296832933319555
78,80,0,1,0,0.07244790226932889,2.296832933319555
78,81,1,1,0,0.07244790226932889,2.296832933319555
78,82,1,1,0,0.07244790226932889,2.296832933319555
78,83,1,1,1,0.07244790226932889,2.296832933319555
78,84,1,0,0,0.07244790226932889,2.296832933319555
78,85,1,0,1,0.07244790226932889,2.296832933319555
78,86,1,1,0,0.07244790226932889,2.296832933319555
78,87,1,1,0,0.07244790226932889,2.296832933319555
78,88,1,1,0,0.07244790226932889,2.296832933319555
78,89,1,1,0,0.07244790226932889,2.296832933319555
78,90,1,0,0,0.07244790226932889,2.296832933319555
78,91,0,1,0,0.07244790226932889,2.296832933319555
78,92,1,1,1,0.07244790226932889,2.296832933319555
78,93,1,0,1,0.07244790226932889,2.296832933319555
78,94,0,1,0,0.07244790226932889,2.296832933319555
78,95,0,0,1,0.07244790226932889,2.296832933319555
78,96,1,0,1,0.07244790226932889,2.296832933319555
78,97,0,1,0,0.07244790226932889,2.296832933319555
78,98,0,1,0,0.07244790226932889,2.296832933319555
78,99,1,0,0,0.07244790226932889,2.296832933319555
78,100,1,1,1,0.07244790226932889,2.296832933319555
79,1,0,1,0,0.18419527048223117,1.2621954973038092
79,2,0,1,0,0.18419527048223117,1.2621954973038092
79,3,0,1,0,0.18419527048223117,1.2621954973038092
79,4,1,1,0,0.18419527048223117,1.2621954973038092
79,5,0,0,1,0.18419527048223117,1.2621954973038092
79,6,0,1,1,0.18419527048223117,1.2621954973038092
79,7,1,1,0,0.18419527048223117,1.2621954973038092
79,8,1,1,0,0.18419527048223117,1.2621954973038092
79,9,1,1,0,0.18419527048223117,1.2621954973038092
79,10,1,1,0,0.18419527048223117,1.2621954973038092
79,11,1,1,0,0.18419527048223117,1.2621954973038092
79,12,1,1,0,0.18419527048223117,1.2621954973038092
79,13,0,1,0,0.18419527048223117,1.2621954973038092
79,14,1,0,0,0.18419527048223117,1.2621954973038092
79,15,0,1,0,0.18419527048223117,1.2621954973038092
79,16,1,1,0,0.18419527048223117,1.2621954973038092
79,17,1,1,0,0.18419527048223117,1.2621954973038092
79,18,0,0,0,0.18419527048223117,1.2621954973038092
79,19,0,0,1,0.18419527048223117,1.2621954973038092
79,20,0,1,1,0.18419527048223117,1.2621954973038092
79,21,0,0,0,0.18419527048223117,1.2621954973038092
79,22,1,1,0,0.18419527048223117,1.2621954973038092
79,23,1,0,0,0.18419527048223117,1.2621954973038092
79,24,1,1,0,0.18419527048223117,1.2621954973038092
79,25,1,0,1,0.18419527048223117,1.2621954973038092
79,26,1,1,1,0.18419527048223117,1.2621954973038092
79,27,1,0,0,0.18419527048223117,1.2621954973038092
79,28,0,1,1,0.18419527048223117,1.2621954973038092
79,29,0,1,0,0.18419527048223117,1.2621954973038092
79,30,1,1,1,0.18419527048223117,1.2621954973038092
79,31,1,1,0,0.18419527048223117,1.2621954973038092
79,32,1,0,0,0.18419527048223117,1.2621954973038092
79,33,0,1,1,0.18419527048223117,1.2621954973038092
79,34,1,1,0,0.18419527048223117,1.2621954973038092
79,35,0,0,0,0.18419527048223117,1.2621954973038092
79,36,1,1,0,0.18419527048223117,1.2621954973038092
79,37,0,0,0,0.18419527048223117,1.2621954973038092
79,38,1,1,0,0.18419527048223117,1.2621954973038092
79,39,0,0,0,0.18419527048223117,1.2621954973038092
79,40,0,1,0,0.18419527048223117,1.2621954973038092
79,41,1,1,1,0.18419527048223117,1.2621954973038092
79,42,1,1,0,0.18419527048223117,1.2621954973038092
79,43,0,1,1,0.18419527048223117,1.2621954973038092
79,44,1,0,0,0.18419527048223117,1.2621954973038092
79,45,1,0,0,0.18419527048223117,1.2621954973038092
79,46,1,0,0,0.18419527048223117,1.2621954973038092
79,47,1,0,0,0.18419527048223117,1.2621954973038092
79,48,1,1,0,0.18419527048223117,1.2621954973038092
79,49,1,1,0,0.18419527048223117,1.2621954973038092
79,50,0,1,0,0.18419527048223117,1.2621954973038092
79,51,0,0,1,0.18419527048223117,1.2621954973038092
79,52,1,1,1,0.18419527048223117,1.2621954973038092
79,53,1,1,0,0.18419527048223117,1.2621954973038092
79,54,0,1,0,0.18419527048223117,1.2621954973038092
79,55,1,0,0,0.18419527048223117,1.2621954973038092
79,56,1,0,0,0.18419527048223117,1.2621954973038092
79,57,1,1,0,0.18419527048223117,1.2621954973038092
79,58,1,1,0,0.18419527048223117,1.2621954973038092
79,59,0,1,0,0.18419527048223117,1.2621954973038092
79,60,0,0,0,0.18419527048223117,1.2621954973038092
79,61,1,1,1,0.18419527048223117,1.2621954973038092
79,62,0,1,0,0.18419527048223117,1.2621954973038092
79,63,1,1,0,0.18419527048223117,1.2621954973038092
79,64,1,1,0,0.18419527048223117,1.2621954973038092
79,65,0,1,1,0.18419527048223117,1.2621954973038092
79,66,1,1,1,0.18419527048223117,1.2621954973038092
79,67,1,1,0,0.18419527048223117,1.2621954973038092
79,68,0,1,0,0.18419527048223117,1.2621954973038092
79,69,1,1,0,0.18419527048223117,1.2621954973038092
79,70,0,1,0,0.18419527048223117,1.2621954973038092
79,71,1,0,0,0.18419527048223117,1.2621954973038092
79,72,1,1,0,0.18419527048223117,1.2621954973038092
79,73,1,1,0,0.18419527048223117,1.2621954973038092
79,74,1,1,0,0.18419527048223117,1.2621954973038092
79,75,1,1,0,0.18419527048223117,1.2621954973038092
79,76,0,1,0,0.18419527048223117,1.2621954973038092
79,77,1,0,0,0.18419527048223117,1.2621954973038092
79,78,1,0,0,0.18419527048223117,1.2621954973038092
79,79,1,1,0,0.18419527048223117,1.2621954973038092
79,80,1,1,0,0.18419527048223117,1.2621954973038092
79,81,1,1,1,0.18419527048223117,1.2621954973038092
79,82,1,1,0,0.18419527048223117,1.2621954973038092
79,83,1,1,1,0.18419527048223117,1.2621954973038092
79,84,1,1,1,0.18419527048223117,1.2621954973038092
79,85,1,0,0,0.18419527048223117,1.2621954973038092
79,86,1,1,0,0.18419527048223117,1.2621954973038092
79,87,0,1,0,0.18419527048223117,1.2621954973038092
79,88,0,1,0,0.18419527048223117,1.2621954973038092
79,89,1,1,1,0.18419527048223117,1.2621954973038092
79,90,1,1,0,0.18419527048223117,1.2621954973038092
79,91,1,1,0,0.18419527048223117,1.2621954973038092
79,92,1,1,0,0.18419527048223117,1.2621954973038092
79,93,1,1,0,0.18419527048223117,1.2621954973038092
79,94,0,1,0,0.18419527048223117,1.2621954973038092
79,95,0,1,0,0.18419527048223117,1.2621954973038092
79,96,0,1,0,0.18419527048223117,1.2621954973038092
79,97,1,1,0,0.18419527048223117,1.2621954973038092
79,98,1,1,0,0.18419527048223117,1.2621954973038092
79,99,1,1,0,0.18419527048223117,1.2621954973038092
79,100,1,1,0,0.18419527048223117,1.2621954973038092
80,1,0,1,1,0.19338523868583235,2.9782164387146604
80,2,1,0,1,0.19338523868583235,2.9782164387146604
80,3,1,1,0,0.19338523868583235,2.9782164387146604
80,4,0,1,1,0.19338523868583235,2.9782164387146604
80,5,0,1,0,0.19338523868583235,2.9782164387146604
80,6,0,0,1,0.19338523868583235,2.9782164387146604
80,7,1,0,0,0.19338523868583235,2.9782164387146604
80,8,0,1,0,0.19338523868583235,2.9782164387146604
80,9,0,1,0,0.19338523868583235,2.9782164387146604
80,10,1,0,0,0.19338523868583235,2.9782164387146604
80,11,1,1,0,0.19338523868583235,2.9782164387146604
80,12,1,1,0,0.19338523868583235,2.9782164387146604
80,13,0,0,0,0.19338523868583235,2.9782164387146604
80,14,1,1,0,0.19338523868583235,2.9782164387146604
80,15,1,0,1,0.19338523868583235,2.9782164387146604
80,16,1,0,1,0.19338523868583235,2.9782164387146604
80,17,0,0,1,0.19338523868583235,2.9782164387146604
80,18,1,0,0,0.19338523868583235,2.9782164387146604
80,19,0,0,0,0.19338523868583235,2.9782164387146604
80,20,0,1,0,0.19338523868583235,2.9782164387146604
80,21,1,0,0,0.19338523868583235,2.9782164387146604
80,22,1,1,0,0.19338523868583235,2.9782164387146604
80,23,0,0,1,0.19338523868583235,2.9782164387146604
80,24,1,0,0,0.19338523868583235,2.9782164387146604
80,25,0,1,0,0.19338523868583235,2.9782164387146604
80,26,1,1,0,0.19338523868583235,2.9782164387146604
80,27,0,1,0,0.19338523868583235,2.9782164387146604
80,28,0,1,0,0.19338523868583235,2.9782164387146604
80,29,1,1,0,0.19338523868583235,2.9782164387146604
80,30,1,1,0,0.19338523868583235,2.9782164387146604
80,31,1,1,0,0.19338523868583235,2.9782164387146604
80,32,0,1,0,0.19338523868583235,2.9782164387146604
80,33,1,1,0,0.19338523868583235,2.9782164387146604
80,34,1,1,0,0.19338523868583235,2.9782164387146604
80,35,1,0,0,0.19338523868583235,2.9782164387146604
80,36,1,1,0,0.19338523868583235,2.9782164387146604
80,37,1,1,1,0.19338523868583235,2.9782164387146604
80,38,1,1,0,0.19338523868583235,2.9782164387146604
80,39,1,1,1,0.19338523868583235,2.9782164387146604
80,40,1,1,1,0.19338523868583235,2.9782164387146604
80,41,1,1,0,0.19338523868583235,2.9782164387146604
80,42,0,0,0,0.19338523868583235,2.9782164387146604
80,43,0,1,0,0.19338523868583235,2.9782164387146604
80,44,1,0,0,0.19338523868583235,2.9782164387146604
80,45,0,1,1,0.19338523868583235,2.9782164387146604
80,46,1,1,1,0.19338523868583235,2.9782164387146604
80,47,1,1,1,0.19338523868583235,2.9782164387146604
80,48,1,1,0,0.19338523868583235,2.9782164387146604
80,49,1,1,0,0.19338523868583235,2.9782164387146604
80,50,0,1,1,0.19338523868583235,2.9782164387146604
80,51,0,1,1,0.19338523868583235,2.9782164387146604
80,52,1,1,1,0.19338523868583235,2.9782164387146604
80,53,0,1,0,0.19338523868583235,2.9782164387146604
80,54,1,0,0,0.19338523868583235,2.9782164387146604
80,55,1,1,0,0.19338523868583235,2.9782164387146604
80,56,1,1,0,0.19338523868583235,2.9782164387146604
80,57,1,1,0,0.19338523868583235,2.9782164387146604
80,58,1,0,0,0.19338523868583235,2.9782164387146604
80,59,1,1,0,0.19338523868583235,2.9782164387146604
80,60,1,0,0,0.19338523868583235,2.9782164387146604
80,61,1,1,0,0.19338523868583235,2.9782164387146604
80,62,1,0,0,0.19338523868583235,2.9782164387146604
80,63,0,1,0,0.19338523868583235,2.9782164387146604
80,64,1,1,1,0.19338523868583235,2.9782164387146604
80,65,1,1,1,0.19338523868583235,2.9782164387146604
80,66,1,1,0,0.19338523868583235,2.9782164387146604
80,67,1,0,0,0.19338523868583235,2.9782164387146604
80,68,1,1,0,0.19338523868583235,2.9782164387146604
80,69,1,0,0,0.19338523868583235,2.9782164387146604
80,70,1,1,1,0.19338523868583235,2.9782164387146604
80,71,1,1,0,0.19338523868583235,2.9782164387146604
80,72,1,1,0,0.19338523868583235,2.9782164387146604
80,73,1,1,0,0.19338523868583235,2.9782164387146604
80,74,1,1,1,0.19338523868583235,2.9782164387146604
80,75,1,1,0,0.19338523868583235,2.9782164387146604
80,76,1,1,1,0.19338523868583235,2.9782164387146604
80,77,1,1,0,0.19338523868583235,2.9782164387146604
80,78,0,1,0,0.19338523868583235,2.9782164387146604
80,79,1,0,1,0.19338523868583235,2.9782164387146604
80,80,1,0,1,0.19338523868583235,2.9782164387146604
80,81,1,1,0,0.19338523868583235,2.9782164387146604
80,82,1,0,0,0.19338523868583235,2.9782164387146604
80,83,1,1,0,0.19338523868583235,2.9782164387146604
80,84,1,1,0,0.19338523868583235,2.9782164387146604
80,85,0,1,0,0.19338523868583235,2.9782164387146604
80,86,1,1,0,0.19338523868583235,2.9782164387146604
80,87,1,0,0,0.19338523868583235,2.9782164387146604
80,88,1,1,1,0.19338523868583235,2.9782164387146604
80,89,0,1,0,0.19338523868583235,2.9782164387146604
80,90,1,1,0,0.19338523868583235,2.9782164387146604
80,91,0,1,1,0.19338523868583235,2.9782164387146604
80,92,1,0,0,0.19338523868583235,2.9782164387146604
80,93,1,0,0,0.19338523868583235,2.9782164387146604
80,94,0,0,1,0.19338523868583235,2.9782164387146604
80,95,0,1,0,0.19338523868583235,2.9782164387146604
80,96,0,1,0,0.19338523868583235,2.9782164387146604
80,97,1,1,0,0.19338523868583235,2.9782164387146604
80,98,1,0,1,0.19338523868583235,2.9782164387146604
80,99,1,1,1,0.19338523868583235,2.9782164387146604
80,100,1,1,1,0.19338523868583235,2.9782164387146604
81,1,0,1,0,0.10448477267665011,1.211591587812723
81,2,1,0,1,0.10448477267665011,1.211591587812723
81,3,0,1,0,0.10448477267665011,1.211591587812723
81,4,1,1,0,0.10448477267665011,1.211591587812723
81,5,1,1,0,0.10448477267665011,1.211591587812723
81,6,0,0,0,0.10448477267665011,1.211591587812723
81,7,0,1,0,0.10448477267665011,1.211591587812723
81,8,0,1,0,0.10448477267665011,1.211591587812723
81,9,0,1,1,0.10448477267665011,1.211591587812723
81,10,1,0,0,0.10448477267665011,1.211591587812723
81,11,1,0,0,0.10448477267665011,1.211591587812723
81,12,0,0,1,0.10448477267665011,1.211591587812723
81,13,1,1,1,0.10448477267665011,1.211591587812723
81,14,0,1,0,0.10448477267665011,1.211591587812723
81,15,1,0,0,0.10448477267665011,1.211591587812723
81,16,0,1,0,0.10448477267665011,1.211591587812723
81,17,1,0,0,0.10448477267665011,1.211591587812723
81,18,1,1,0,0.10448477267665011,1.211591587812723
81,19,1,1,0,0.10448477267665011,1.211591587812723
81,20,0,1,1,0.10448477267665011,1.211591587812723
81,21,0,0,0,0.10448477267665011,1.211591587812723
81,22,1,1,0,0.10448477267665011,1.211591587812723
81,23,1,0,0,0.10448477267665011,1.211591587812723
81,24,1,1,0,0.10448477267665011,1.211591587812723
81,25,1,1,0,0.10448477267665011,1.211591587812723
81,26,0,1,0,0.10448477267665011,1.211591587812723
81,27,0,1,0,0.10448477267665011,1.211591587812723
81,28,1,1,0,0.10448477267665011,1.211591587812723
81,29,1,0,0,0.10448477267665011,1.211591587812723
81,30,1,1,1,0.10448477267665011,1.211591587812723
81,31,1,1,0,0.10448477267665011,1.211591587812723
81,32,1,1,1,0.10448477267665011,1.211591587812723
81,33,1,1,1,0.10448477267665011,1.211591587812723
81,34,0,1,0,0.10448477267665011,1.211591587812723
81,35,0,1,0,0.10448477267665011,1.211591587812723
81,36,1,1,0,0.10448477267665011,1.211591587812723
81,37,0,1,0,0.10448477267665011,1.211591587812723
81,38,1,1,1,0.10448477267665011,1.211591587812723
81,39,0,1,1,0.10448477267665011,1.211591587812723
81,40,1,1,0,0.10448477267665011,1.211591587812723
81,41,0,1,0,0.10448477267665011,1.211591587812723
81,42,1,1,0,0.10448477267665011,1.211591587812723
81,43,0,1,0,0.10448477267665011,1.211591587812723
81,44,1,1,0,0.10448477267665011,1.211591587812723
81,45,1,1,0,0.10448477267665011,1.211591587812723
81,46,0,1,1,0.10448477267665011,1.211591587812723
81,47,1,1,0,0.10448477267665011,1.211591587812723
81,48,1,1,0,0.10448477267665011,1.211591587812723
81,49,1,0,1,0.10448477267665011,1.211591587812723
81,50,1,0,1,0.10448477267665011,1.211591587812723
81,51,1,1,0,0.10448477267665011,1.211591587812723
81,52,0,0,0,0.10448477267665011,1.211591587812723
81,53,0,1,0,0.10448477267665011,1.211591587812723
81,54,1,1,0,0.10448477267665011,1.211591587812723
81,55,1,0,0,0.10448477267665011,1.211591587812723
81,56,0,1,0,0.10448477267665011,1.211591587812723
81,57,1,0,1,0.10448477267665011,1.211591587812723
81,58,1,1,1,0.10448477267665011,1.211591587812723
81,59,1,1,1,0.10448477267665011,1.211591587812723
81,60,1,0,0,0.10448477267665011,1.211591587812723
81,61,0,0,0,0.10448477267665011,1.211591587812723
81,62,1,1,1,0.10448477267665011,1.211591587812723
81,63,1,1,1,0.10448477267665011,1.211591587812723
81,64,1,1,0,0.10448477267665011,1.211591587812723
81,65,0,1,1,0.10448477267665011,1.211591587812723
81,66,1,0,0,0.10448477267665011,1.211591587812723
81,67,0,0,1,0.10448477267665011,1.211591587812723
81,68,1,1,0,0.10448477267665011,1.211591587812723
81,69,1,0,1,0.10448477267665011,1.211591587812723
81,70,0,1,0,0.10448477267665011,1.211591587812723
81,71,1,1,1,0.10448477267665011,1.211591587812723
81,72,1,1,1,0.10448477267665011,1.211591587812723
81,73,1,1,0,0.10448477267665011,1.211591587812723
81,74,1,1,0,0.10448477267665011,1.211591587812723
81,75,0,1,0,0.10448477267665011,1.211591587812723
81,76,0,1,0,0.10448477267665011,1.211591587812723
81,77,1,1,0,0.10448477267665011,1.211591587812723
81,78,0,1,0,0.10448477267665011,1.211591587812723
81,79,1,1,1,0.10448477267665011,1.211591587812723
81,80,0,0,0,0.10448477267665011,1.211591587812723
81,81,1,0,0,0.10448477267665011,1.211591587812723
81,82,1,1,0,0.10448477267665011,1.211591587812723
81,83,0,0,0,0.10448477267665011,1.211591587812723
81,84,1,0,0,0.10448477267665011,1.211591587812723
81,85,0,1,1,0.10448477267665011,1.211591587812723
81,86,1,1,1,0.10448477267665011,1.211591587812723
81,87,0,0,0,0.10448477267665011,1.211591587812723
81,88,0,1,0,0.10448477267665011,1.211591587812723
81,89,1,1,1,0.10448477267665011,1.211591587812723
81,90,0,1,0,0.10448477267665011,1.211591587812723
81,91,1,1,0,0.10448477267665011,1.211591587812723
81,92,0,1,0,0.10448477267665011,1.211591587812723
81,93,0,1,0,0.10448477267665011,1.211591587812723
81,94,1,1,0,0.10448477267665011,1.211591587812723
81,95,0,1,1,0.10448477267665011,1.211591587812723
81,96,0,0,1,0.10448477267665011,1.211591587812723
81,97,0,0,0,0.10448477267665011,1.211591587812723
81,98,1,0,1,0.10448477267665011,1.211591587812723
81,99,0,1,1,0.10448477267665011,1.211591587812723
81,100,0,1,0,0.10448477267665011,1.211591587812723
82,1,0,1,0,0.1420949055883928,0.5846152839738201
82,2,0,1,0,0.1420949055883928,0.5846152839738201
82,3,1,0,0,0.1420949055883928,0.5846152839738201
82,4,0,1,0,0.1420949055883928,0.5846152839738201
82,5,0,0,1,0.1420949055883928,0.5846152839738201
82,6,1,0,0,0.1420949055883928,0.5846152839738201
82,7,1,1,0,0.1420949055883928,0.5846152839738201
82,8,1,0,0,0.1420949055883928,0.5846152839738201
82,9,0,1,0,0.1420949055883928,0.5846152839738201
82,10,1,1,0,0.1420949055883928,0.5846152839738201
82,11,0,0,0,0.1420949055883928,0.5846152839738201
82,12,1,1,0,0.1420949055883928,0.5846152839738201
82,13,0,1,1,0.1420949055883928,0.5846152839738201
82,14,0,1,1,0.1420949055883928,0.5846152839738201
82,15,0,1,1,0.1420949055883928,0.5846152839738201
82,16,1,0,1,0.1420949055883928,0.5846152839738201
82,17,0,0,1,0.1420949055883928,0.5846152839738201
82,18,0,0,0,0.1420949055883928,0.5846152839738201
82,19,1,0,0,0.1420949055883928,0.5846152839738201
82,20,0,0,1,0.1420949055883928,0.5846152839738201
82,21,1,1,0,0.1420949055883928,0.5846152839738201
82,22,1,1,1,0.1420949055883928,0.5846152839738201
82,23,1,1,0,0.1420949055883928,0.5846152839738201
82,24,0,1,0,0.1420949055883928,0.5846152839738201
82,25,1,1,0,0.1420949055883928,0.5846152839738201
82,26,0,1,0,0.1420949055883928,0.5846152839738201
82,27,1,1,0,0.1420949055883928,0.5846152839738201
82,28,0,1,0,0.1420949055883928,0.5846152839738201
82,29,0,0,0,0.1420949055883928,0.5846152839738201
82,30,1,0,0,0.1420949055883928,0.5846152839738201
82,31,0,0,0,0.1420949055883928,0.5846152839738201
82,32,1,0,0,0.1420949055883928,0.5846152839738201
82,33,1,1,0,0.1420949055883928,0.5846152839738201
82,34,0,1,0,0.1420949055883928,0.5846152839738201
82,35,0,1,0,0.1420949055883928,0.5846152839738201
82,36,0,1,0,0.1420949055883928,0.5846152839738201
82,37,0,1,0,0.1420949055883928,0.5846152839738201
82,38,1,1,0,0.1420949055883928,0.5846152839738201
82,39,1,0,0,0.1420949055883928,0.5846152839738201
82,40,1,0,1,0.1420949055883928,0.5846152839738201
82,41,1,0,0,0.1420949055883928,0.5846152839738201
82,42,1,1,0,0.1420949055883928,0.5846152839738201
82,43,1,1,0,0.1420949055883928,0.5846152839738201
82,44,0,0,0,0.1420949055883928,0.5846152839738201
82,45,0,0,0,0.1420949055883928,0.5846152839738201
82,46,1,1,0,0.1420949055883928,0.5846152839738201
82,47,1,1,0,0.1420949055883928,0.5846152839738201
82,48,1,0,0,0.1420949055883928,0.5846152839738201
82,49,1,1,0,0.1420949055883928,0.5846152839738201
82,50,0,1,0,0.1420949055883928,0.5846152839738201
82,51,0,1,0,0.1420949055883928,0.5846152839738201
82,52,0,1,0,0.1420949055883928,0.5846152839738201
82,53,1,1,0,0.1420949055883928,0.5846152839738201
82,54,1,1,0,0.1420949055883928,0.5846152839738201
82,55,1,1,0,0.1420949055883928,0.5846152839738201
82,56,1,0,1,0.1420949055883928,0.5846152839738201
82,57,1,0,0,0.1420949055883928,0.5846152839738201
82,58,1,1,0,0.1420949055883928,0.5846152839738201
82,59,0,1,0,0.1420949055883928,0.5846152839738201
82,60,0,1,0,0.1420949055883928,0.5846152839738201
82,61,1,0,0,0.1420949055883928,0.5846152839738201
82,62,0,1,1,0.1420949055883928,0.5846152839738201
82,63,0,0,0,0.1420949055883928,0.5846152839738201
82,64,1,0,0,0.1420949055883928,0.5846152839738201
82,65,0,0,0,0.1420949055883928,0.5846152839738201
82,66,1,1,0,0.1420949055883928,0.5846152839738201
82,67,1,1,1,0.1420949055883928,0.5846152839738201
82,68,1,1,0,0.1420949055883928,0.5846152839738201
82,69,1,1,1,0.1420949055883928,0.5846152839738201
82,70,0,1,1,0.1420949055883928,0.5846152839738201
82,71,1,1,0,0.1420949055883928,0.5846152839738201
82,72,0,1,1,0.1420949055883928,0.5846152839738201
82,73,0,0,0,0.1420949055883928,0.5846152839738201
82,74,0,1,0,0.1420949055883928,0.5846152839738201
82,75,0,1,1,0.1420949055883928,0.5846152839738201
82,76,0,0,0,0.1420949055883928,0.5846152839738201
82,77,1,1,0,0.1420949055883928,0.5846152839738201
82,78,1,0,1,0.1420949055883928,0.5846152839738201
82,79,1,0,0,0.1420949055883928,0.5846152839738201
82,80,1,1,1,0.1420949055883928,0.5846152839738201
82,81,0,1,0,0.1420949055883928,0.5846152839738201
82,82,1,1,0,0.1420949055883928,0.5846152839738201
82,83,0,0,0,0.1420949055883928,0.5846152839738201
82,84,0,1,0,0.1420949055883928,0.5846152839738201
82,85,0,1,0,0.1420949055883928,0.5846152839738201
82,86,1,0,0,0.1420949055883928,0.5846152839738201
82,87,1,1,0,0.1420949055883928,0.5846152839738201
82,88,1,1,1,0.1420949055883928,0.5846152839738201
82,89,0,1,1,0.1420949055883928,0.5846152839738201
82,90,0,1,0,0.1420949055883928,0.5846152839738201
82,91,1,1,1,0.1420949055883928,0.5846152839738201
82,92,1,1,0,0.1420949055883928,0.5846152839738201
82,93,1,1,1,0.1420949055883928,0.5846152839738201
82,94,1,1,1,0.1420949055883928,0.5846152839738201
82,95,1,1,0,0.1420949055883928,0.5846152839738201
82,96,1,1,0,0.1420949055883928,0.5846152839738201
82,97,0,0,0,0.1420949055883928,0.5846152839738201
82,98,1,0,0,0.1420949055883928,0.5846152839738201
82,99,1,1,0,0.1420949055883928,0.5846152839738201
82,100,0,1,1,0.1420949055883928,0.5846152839738201
83,1,0,0,0,0.12218121131159088,0.8750998058183347
83,2,0,0,0,0.12218121131159088,0.8750998058183347
83,3,0,1,1,0.12218121131159088,0.8750998058183347
83,4,0,1,1,0.12218121131159088,0.8750998058183347
83,5,1,1,0,0.12218121131159088,0.8750998058183347
83,6,1,1,0,0.12218121131159088,0.8750998058183347
83,7,0,0,0,0.12218121131159088,0.8750998058183347
83,8,1,1,1,0.12218121131159088,0.8750998058183347
83,9,0,0,1,0.12218121131159088,0.8750998058183347
83,10,0,0,0,0.12218121131159088,0.8750998058183347
83,11,1,1,0,0.12218121131159088,0.8750998058183347
83,12,1,1,0,0.12218121131159088,0.8750998058183347
83,13,0,1,0,0.12218121131159088,0.8750998058183347
83,14,0,1,0,0.12218121131159088,0.8750998058183347
83,15,1,1,1,0.12218121131159088,0.8750998058183347
83,16,1,0,0,0.12218121131159088,0.8750998058183347
83,17,0,1,0,0.12218121131159088,0.8750998058183347
83,18,1,1,1,0.12218121131159088,0.8750998058183347
83,19,0,1,1,0.12218121131159088,0.8750998058183347
83,20,1,0,0,0.12218121131159088,0.8750998058183347
83,21,1,1,0,0.12218121131159088,0.8750998058183347
83,22,0,1,0,0.12218121131159088,0.8750998058183347
83,23,0,1,0,0.12218121131159088,0.8750998058183347
83,24,0,1,1,0.12218121131159088,0.8750998058183347
83,25,1,1,0,0.12218121131159088,0.8750998058183347
83,26,1,1,0,0.12218121131159088,0.8750998058183347
83,27,0,1,1,0.12218121131159088,0.8750998058183347
83,28,1,0,0,0.12218121131159088,0.8750998058183347
83,29,0,1,0,0.12218121131159088,0.8750998058183347
83,30,1,0,1,0.12218121131159088,0.8750998058183347
83,31,0,1,0,0.12218121131159088,0.8750998058183347
83,32,1,1,0,0.12218121131159088,0.8750998058183347
83,33,0,0,0,0.12218121131159088,0.8750998058183347
83,34,0,1,0,0.12218121131159088,0.8750998058183347
83,35,1,1,0,0.12218121131159088,0.8750998058183347
83,36,0,0,0,0.12218121131159088,0.8750998058183347
83,37,0,0,0,0.12218121131159088,0.8750998058183347
83,38,1,0,0,0.12218121131159088,0.8750998058183347
83,39,1,0,1,0.12218121131159088,0.8750998058183347
83,40,0,0,0,0.12218121131159088,0.8750998058183347
83,41,0,0,0,0.12218121131159088,0.8750998058183347
83,42,1,1,1,0.12218121131159088,0.8750998058183347
83,43,0,0,0,0.12218121131159088,0.8750998058183347
83,44,0,1,1,0.12218121131159088,0.8750998058183347
83,45,0,0,0,0.12218121131159088,0.8750998058183347
83,46,1,1,1,0.12218121131159088,0.8750998058183347
83,47,1,0,0,0.12218121131159088,0.8750998058183347
83,48,0,1,0,0.12218121131159088,0.8750998058183347
83,49,0,1,0,0.12218121131159088,0.8750998058183347
83,50,0,1,0,0.12218121131159088,0.8750998058183347
83,51,0,1,0,0.12218121131159088,0.8750998058183347
83,52,1,1,0,0.12218121131159088,0.8750998058183347
83,53,1,1,1,0.12218121131159088,0.8750998058183347
83,54,0,1,0,0.12218121131159088,0.8750998058183347
83,55,1,1,1,0.12218121131159088,0.8750998058183347
83,56,1,1,1,0.12218121131159088,0.8750998058183347
83,57,0,1,1,0.12218121131159088,0.8750998058183347
83,58,0,0,0,0.12218121131159088,0.8750998058183347
83,59,0,1,0,0.12218121131159088,0.8750998058183347
83,60,1,1,0,0.12218121131159088,0.8750998058183347
83,61,1,1,1,0.12218121131159088,0.8750998058183347
83,62,1,1,1,0.12218121131159088,0.8750998058183347
83,63,1,0,0,0.12218121131159088,0.8750998058183347
83,64,0,1,0,0.12218121131159088,0.8750998058183347
83,65,0,1,0,0.12218121131159088,0.8750998058183347
83,66,1,1,0,0.12218121131159088,0.8750998058183347
83,67,0,0,0,0.12218121131159088,0.8750998058183347
83,68,0,0,0,0.12218121131159088,0.8750998058183347
83,69,1,1,1,0.12218121131159088,0.8750998058183347
83,70,1,1,1,0.12218121131159088,0.8750998058183347
83,71,0,1,0,0.12218121131159088,0.8750998058183347
83,72,0,1,0,0.12218121131159088,0.8750998058183347
83,73,0,1,1,0.12218121131159088,0.8750998058183347
83,74,1,1,1,0.12218121131159088,0.8750998058183347
83,75,1,1,1,0.12218121131159088,0.8750998058183347
83,76,0,1,0,0.12218121131159088,0.8750998058183347
83,77,1,1,0,0.12218121131159088,0.8750998058183347
83,78,1,1,0,0.12218121131159088,0.8750998058183347
83,79,0,0,1,0.12218121131159088,0.8750998058183347
83,80,1,1,0,0.12218121131159088,0.8750998058183347
83,81,1,0,0,0.12218121131159088,0.8750998058183347
83,82,0,1,0,0.12218121131159088,0.8750998058183347
83,83,0,1,0,0.12218121131159088,0.8750998058183347
83,84,0,0,0,0.12218121131159088,0.8750998058183347
83,85,1,0,1,0.12218121131159088,0.8750998058183347
83,86,1,0,0,0.12218121131159088,0.8750998058183347
83,87,0,1,1,0.12218121131159088,0.8750998058183347
83,88,0,1,0,0.12218121131159088,0.8750998058183347
83,89,0,1,0,0.12218121131159088,0.8750998058183347
83,90,1,1,0,0.12218121131159088,0.8750998058183347
83,91,1,0,0,0.12218121131159088,0.8750998058183347
83,92,1,1,0,0.12218121131159088,0.8750998058183347
83,93,0,1,0,0.12218121131159088,0.8750998058183347
83,94,0,1,0,0.12218121131159088,0.8750998058183347
83,95,0,1,0,0.12218121131159088,0.8750998058183347
83,96,0,1,0,0.12218121131159088,0.8750998058183347
83,97,1,0,0,0.12218121131159088,0.8750998058183347
83,98,0,1,0,0.12218121131159088,0.8750998058183347
83,99,0,0,0,0.12218121131159088,0.8750998058183347
83,100,1,0,0,0.12218121131159088,0.8750998058183347
84,1,1,1,0,0.13119320922290825,0.9861688448803742
84,2,1,1,0,0.13119320922290825,0.9861688448803742
84,3,1,1,0,0.13119320922290825,0.9861688448803742
84,4,1,0,0,0.13119320922290825,0.9861688448803742
84,5,1,1,0,0.13119320922290825,0.9861688448803742
84,6,0,1,1,0.13119320922290825,0.9861688448803742
84,7,1,0,0,0.13119320922290825,0.9861688448803742
84,8,1,1,0,0.13119320922290825,0.9861688448803742
84,9,1,1,1,0.13119320922290825,0.9861688448803742
84,10,0,1,0,0.13119320922290825,0.9861688448803742
84,11,1,0,0,0.13119320922290825,0.9861688448803742
84,12,1,1,0,0.13119320922290825,0.9861688448803742
84,13,1,1,1,0.13119320922290825,0.9861688448803742
84,14,0,1,0,0.13119320922290825,0.9861688448803742
84,15,0,1,0,0.13119320922290825,0.9861688448803742
84,16,0,1,0,0.13119320922290825,0.9861688448803742
84,17,1,1,0,0.13119320922290825,0.9861688448803742
84,18,1,1,1,0.13119320922290825,0.9861688448803742
84,19,0,0,1,0.13119320922290825,0.9861688448803742
84,20,1,1,0,0.13119320922290825,0.9861688448803742
84,21,1,0,0,0.13119320922290825,0.9861688448803742
84,22,0,1,0,0.13119320922290825,0.9861688448803742
84,23,0,1,1,0.13119320922290825,0.9861688448803742
84,24,0,0,1,0.13119320922290825,0.9861688448803742
84,25,1,1,1,0.13119320922290825,0.9861688448803742
84,26,0,1,0,0.13119320922290825,0.9861688448803742
84,27,1,1,1,0.13119320922290825,0.9861688448803742
84,28,1,1,0,0.13119320922290825,0.9861688448803742
84,29,1,1,0,0.13119320922290825,0.9861688448803742
84,30,1,1,0,0.13119320922290825,0.9861688448803742
84,31,1,0,1,0.13119320922290825,0.9861688448803742
84,32,0,0,0,0.13119320922290825,0.9861688448803742
84,33,0,1,1,0.13119320922290825,0.9861688448803742
84,34,0,1,0,0.13119320922290825,0.9861688448803742
84,35,1,1,0,0.13119320922290825,0.9861688448803742
84,36,0,1,0,0.13119320922290825,0.9861688448803742
84,37,1,1,0,0.13119320922290825,0.9861688448803742
84,38,1,1,0,0.13119320922290825,0.9861688448803742
84,39,1,1,1,0.13119320922290825,0.9861688448803742
84,40,0,1,0,0.13119320922290825,0.9861688448803742
84,41,0,1,0,0.13119320922290825,0.9861688448803742
84,42,1,1,1,0.13119320922290825,0.9861688448803742
84,43,0,1,0,0.13119320922290825,0.9861688448803742
84,44,0,1,0,0.13119320922290825,0.9861688448803742
84,45,1,0,1,0.13119320922290825,0.9861688448803742
84,46,0,0,0,0.13119320922290825,0.9861688448803742
84,47,1,0,1,0.13119320922290825,0.9861688448803742
84,48,1,1,1,0.13119320922290825,0.9861688448803742
84,49,1,1,0,0.13119320922290825,0.9861688448803742
84,50,1,1,0,0.13119320922290825,0.9861688448803742
84,51,1,1,0,0.13119320922290825,0.9861688448803742
84,52,1,1,0,0.13119320922290825,0.9861688448803742
84,53,0,0,0,0.13119320922290825,0.9861688448803742
84,54,0,0,0,0.13119320922290825,0.9861688448803742
84,55,0,1,0,0.13119320922290825,0.9861688448803742
84,56,1,1,1,0.13119320922290825,0.9861688448803742
84,57,0,1,0,0.13119320922290825,0.9861688448803742
84,58,0,0,0,0.13119320922290825,0.9861688448803742
84,59,1,1,0,0.13119320922290825,0.9861688448803742
84,60,0,0,1,0.13119320922290825,0.9861688448803742
84,61,1,0,1,0.13119320922290825,0.9861688448803742
84,62,0,0,0,0.13119320922290825,0.9861688448803742
84,63,1,1,0,0.13119320922290825,0.9861688448803742
84,64,1,1,0,0.13119320922290825,0.9861688448803742
84,65,1,1,0,0.13119320922290825,0.9861688448803742
84,66,0,1,1,0.13119320922290825,0.9861688448803742
84,67,0,0,1,0.13119320922290825,0.9861688448803742
84,68,0,0,0,0.13119320922290825,0.9861688448803742
84,69,0,1,0,0.13119320922290825,0.9861688448803742
84,70,0,0,1,0.13119320922290825,0.9861688448803742
84,71,0,0,0,0.13119320922290825,0.9861688448803742
84,72,0,1,0,0.13119320922290825,0.9861688448803742
84,73,1,1,0,0.13119320922290825,0.9861688448803742
84,74,0,1,1,0.13119320922290825,0.9861688448803742
84,75,0,0,0,0.13119320922290825,0.9861688448803742
84,76,0,0,0,0.13119320922290825,0.9861688448803742
84,77,1,1,0,0.13119320922290825,0.9861688448803742
84,78,1,1,0,0.13119320922290825,0.9861688448803742
84,79,0,1,0,0.13119320922290825,0.9861688448803742
84,80,0,0,1,0.13119320922290825,0.9861688448803742
84,81,0,0,1,0.13119320922290825,0.9861688448803742
84,82,0,1,0,0.13119320922290825,0.9861688448803742
84,83,0,1,0,0.13119320922290825,0.9861688448803742
84,84,1,0,0,0.13119320922290825,0.9861688448803742
84,85,0,0,0,0.13119320922290825,0.9861688448803742
84,86,1,0,0,0.13119320922290825,0.9861688448803742
84,87,1,1,0,0.13119320922290825,0.9861688448803742
84,88,0,0,0,0.13119320922290825,0.9861688448803742
84,89,0,1,1,0.13119320922290825,0.9861688448803742
84,90,0,1,1,0.13119320922290825,0.9861688448803742
84,91,0,1,1,0.13119320922290825,0.9861688448803742
84,92,1,1,0,0.13119320922290825,0.9861688448803742
84,93,1,1,0,0.13119320922290825,0.9861688448803742
84,94,0,1,1,0.13119320922290825,0.9861688448803742
84,95,1,1,1,0.13119320922290825,0.9861688448803742
84,96,1,1,1,0.13119320922290825,0.9861688448803742
84,97,1,1,0,0.13119320922290825,0.9861688448803742
84,98,1,0,0,0.13119320922290825,0.9861688448803742
84,99,1,1,0,0.13119320922290825,0.9861688448803742
84,100,0,0,1,0.13119320922290825,0.9861688448803742
85,1,1,1,0,0.12649000808207098,2.9241205381893147
85,2,1,1,0,0.12649000808207098,2.9241205381893147
85,3,1,0,0,0.12649000808207098,2.9241205381893147
85,4,1,0,0,0.12649000808207098,2.9241205381893147
85,5,1,1,0,0.12649000808207098,2.9241205381893147
85,6,1,1,1,0.12649000808207098,2.9241205381893147
85,7,0,0,1,0.12649000808207098,2.9241205381893147
85,8,0,1,0,0.12649000808207098,2.9241205381893147
85,9,1,1,0,0.12649000808207098,2.9241205381893147
85,10,1,1,0,0.12649000808207098,2.9241205381893147
85,11,1,0,0,0.12649000808207098,2.9241205381893147
85,12,1,1,0,0.12649000808207098,2.9241205381893147
85,13,0,0,1,0.12649000808207098,2.9241205381893147
85,14,0,1,1,0.12649000808207098,2.9241205381893147
85,15,0,0,1,0.12649000808207098,2.9241205381893147
85,16,0,1,0,0.12649000808207098,2.9241205381893147
85,17,1,1,0,0.12649000808207098,2.9241205381893147
85,18,0,1,0,0.12649000808207098,2.9241205381893147
85,19,1,1,0,0.12649000808207098,2.9241205381893147
85,20,1,1,0,0.12649000808207098,2.9241205381893147
85,21,1,1,0,0.12649000808207098,2.9241205381893147
85,22,1,0,1,0.12649000808207098,2.9241205381893147
85,23,1,1,0,0.12649000808207098,2.9241205381893147
85,24,1,1,0,0.12649000808207098,2.9241205381893147
85,25,1,1,0,0.12649000808207098,2.9241205381893147
85,26,1,0,0,0.12649000808207098,2.9241205381893147
85,27,1,1,0,0.12649000808207098,2.9241205381893147
85,28,1,1,0,0.12649000808207098,2.9241205381893147
85,29,1,1,1,0.12649000808207098,2.9241205381893147
85,30,1,1,1,0.12649000808207098,2.9241205381893147
85,31,1,0,0,0.12649000808207098,2.9241205381893147
85,32,0,1,0,0.12649000808207098,2.9241205381893147
85,33,0,1,0,0.12649000808207098,2.9241205381893147
85,34,1,0,0,0.12649000808207098,2.9241205381893147
85,35,1,1,1,0.12649000808207098,2.9241205381893147
85,36,1,1,0,0.12649000808207098,2.9241205381893147
85,37,1,1,0,0.12649000808207098,2.9241205381893147
85,38,1,1,0,0.12649000808207098,2.9241205381893147
85,39,1,1,1,0.12649000808207098,2.9241205381893147
85,40,1,1,0,0.12649000808207098,2.9241205381893147
85,41,1,1,1,0.12649000808207098,2.9241205381893147
85,42,1,1,0,0.12649000808207098,2.9241205381893147
85,43,1,0,0,0.12649000808207098,2.9241205381893147
85,44,1,0,1,0.12649000808207098,2.9241205381893147
85,45,1,0,0,0.12649000808207098,2.9241205381893147
85,46,1,1,1,0.12649000808207098,2.9241205381893147
85,47,0,1,1,0.12649000808207098,2.9241205381893147
85,48,1,1,0,0.12649000808207098,2.9241205381893147
85,49,1,1,1,0.12649000808207098,2.9241205381893147
85,50,0,1,0,0.12649000808207098,2.9241205381893147
85,51,1,0,0,0.12649000808207098,2.9241205381893147
85,52,1,1,0,0.12649000808207098,2.9241205381893147
85,53,0,1,0,0.12649000808207098,2.9241205381893147
85,54,1,1,0,0.12649000808207098,2.9241205381893147
85,55,1,0,0,0.12649000808207098,2.9241205381893147
85,56,1,1,0,0.12649000808207098,2.9241205381893147
85,57,1,0,0,0.12649000808207098,2.9241205381893147
85,58,1,1,0,0.12649000808207098,2.9241205381893147
85,59,1,1,0,0.12649000808207098,2.9241205381893147
85,60,1,1,0,0.12649000808207098,2.9241205381893147
85,61,1,1,0,0.12649000808207098,2.9241205381893147
85,62,1,1,0,0.12649000808207098,2.9241205381893147
85,63,1,0,0,0.12649000808207098,2.9241205381893147
85,64,1,1,0,0.12649000808207098,2.9241205381893147
85,65,1,1,0,0.12649000808207098,2.9241205381893147
85,66,1,1,0,0.12649000808207098,2.9241205381893147
85,67,1,1,1,0.12649000808207098,2.9241205381893147
85,68,1,1,1,0.12649000808207098,2.9241205381893147
85,69,1,1,1,0.12649000808207098,2.9241205381893147
85,70,1,0,1,0.12649000808207098,2.9241205381893147
85,71,1,1,0,0.12649000808207098,2.9241205381893147
85,72,1,1,1,0.12649000808207098,2.9241205381893147
85,73,1,0,0,0.12649000808207098,2.9241205381893147
85,74,1,0,0,0.12649000808207098,2.9241205381893147
85,75,1,1,0,0.12649000808207098,2.9241205381893147
85,76,1,1,1,0.12649000808207098,2.9241205381893147
85,77,1,0,1,0.12649000808207098,2.9241205381893147
85,78,1,0,1,0.12649000808207098,2.9241205381893147
85,79,1,1,1,0.12649000808207098,2.9241205381893147
85,80,0,0,0,0.12649000808207098,2.9241205381893147
85,81,0,1,1,0.12649000808207098,2.9241205381893147
85,82,0,0,1,0.12649000808207098,2.9241205381893147
85,83,0,0,0,0.12649000808207098,2.9241205381893147
85,84,0,1,0,0.12649000808207098,2.9241205381893147
85,85,1,1,0,0.12649000808207098,2.9241205381893147
85,86,1,1,1,0.12649000808207098,2.9241205381893147
85,87,1,1,0,0.12649000808207098,2.9241205381893147
85,88,0,1,1,0.12649000808207098,2.9241205381893147
85,89,0,0,0,0.12649000808207098,2.9241205381893147
85,90,1,1,0,0.12649000808207098,2.9241205381893147
85,91,1,1,0,0.12649000808207098,2.9241205381893147
85,92,1,1,0,0.12649000808207098,2.9241205381893147
85,93,1,1,0,0.12649000808207098,2.9241205381893147
85,94,1,0,1,0.12649000808207098,2.9241205381893147
85,95,1,1,0,0.12649000808207098,2.9241205381893147
85,96,0,1,0,0.12649000808207098,2.9241205381893147
85,97,1,0,0,0.12649000808207098,2.9241205381893147
85,98,0,1,1,0.12649000808207098,2.9241205381893147
85,99,0,1,0,0.12649000808207098,2.9241205381893147
85,100,1,0,0,0.12649000808207098,2.9241205381893147
86,1,0,0,0,0.07152954811360782,2.9484073877237216
86,2,0,0,0,0.07152954811360782,2.9484073877237216
86,3,1,1,0,0.07152954811360782,2.9484073877237216
86,4,1,1,0,0.07152954811360782,2.9484073877237216
86,5,1,1,1,0.07152954811360782,2.9484073877237216
86,6,0,1,1,0.07152954811360782,2.9484073877237216
86,7,1,1,0,0.07152954811360782,2.9484073877237216
86,8,0,1,0,0.07152954811360782,2.9484073877237216
86,9,0,0,1,0.07152954811360782,2.9484073877237216
86,10,0,1,0,0.07152954811360782,2.9484073877237216
86,11,0,1,0,0.07152954811360782,2.9484073877237216
86,12,0,1,0,0.07152954811360782,2.9484073877237216
86,13,1,0,1,0.07152954811360782,2.9484073877237216
86,14,1,1,1,0.07152954811360782,2.9484073877237216
86,15,1,1,0,0.07152954811360782,2.9484073877237216
86,16,1,1,1,0.07152954811360782,2.9484073877237216
86,17,1,0,0,0.07152954811360782,2.9484073877237216
86,18,1,0,0,0.07152954811360782,2.9484073877237216
86,19,1,1,1,0.07152954811360782,2.9484073877237216
86,20,0,1,1,0.07152954811360782,2.9484073877237216
86,21,1,1,0,0.07152954811360782,2.9484073877237216
86,22,0,1,0,0.07152954811360782,2.9484073877237216
86,23,0,1,0,0.07152954811360782,2.9484073877237216
86,24,1,1,0,0.07152954811360782,2.9484073877237216
86,25,1,0,1,0.07152954811360782,2.9484073877237216
86,26,0,1,0,0.07152954811360782,2.9484073877237216
86,27,1,1,0,0.07152954811360782,2.9484073877237216
86,28,1,1,1,0.07152954811360782,2.9484073877237216
86,29,1,0,0,0.07152954811360782,2.9484073877237216
86,30,0,1,0,0.07152954811360782,2.9484073877237216
86,31,1,1,1,0.07152954811360782,2.9484073877237216
86,32,1,0,0,0.07152954811360782,2.9484073877237216
86,33,0,1,0,0.07152954811360782,2.9484073877237216
86,34,0,1,0,0.07152954811360782,2.9484073877237216
86,35,1,1,1,0.07152954811360782,2.9484073877237216
86,36,1,0,1,0.07152954811360782,2.9484073877237216
86,37,0,1,0,0.07152954811360782,2.9484073877237216
86,38,0,0,0,0.07152954811360782,2.9484073877237216
86,39,0,1,1,0.07152954811360782,2.9484073877237216
86,40,1,0,1,0.07152954811360782,2.9484073877237216
86,41,1,1,1,0.07152954811360782,2.9484073877237216
86,42,0,1,1,0.07152954811360782,2.9484073877237216
86,43,1,1,1,0.07152954811360782,2.9484073877237216
86,44,0,0,1,0.07152954811360782,2.9484073877237216
86,45,1,1,1,0.07152954811360782,2.9484073877237216
86,46,1,1,0,0.07152954811360782,2.9484073877237216
86,47,1,1,0,0.07152954811360782,2.9484073877237216
86,48,0,1,0,0.07152954811360782,2.9484073877237216
86,49,1,0,0,0.07152954811360782,2.9484073877237216
86,50,1,0,0,0.07152954811360782,2.9484073877237216
86,51,1,0,0,0.07152954811360782,2.9484073877237216
86,52,1,1,1,0.07152954811360782,2.9484073877237216
86,53,0,1,1,0.07152954811360782,2.9484073877237216
86,54,0,1,0,0.07152954811360782,2.9484073877237216
86,55,1,1,0,0.07152954811360782,2.9484073877237216
86,56,1,1,0,0.07152954811360782,2.9484073877237216
86,57,1,0,1,0.07152954811360782,2.9484073877237216
86,58,1,0,0,0.07152954811360782,2.9484073877237216
86,59,1,0,1,0.07152954811360782,2.9484073877237216
86,60,0,1,0,0.07152954811360782,2.9484073877237216
86,61,0,0,0,0.07152954811360782,2.9484073877237216
86,62,1,1,0,0.07152954811360782,2.9484073877237216
86,63,1,1,0,0.07152954811360782,2.9484073877237216
86,64,0,1,0,0.07152954811360782,2.9484073877237216
86,65,1,0,0,0.07152954811360782,2.9484073877237216
86,66,0,1,0,0.07152954811360782,2.9484073877237216
86,67,0,1,0,0.07152954811360782,2.9484073877237216
86,68,0,1,0,0.07152954811360782,2.9484073877237216
86,69,0,1,0,0.07152954811360782,2.9484073877237216
86,70,1,0,0,0.07152954811360782,2.9484073877237216
86,71,1,0,1,0.07152954811360782,2.9484073877237216
86,72,1,1,0,0.07152954811360782,2.9484073877237216
86,73,1,0,1,0.07152954811360782,2.9484073877237216
86,74,1,0,1,0.07152954811360782,2.9484073877237216
86,75,0,0,0,0.07152954811360782,2.9484073877237216
86,76,0,1,0,0.07152954811360782,2.9484073877237216
86,77,1,1,1,0.07152954811360782,2.9484073877237216
86,78,1,1,0,0.07152954811360782,2.9484073877237216
86,79,1,1,0,0.07152954811360782,2.9484073877237216
86,80,0,0,0,0.07152954811360782,2.9484073877237216
86,81,1,1,0,0.07152954811360782,2.9484073877237216
86,82,1,1,0,0.07152954811360782,2.9484073877237216
86,83,0,1,0,0.07152954811360782,2.9484073877237216
86,84,1,0,1,0.07152954811360782,2.9484073877237216
86,85,1,1,0,0.07152954811360782,2.9484073877237216
86,86,1,1,0,0.07152954811360782,2.9484073877237216
86,87,1,1,0,0.07152954811360782,2.9484073877237216
86,88,1,0,0,0.07152954811360782,2.9484073877237216
86,89,1,0,1,0.07152954811360782,2.9484073877237216
86,90,1,1,0,0.07152954811360782,2.9484073877237216
86,91,1,1,0,0.07152954811360782,2.9484073877237216
86,92,1,1,0,0.07152954811360782,2.9484073877237216
86,93,1,1,0,0.07152954811360782,2.9484073877237216
86,94,0,0,0,0.07152954811360782,2.9484073877237216
86,95,1,0,0,0.07152954811360782,2.9484073877237216
86,96,1,1,0,0.07152954811360782,2.9484073877237216
86,97,1,0,1,0.07152954811360782,2.9484073877237216
86,98,1,0,1,0.07152954811360782,2.9484073877237216
86,99,0,1,0,0.07152954811360782,2.9484073877237216
86,100,0,1,0,0.07152954811360782,2.9484073877237216
87,1,0,1,1,0.09113657612074003,1.8313386515309849
87,2,1,0,1,0.09113657612074003,1.8313386515309849
87,3,1,1,1,0.09113657612074003,1.8313386515309849
87,4,1,1,1,0.09113657612074003,1.8313386515309849
87,5,0,0,0,0.09113657612074003,1.8313386515309849
87,6,0,0,0,0.09113657612074003,1.8313386515309849
87,7,0,0,0,0.09113657612074003,1.8313386515309849
87,8,0,1,0,0.09113657612074003,1.8313386515309849
87,9,1,1,0,0.09113657612074003,1.8313386515309849
87,10,0,1,1,0.09113657612074003,1.8313386515309849
87,11,0,1,1,0.09113657612074003,1.8313386515309849
87,12,1,1,1,0.09113657612074003,1.8313386515309849
87,13,0,1,1,0.09113657612074003,1.8313386515309849
87,14,0,1,0,0.09113657612074003,1.8313386515309849
87,15,1,1,0,0.09113657612074003,1.8313386515309849
87,16,1,1,0,0.09113657612074003,1.8313386515309849
87,17,1,1,0,0.09113657612074003,1.8313386515309849
87,18,1,1,0,0.09113657612074003,1.8313386515309849
87,19,1,1,0,0.09113657612074003,1.8313386515309849
87,20,1,0,0,0.09113657612074003,1.8313386515309849
87,21,1,1,0,0.09113657612074003,1.8313386515309849
87,22,1,1,1,0.09113657612074003,1.8313386515309849
87,23,1,1,1,0.09113657612074003,1.8313386515309849
87,24,0,1,0,0.09113657612074003,1.8313386515309849
87,25,1,0,0,0.09113657612074003,1.8313386515309849
87,26,1,1,0,0.09113657612074003,1.8313386515309849
87,27,0,1,0,0.09113657612074003,1.8313386515309849
87,28,1,0,0,0.09113657612074003,1.8313386515309849
87,29,0,1,0,0.09113657612074003,1.8313386515309849
87,30,1,1,0,0.09113657612074003,1.8313386515309849
87,31,1,1,0,0.09113657612074003,1.8313386515309849
87,32,0,1,1,0.09113657612074003,1.8313386515309849
87,33,0,1,0,0.09113657612074003,1.8313386515309849
87,34,1,0,0,0.09113657612074003,1.8313386515309849
87,35,1,1,0,0.09113657612074003,1.8313386515309849
87,36,1,1,0,0.09113657612074003,1.8313386515309849
87,37,1,1,1,0.09113657612074003,1.8313386515309849
87,38,1,1,0,0.09113657612074003,1.8313386515309849
87,39,1,1,0,0.09113657612074003,1.8313386515309849
87,40,0,0,0,0.09113657612074003,1.8313386515309849
87,41,0,1,1,0.09113657612074003,1.8313386515309849
87,42,1,1,0,0.09113657612074003,1.8313386515309849
87,43,1,0,0,0.09113657612074003,1.8313386515309849
87,44,1,1,1,0.09113657612074003,1.8313386515309849
87,45,1,1,0,0.09113657612074003,1.8313386515309849
87,46,1,1,0,0.09113657612074003,1.8313386515309849
87,47,0,0,0,0.09113657612074003,1.8313386515309849
87,48,1,0,0,0.09113657612074003,1.8313386515309849
87,49,0,1,1,0.09113657612074003,1.8313386515309849
87,50,1,0,0,0.09113657612074003,1.8313386515309849
87,51,0,1,0,0.09113657612074003,1.8313386515309849
87,52,1,1,0,0.09113657612074003,1.8313386515309849
87,53,1,0,1,0.09113657612074003,1.8313386515309849
87,54,0,1,0,0.09113657612074003,1.8313386515309849
87,55,1,1,0,0.09113657612074003,1.8313386515309849
87,56,0,1,0,0.09113657612074003,1.8313386515309849
87,57,1,1,0,0.09113657612074003,1.8313386515309849
87,58,1,1,0,0.09113657612074003,1.8313386515309849
87,59,1,0,0,0.09113657612074003,1.8313386515309849
87,60,1,1,1,0.09113657612074003,1.8313386515309849
87,61,1,1,0,0.09113657612074003,1.8313386515309849
87,62,0,1,0,0.09113657612074003,1.8313386515309849
87,63,1,1,0,0.09113657612074003,1.8313386515309849
87,64,0,1,1,0.09113657612074003,1.8313386515309849
87,65,0,1,1,0.09113657612074003,1.8313386515309849
87,66,0,1,0,0.09113657612074003,1.8313386515309849
87,67,0,0,1,0.09113657612074003,1.8313386515309849
87,68,1,0,0,0.09113657612074003,1.8313386515309849
87,69,1,1,0,0.09113657612074003,1.8313386515309849
87,70,1,1,0,0.09113657612074003,1.8313386515309849
87,71,1,1,0,0.09113657612074003,1.8313386515309849
87,72,1,1,1,0.09113657612074003,1.8313386515309849
87,73,1,0,0,0.09113657612074003,1.8313386515309849
87,74,1,0,0,0.09113657612074003,1.8313386515309849
87,75,0,1,1,0.09113657612074003,1.8313386515309849
87,76,1,0,0,0.09113657612074003,1.8313386515309849
87,77,1,1,1,0.09113657612074003,1.8313386515309849
87,78,1,1,0,0.09113657612074003,1.8313386515309849
87,79,1,0,0,0.09113657612074003,1.8313386515309849
87,80,1,0,0,0.09113657612074003,1.8313386515309849
87,81,1,1,0,0.09113657612074003,1.8313386515309849
87,82,0,0,1,0.09113657612074003,1.8313386515309849
87,83,0,1,0,0.09113657612074003,1.8313386515309849
87,84,1,1,0,0.09113657612074003,1.8313386515309849
87,85,0,1,0,0.09113657612074003,1.8313386515309849
87,86,0,1,0,0.09113657612074003,1.8313386515309849
87,87,1,0,0,0.09113657612074003,1.8313386515309849
87,88,1,1,0,0.09113657612074003,1.8313386515309849
87,89,1,1,0,0.09113657612074003,1.8313386515309849
87,90,0,1,0,0.09113657612074003,1.8313386515309849
87,91,1,1,0,0.09113657612074003,1.8313386515309849
87,92,1,1,0,0.09113657612074003,1.8313386515309849
87,93,1,1,0,0.09113657612074003,1.8313386515309849
87,94,1,0,0,0.09113657612074003,1.8313386515309849
87,95,0,1,1,0.09113657612074003,1.8313386515309849
87,96,1,1,0,0.09113657612074003,1.8313386515309849
87,97,1,1,0,0.09113657612074003,1.8313386515309849
87,98,0,0,0,0.09113657612074003,1.8313386515309849
87,99,0,1,0,0.09113657612074003,1.8313386515309849
87,100,1,1,1,0.09113657612074003,1.8313386515309849
88,1,1,1,1,0.21649865266730609,2.767714879796264
88,2,0,0,0,0.21649865266730609,2.767714879796264
88,3,1,0,0,0.21649865266730609,2.767714879796264
88,4,0,1,0,0.21649865266730609,2.767714879796264
88,5,0,1,0,0.21649865266730609,2.767714879796264
88,6,1,1,0,0.21649865266730609,2.767714879796264
88,7,0,0,1,0.21649865266730609,2.767714879796264
88,8,1,1,0,0.21649865266730609,2.767714879796264
88,9,1,1,0,0.21649865266730609,2.767714879796264
88,10,1,1,0,0.21649865266730609,2.767714879796264
88,11,1,0,0,0.21649865266730609,2.767714879796264
88,12,1,1,0,0.21649865266730609,2.767714879796264
88,13,1,1,0,0.21649865266730609,2.767714879796264
88,14,1,0,0,0.21649865266730609,2.767714879796264
88,15,1,1,1,0.21649865266730609,2.767714879796264
88,16,1,1,0,0.21649865266730609,2.767714879796264
88,17,1,1,0,0.21649865266730609,2.767714879796264
88,18,1,0,0,0.21649865266730609,2.767714879796264
88,19,0,0,0,0.21649865266730609,2.767714879796264
88,20,0,0,0,0.21649865266730609,2.767714879796264
88,21,0,1,0,0.21649865266730609,2.767714879796264
88,22,1,0,1,0.21649865266730609,2.767714879796264
88,23,1,1,0,0.21649865266730609,2.767714879796264
88,24,0,1,0,0.21649865266730609,2.767714879796264
88,25,1,1,0,0.21649865266730609,2.767714879796264
88,26,1,1,1,0.21649865266730609,2.767714879796264
88,27,1,1,1,0.21649865266730609,2.767714879796264
88,28,1,0,1,0.21649865266730609,2.767714879796264
88,29,1,1,0,0.21649865266730609,2.767714879796264
88,30,1,1,0,0.21649865266730609,2.767714879796264
88,31,1,1,0,0.21649865266730609,2.767714879796264
88,32,1,1,0,0.21649865266730609,2.767714879796264
88,33,1,0,1,0.21649865266730609,2.767714879796264
88,34,1,1,0,0.21649865266730609,2.767714879796264
88,35,1,0,0,0.21649865266730609,2.767714879796264
88,36,1,1,1,0.21649865266730609,2.767714879796264
88,37,1,0,1,0.21649865266730609,2.767714879796264
88,38,1,1,1,0.21649865266730609,2.767714879796264
88,39,1,0,1,0.21649865266730609,2.767714879796264
88,40,0,0,0,0.21649865266730609,2.767714879796264
88,41,1,0,1,0.21649865266730609,2.767714879796264
88,42,0,0,1,0.21649865266730609,2.767714879796264
88,43,0,1,1,0.21649865266730609,2.767714879796264
88,44,1,1,0,0.21649865266730609,2.767714879796264
88,45,1,1,0,0.21649865266730609,2.767714879796264
88,46,1,0,1,0.21649865266730609,2.767714879796264
88,47,0,0,0,0.21649865266730609,2.767714879796264
88,48,0,0,0,0.21649865266730609,2.767714879796264
88,49,0,0,0,0.21649865266730609,2.767714879796264
88,50,0,1,0,0.21649865266730609,2.767714879796264
88,51,0,1,0,0.21649865266730609,2.767714879796264
88,52,1,1,1,0.21649865266730609,2.767714879796264
88,53,1,0,1,0.21649865266730609,2.767714879796264
88,54,1,1,0,0.21649865266730609,2.767714879796264
88,55,0,1,0,0.21649865266730609,2.767714879796264
88,56,1,0,0,0.21649865266730609,2.767714879796264
88,57,1,1,1,0.21649865266730609,2.767714879796264
88,58,0,1,1,0.21649865266730609,2.767714879796264
88,59,1,0,0,0.21649865266730609,2.767714879796264
88,60,1,1,0,0.21649865266730609,2.767714879796264
88,61,0,1,0,0.21649865266730609,2.767714879796264
88,62,1,1,0,0.21649865266730609,2.767714879796264
88,63,1,0,0,0.21649865266730609,2.767714879796264
88,64,0,0,0,0.21649865266730609,2.767714879796264
88,65,1,1,0,0.21649865266730609,2.767714879796264
88,66,0,1,0,0.21649865266730609,2.767714879796264
88,67,1,1,0,0.21649865266730609,2.767714879796264
88,68,1,0,1,0.21649865266730609,2.767714879796264
88,69,1,1,1,0.21649865266730609,2.767714879796264
88,70,1,1,0,0.21649865266730609,2.767714879796264
88,71,1,1,0,0.21649865266730609,2.767714879796264
88,72,1,1,0,0.21649865266730609,2.767714879796264
88,73,1,0,1,0.21649865266730609,2.767714879796264
88,74,0,0,1,0.21649865266730609,2.767714879796264
88,75,0,1,1,0.21649865266730609,2.767714879796264
88,76,0,1,0,0.21649865266730609,2.767714879796264
88,77,1,0,0,0.21649865266730609,2.767714879796264
88,78,1,1,1,0.21649865266730609,2.767714879796264
88,79,0,1,0,0.21649865266730609,2.767714879796264
88,80,1,0,0,0.21649865266730609,2.767714879796264
88,81,0,1,1,0.21649865266730609,2.767714879796264
88,82,1,0,1,0.21649865266730609,2.767714879796264
88,83,1,0,0,0.21649865266730609,2.767714879796264
88,84,0,1,0,0.21649865266730609,2.767714879796264
88,85,0,1,1,0.21649865266730609,2.767714879796264
88,86,1,1,0,0.21649865266730609,2.767714879796264
88,87,0,1,1,0.21649865266730609,2.767714879796264
88,88,0,1,0,0.21649865266730609,2.767714879796264
88,89,0,0,0,0.21649865266730609,2.767714879796264
88,90,1,1,0,0.21649865266730609,2.767714879796264
88,91,1,0,0,0.21649865266730609,2.767714879796264
88,92,0,1,0,0.21649865266730609,2.767714879796264
88,93,0,1,0,0.21649865266730609,2.767714879796264
88,94,1,1,1,0.21649865266730609,2.767714879796264
88,95,0,0,1,0.21649865266730609,2.767714879796264
88,96,1,1,0,0.21649865266730609,2.767714879796264
88,97,1,1,0,0.21649865266730609,2.767714879796264
88,98,0,1,0,0.21649865266730609,2.767714879796264
88,99,1,1,0,0.21649865266730609,2.767714879796264
88,100,1,1,1,0.21649865266730609,2.767714879796264
89,1,1,0,1,0.13712735316457267,2.3418806905172262
89,2,0,1,0,0.13712735316457267,2.3418806905172262
89,3,1,0,0,0.13712735316457267,2.3418806905172262
89,4,1,1,1,0.13712735316457267,2.3418806905172262
89,5,0,1,1,0.13712735316457267,2.3418806905172262
89,6,0,1,0,0.13712735316457267,2.3418806905172262
89,7,0,1,1,0.13712735316457267,2.3418806905172262
89,8,0,1,0,0.13712735316457267,2.3418806905172262
89,9,0,1,0,0.13712735316457267,2.3418806905172262
89,10,0,1,0,0.13712735316457267,2.3418806905172262
89,11,1,1,0,0.13712735316457267,2.3418806905172262
89,12,0,1,0,0.13712735316457267,2.3418806905172262
89,13,1,1,0,0.13712735316457267,2.3418806905172262
89,14,0,0,0,0.13712735316457267,2.3418806905172262
89,15,1,0,1,0.13712735316457267,2.3418806905172262
89,16,0,1,0,0.13712735316457267,2.3418806905172262
89,17,1,1,0,0.13712735316457267,2.3418806905172262
89,18,0,1,0,0.13712735316457267,2.3418806905172262
89,19,0,0,0,0.13712735316457267,2.3418806905172262
89,20,1,0,1,0.13712735316457267,2.3418806905172262
89,21,1,1,0,0.13712735316457267,2.3418806905172262
89,22,0,1,0,0.13712735316457267,2.3418806905172262
89,23,0,0,0,0.13712735316457267,2.3418806905172262
89,24,0,1,0,0.13712735316457267,2.3418806905172262
89,25,1,1,1,0.13712735316457267,2.3418806905172262
89,26,1,0,0,0.13712735316457267,2.3418806905172262
89,27,0,0,1,0.13712735316457267,2.3418806905172262
89,28,0,1,0,0.13712735316457267,2.3418806905172262
89,29,1,1,0,0.13712735316457267,2.3418806905172262
89,30,1,1,1,0.13712735316457267,2.3418806905172262
89,31,1,1,0,0.13712735316457267,2.3418806905172262
89,32,1,0,0,0.13712735316457267,2.3418806905172262
89,33,0,1,0,0.13712735316457267,2.3418806905172262
89,34,0,1,1,0.13712735316457267,2.3418806905172262
89,35,0,1,1,0.13712735316457267,2.3418806905172262
89,36,1,1,0,0.13712735316457267,2.3418806905172262
89,37,1,0,0,0.13712735316457267,2.3418806905172262
89,38,0,1,0,0.13712735316457267,2.3418806905172262
89,39,1,0,1,0.13712735316457267,2.3418806905172262
89,40,0,1,0,0.13712735316457267,2.3418806905172262
89,41,1,0,0,0.13712735316457267,2.3418806905172262
89,42,1,0,0,0.13712735316457267,2.3418806905172262
89,43,0,0,0,0.13712735316457267,2.3418806905172262
89,44,1,0,1,0.13712735316457267,2.3418806905172262
89,45,1,0,0,0.13712735316457267,2.3418806905172262
89,46,0,1,0,0.13712735316457267,2.3418806905172262
89,47,0,1,1,0.13712735316457267,2.3418806905172262
89,48,0,0,0,0.13712735316457267,2.3418806905172262
89,49,1,1,0,0.13712735316457267,2.3418806905172262
89,50,1,1,0,0.13712735316457267,2.3418806905172262
89,51,0,1,0,0.13712735316457267,2.3418806905172262
89,52,1,1,1,0.13712735316457267,2.3418806905172262
89,53,1,0,0,0.13712735316457267,2.3418806905172262
89,54,0,0,0,0.13712735316457267,2.3418806905172262
89,55,1,0,0,0.13712735316457267,2.3418806905172262
89,56,1,1,0,0.13712735316457267,2.3418806905172262
89,57,1,0,0,0.13712735316457267,2.3418806905172262
89,58,1,0,1,0.13712735316457267,2.3418806905172262
89,59,0,1,0,0.13712735316457267,2.3418806905172262
89,60,0,1,1,0.13712735316457267,2.3418806905172262
89,61,0,1,0,0.13712735316457267,2.3418806905172262
89,62,0,0,0,0.13712735316457267,2.3418806905172262
89,63,1,1,0,0.13712735316457267,2.3418806905172262
89,64,1,1,1,0.13712735316457267,2.3418806905172262
89,65,1,1,0,0.13712735316457267,2.3418806905172262
89,66,1,1,0,0.13712735316457267,2.3418806905172262
89,67,1,1,0,0.13712735316457267,2.3418806905172262
89,68,1,1,0,0.13712735316457267,2.3418806905172262
89,69,1,0,0,0.13712735316457267,2.3418806905172262
89,70,1,1,0,0.13712735316457267,2.3418806905172262
89,71,1,1,0,0.13712735316457267,2.3418806905172262
89,72,1,1,0,0.13712735316457267,2.3418806905172262
89,73,1,0,0,0.13712735316457267,2.3418806905172262
89,74,1,1,1,0.13712735316457267,2.3418806905172262
89,75,0,1,0,0.13712735316457267,2.3418806905172262
89,76,1,1,0,0.13712735316457267,2.3418806905172262
89,77,1,1,0,0.13712735316457267,2.3418806905172262
89,78,1,0,0,0.13712735316457267,2.3418806905172262
89,79,1,1,1,0.13712735316457267,2.3418806905172262
89,80,1,1,0,0.13712735316457267,2.3418806905172262
89,81,1,1,0,0.13712735316457267,2.3418806905172262
89,82,1,1,1,0.13712735316457267,2.3418806905172262
89,83,1,1,1,0.13712735316457267,2.3418806905172262
89,84,0,1,0,0.13712735316457267,2.3418806905172262
89,85,1,1,0,0.13712735316457267,2.3418806905172262
89,86,1,1,0,0.13712735316457267,2.3418806905172262
89,87,1,0,0,0.13712735316457267,2.3418806905172262
89,88,1,1,0,0.13712735316457267,2.3418806905172262
89,89,1,0,0,0.13712735316457267,2.3418806905172262
89,90,1,1,1,0.13712735316457267,2.3418806905172262
89,91,1,1,0,0.13712735316457267,2.3418806905172262
89,92,1,1,1,0.13712735316457267,2.3418806905172262
89,93,1,1,0,0.13712735316457267,2.3418806905172262
89,94,1,0,1,0.13712735316457267,2.3418806905172262
89,95,0,0,0,0.13712735316457267,2.3418806905172262
89,96,1,1,0,0.13712735316457267,2.3418806905172262
89,97,1,1,0,0.13712735316457267,2.3418806905172262
89,98,1,1,0,0.13712735316457267,2.3418806905172262
89,99,1,1,0,0.13712735316457267,2.3418806905172262
89,100,1,0,0,0.13712735316457267,2.3418806905172262
90,1,0,1,1,0.12015056437035981,0.5412150998909877
90,2,1,1,1,0.12015056437035981,0.5412150998909877
90,3,0,0,0,0.12015056437035981,0.5412150998909877
90,4,1,1,0,0.12015056437035981,0.5412150998909877
90,5,1,1,1,0.12015056437035981,0.5412150998909877
90,6,0,0,0,0.12015056437035981,0.5412150998909877
90,7,0,0,0,0.12015056437035981,0.5412150998909877
90,8,1,1,0,0.12015056437035981,0.5412150998909877
90,9,1,0,1,0.12015056437035981,0.5412150998909877
90,10,1,0,1,0.12015056437035981,0.5412150998909877
90,11,1,0,1,0.12015056437035981,0.5412150998909877
90,12,0,0,0,0.12015056437035981,0.5412150998909877
90,13,0,1,0,0.12015056437035981,0.5412150998909877
90,14,1,1,0,0.12015056437035981,0.5412150998909877
90,15,1,0,0,0.12015056437035981,0.5412150998909877
90,16,0,1,0,0.12015056437035981,0.5412150998909877
90,17,0,0,0,0.12015056437035981,0.5412150998909877
90,18,0,0,0,0.12015056437035981,0.5412150998909877
90,19,1,1,0,0.12015056437035981,0.5412150998909877
90,20,0,1,1,0.12015056437035981,0.5412150998909877
90,21,1,1,0,0.12015056437035981,0.5412150998909877
90,22,1,0,1,0.12015056437035981,0.5412150998909877
90,23,1,1,0,0.12015056437035981,0.5412150998909877
90,24,1,0,0,0.12015056437035981,0.5412150998909877
90,25,0,1,0,0.12015056437035981,0.5412150998909877
90,26,0,0,0,0.12015056437035981,0.5412150998909877
90,27,0,0,0,0.12015056437035981,0.5412150998909877
90,28,1,1,0,0.12015056437035981,0.5412150998909877
90,29,0,1,0,0.12015056437035981,0.5412150998909877
90,30,1,1,0,0.12015056437035981,0.5412150998909877
90,31,0,0,1,0.12015056437035981,0.5412150998909877
90,32,0,1,0,0.12015056437035981,0.5412150998909877
90,33,0,1,0,0.12015056437035981,0.5412150998909877
90,34,0,1,0,0.12015056437035981,0.5412150998909877
90,35,1,1,1,0.12015056437035981,0.5412150998909877
90,36,1,1,1,0.12015056437035981,0.5412150998909877
90,37,0,1,0,0.12015056437035981,0.5412150998909877
90,38,1,1,1,0.12015056437035981,0.5412150998909877
90,39,1,0,0,0.12015056437035981,0.5412150998909877
90,40,0,1,1,0.12015056437035981,0.5412150998909877
90,41,1,1,0,0.12015056437035981,0.5412150998909877
90,42,1,1,0,0.12015056437035981,0.5412150998909877
90,43,1,1,0,0.12015056437035981,0.5412150998909877
90,44,0,1,0,0.12015056437035981,0.5412150998909877
90,45,1,1,1,0.12015056437035981,0.5412150998909877
90,46,1,0,1,0.12015056437035981,0.5412150998909877
90,47,0,1,0,0.12015056437035981,0.5412150998909877
90,48,0,0,1,0.12015056437035981,0.5412150998909877
90,49,0,0,1,0.12015056437035981,0.5412150998909877
90,50,1,1,0,0.12015056437035981,0.5412150998909877
90,51,0,1,0,0.12015056437035981,0.5412150998909877
90,52,0,1,0,0.12015056437035981,0.5412150998909877
90,53,0,1,0,0.12015056437035981,0.5412150998909877
90,54,0,0,0,0.12015056437035981,0.5412150998909877
90,55,1,1,0,0.12015056437035981,0.5412150998909877
90,56,1,1,1,0.12015056437035981,0.5412150998909877
90,57,0,1,0,0.12015056437035981,0.5412150998909877
90,58,0,1,1,0.12015056437035981,0.5412150998909877
90,59,1,1,0,0.12015056437035981,0.5412150998909877
90,60,1,0,0,0.12015056437035981,0.5412150998909877
90,61,0,0,0,0.12015056437035981,0.5412150998909877
90,62,0,0,0,0.12015056437035981,0.5412150998909877
90,63,0,0,0,0.12015056437035981,0.5412150998909877
90,64,1,1,1,0.12015056437035981,0.5412150998909877
90,65,0,0,1,0.12015056437035981,0.5412150998909877
90,66,1,0,0,0.12015056437035981,0.5412150998909877
90,67,0,1,0,0.12015056437035981,0.5412150998909877
90,68,1,1,0,0.12015056437035981,0.5412150998909877
90,69,1,1,1,0.12015056437035981,0.5412150998909877
90,70,1,1,0,0.12015056437035981,0.5412150998909877
90,71,0,1,1,0.12015056437035981,0.5412150998909877
90,72,1,1,1,0.12015056437035981,0.5412150998909877
90,73,0,1,1,0.12015056437035981,0.5412150998909877
90,74,1,1,0,0.12015056437035981,0.5412150998909877
90,75,0,0,0,0.12015056437035981,0.5412150998909877
90,76,1,1,0,0.12015056437035981,0.5412150998909877
90,77,0,1,1,0.12015056437035981,0.5412150998909877
90,78,0,1,1,0.12015056437035981,0.5412150998909877
90,79,0,1,0,0.12015056437035981,0.5412150998909877
90,80,0,1,1,0.12015056437035981,0.5412150998909877
90,81,1,0,1,0.12015056437035981,0.5412150998909877
90,82,1,1,0,0.12015056437035981,0.5412150998909877
90,83,0,1,1,0.12015056437035981,0.5412150998909877
90,84,1,0,0,0.12015056437035981,0.5412150998909877
90,85,0,1,0,0.12015056437035981,0.5412150998909877
90,86,0,1,0,0.12015056437035981,0.5412150998909877
90,87,1,1,1,0.12015056437035981,0.5412150998909877
90,88,1,0,0,0.12015056437035981,0.5412150998909877
90,89,0,1,1,0.12015056437035981,0.5412150998909877
90,90,0,0,0,0.12015056437035981,0.5412150998909877
90,91,1,0,0,0.12015056437035981,0.5412150998909877
90,92,1,1,1,0.12015056437035981,0.5412150998909877
90,93,0,1,1,0.12015056437035981,0.5412150998909877
90,94,1,1,0,0.12015056437035981,0.5412150998909877
90,95,1,1,0,0.12015056437035981,0.5412150998909877
90,96,1,1,1,0.12015056437035981,0.5412150998909877
90,97,0,1,1,0.12015056437035981,0.5412150998909877
90,98,1,0,0,0.12015056437035981,0.5412150998909877
90,99,1,1,0,0.12015056437035981,0.5412150998909877
90,100,1,0,0,0.12015056437035981,0.5412150998909877
91,1,1,0,0,0.05137976755871825,2.1093931015933745
91,2,1,0,0,0.05137976755871825,2.1093931015933745
91,3,0,1,0,0.05137976755871825,2.1093931015933745
91,4,0,0,0,0.05137976755871825,2.1093931015933745
91,5,1,0,0,0.05137976755871825,2.1093931015933745
91,6,0,0,0,0.05137976755871825,2.1093931015933745
91,7,0,0,0,0.05137976755871825,2.1093931015933745
91,8,1,0,0,0.05137976755871825,2.1093931015933745
91,9,1,1,1,0.05137976755871825,2.1093931015933745
91,10,1,1,0,0.05137976755871825,2.1093931015933745
91,11,1,0,1,0.05137976755871825,2.1093931015933745
91,12,1,0,1,0.05137976755871825,2.1093931015933745
91,13,1,1,0,0.05137976755871825,2.1093931015933745
91,14,0,1,0,0.05137976755871825,2.1093931015933745
91,15,1,1,0,0.05137976755871825,2.1093931015933745
91,16,1,1,0,0.05137976755871825,2.1093931015933745
91,17,1,1,1,0.05137976755871825,2.1093931015933745
91,18,1,1,1,0.05137976755871825,2.1093931015933745
91,19,1,1,0,0.05137976755871825,2.1093931015933745
91,20,1,1,0,0.05137976755871825,2.1093931015933745
91,21,1,1,0,0.05137976755871825,2.1093931015933745
91,22,0,1,0,0.05137976755871825,2.1093931015933745
91,23,1,1,0,0.05137976755871825,2.1093931015933745
91,24,0,1,1,0.05137976755871825,2.1093931015933745
91,25,1,0,0,0.05137976755871825,2.1093931015933745
91,26,1,0,1,0.05137976755871825,2.1093931015933745
91,27,0,1,0,0.05137976755871825,2.1093931015933745
91,28,1,1,0,0.05137976755871825,2.1093931015933745
91,29,1,1,1,0.05137976755871825,2.1093931015933745
91,30,1,1,0,0.05137976755871825,2.1093931015933745
91,31,1,1,1,0.05137976755871825,2.1093931015933745
91,32,1,1,0,0.05137976755871825,2.1093931015933745
91,33,1,1,0,0.05137976755871825,2.1093931015933745
91,34,0,1,0,0.05137976755871825,2.1093931015933745
91,35,1,1,0,0.05137976755871825,2.1093931015933745
91,36,1,0,0,0.05137976755871825,2.1093931015933745
91,37,1,1,0,0.05137976755871825,2.1093931015933745
91,38,1,1,0,0.05137976755871825,2.1093931015933745
91,39,1,1,0,0.05137976755871825,2.1093931015933745
91,40,0,1,0,0.05137976755871825,2.1093931015933745
91,41,1,1,0,0.05137976755871825,2.1093931015933745
91,42,1,1,0,0.05137976755871825,2.1093931015933745
91,43,1,1,0,0.05137976755871825,2.1093931015933745
91,44,1,0,1,0.05137976755871825,2.1093931015933745
91,45,0,1,0,0.05137976755871825,2.1093931015933745
91,46,0,1,0,0.05137976755871825,2.1093931015933745
91,47,0,1,1,0.05137976755871825,2.1093931015933745
91,48,0,0,0,0.05137976755871825,2.1093931015933745
91,49,1,1,0,0.05137976755871825,2.1093931015933745
91,50,1,1,0,0.05137976755871825,2.1093931015933745
91,51,1,0,1,0.05137976755871825,2.1093931015933745
91,52,1,1,0,0.05137976755871825,2.1093931015933745
91,53,1,1,1,0.05137976755871825,2.1093931015933745
91,54,1,1,1,0.05137976755871825,2.1093931015933745
91,55,0,0,1,0.05137976755871825,2.1093931015933745
91,56,1,0,1,0.05137976755871825,2.1093931015933745
91,57,1,1,0,0.05137976755871825,2.1093931015933745
91,58,1,0,0,0.05137976755871825,2.1093931015933745
91,59,0,0,0,0.05137976755871825,2.1093931015933745
91,60,1,0,0,0.05137976755871825,2.1093931015933745
91,61,0,0,0,0.05137976755871825,2.1093931015933745
91,62,1,0,1,0.05137976755871825,2.1093931015933745
91,63,1,0,0,0.05137976755871825,2.1093931015933745
91,64,1,1,1,0.05137976755871825,2.1093931015933745
91,65,0,1,0,0.05137976755871825,2.1093931015933745
91,66,1,0,1,0.05137976755871825,2.1093931015933745
91,67,1,0,0,0.05137976755871825,2.1093931015933745
91,68,0,0,0,0.05137976755871825,2.1093931015933745
91,69,0,1,1,0.05137976755871825,2.1093931015933745
91,70,1,0,0,0.05137976755871825,2.1093931015933745
91,71,1,0,0,0.05137976755871825,2.1093931015933745
91,72,1,0,0,0.05137976755871825,2.1093931015933745
91,73,0,0,0,0.05137976755871825,2.1093931015933745
91,74,1,1,1,0.05137976755871825,2.1093931015933745
91,75,1,1,0,0.05137976755871825,2.1093931015933745
91,76,1,1,1,0.05137976755871825,2.1093931015933745
91,77,1,1,1,0.05137976755871825,2.1093931015933745
91,78,1,0,1,0.05137976755871825,2.1093931015933745
91,79,1,1,0,0.05137976755871825,2.1093931015933745
91,80,1,1,0,0.05137976755871825,2.1093931015933745
91,81,1,0,0,0.05137976755871825,2.1093931015933745
91,82,1,1,0,0.05137976755871825,2.1093931015933745
91,83,0,0,0,0.05137976755871825,2.1093931015933745
91,84,1,1,1,0.05137976755871825,2.1093931015933745
91,85,1,0,0,0.05137976755871825,2.1093931015933745
91,86,1,1,0,0.05137976755871825,2.1093931015933745
91,87,1,1,0,0.05137976755871825,2.1093931015933745
91,88,0,1,1,0.05137976755871825,2.1093931015933745
91,89,1,1,0,0.05137976755871825,2.1093931015933745
91,90,0,0,0,0.05137976755871825,2.1093931015933745
91,91,1,1,1,0.05137976755871825,2.1093931015933745
91,92,0,1,1,0.05137976755871825,2.1093931015933745
91,93,0,1,0,0.05137976755871825,2.1093931015933745
91,94,1,1,1,0.05137976755871825,2.1093931015933745
91,95,0,1,0,0.05137976755871825,2.1093931015933745
91,96,1,1,0,0.05137976755871825,2.1093931015933745
91,97,1,1,1,0.05137976755871825,2.1093931015933745
91,98,1,1,1,0.05137976755871825,2.1093931015933745
91,99,1,1,0,0.05137976755871825,2.1093931015933745
91,100,1,0,0,0.05137976755871825,2.1093931015933745
92,1,0,0,1,0.05461862850156638,0.8361920228407317
92,2,1,1,1,0.05461862850156638,0.8361920228407317
92,3,1,1,0,0.05461862850156638,0.8361920228407317
92,4,1,1,0,0.05461862850156638,0.8361920228407317
92,5,1,1,0,0.05461862850156638,0.8361920228407317
92,6,1,1,0,0.05461862850156638,0.8361920228407317
92,7,1,0,0,0.05461862850156638,0.8361920228407317
92,8,0,0,1,0.05461862850156638,0.8361920228407317
92,9,1,1,1,0.05461862850156638,0.8361920228407317
92,10,0,0,0,0.05461862850156638,0.8361920228407317
92,11,1,1,0,0.05461862850156638,0.8361920228407317
92,12,0,0,1,0.05461862850156638,0.8361920228407317
92,13,1,1,0,0.05461862850156638,0.8361920228407317
92,14,1,0,1,0.05461862850156638,0.8361920228407317
92,15,0,0,0,0.05461862850156638,0.8361920228407317
92,16,0,1,0,0.05461862850156638,0.8361920228407317
92,17,0,1,0,0.05461862850156638,0.8361920228407317
92,18,1,1,0,0.05461862850156638,0.8361920228407317
92,19,1,1,1,0.05461862850156638,0.8361920228407317
92,20,1,1,0,0.05461862850156638,0.8361920228407317
92,21,1,0,0,0.05461862850156638,0.8361920228407317
92,22,1,1,0,0.05461862850156638,0.8361920228407317
92,23,1,1,0,0.05461862850156638,0.8361920228407317
92,24,0,1,0,0.05461862850156638,0.8361920228407317
92,25,1,1,0,0.05461862850156638,0.8361920228407317
92,26,1,1,0,0.05461862850156638,0.8361920228407317
92,27,0,1,0,0.05461862850156638,0.8361920228407317
92,28,0,1,0,0.05461862850156638,0.8361920228407317
92,29,1,1,1,0.05461862850156638,0.8361920228407317
92,30,1,1,0,0.05461862850156638,0.8361920228407317
92,31,1,0,0,0.05461862850156638,0.8361920228407317
92,32,1,1,1,0.05461862850156638,0.8361920228407317
92,33,0,1,0,0.05461862850156638,0.8361920228407317
92,34,1,0,0,0.05461862850156638,0.8361920228407317
92,35,1,1,0,0.05461862850156638,0.8361920228407317
92,36,1,0,0,0.05461862850156638,0.8361920228407317
92,37,1,0,1,0.05461862850156638,0.8361920228407317
92,38,1,1,1,0.05461862850156638,0.8361920228407317
92,39,1,0,0,0.05461862850156638,0.8361920228407317
92,40,0,1,0,0.05461862850156638,0.8361920228407317
92,41,0,1,0,0.05461862850156638,0.8361920228407317
92,42,1,1,0,0.05461862850156638,0.8361920228407317
92,43,1,1,0,0.05461862850156638,0.8361920228407317
92,44,1,0,0,0.05461862850156638,0.8361920228407317
92,45,0,1,0,0.05461862850156638,0.8361920228407317
92,46,1,1,0,0.05461862850156638,0.8361920228407317
92,47,0,1,0,0.05461862850156638,0.8361920228407317
92,48,0,1,1,0.05461862850156638,0.8361920228407317
92,49,1,1,0,0.05461862850156638,0.8361920228407317
92,50,1,1,1,0.05461862850156638,0.8361920228407317
92,51,1,0,0,0.05461862850156638,0.8361920228407317
92,52,1,1,1,0.05461862850156638,0.8361920228407317
92,53,1,0,0,0.05461862850156638,0.8361920228407317
92,54,0,0,0,0.05461862850156638,0.8361920228407317
92,55,0,1,1,0.05461862850156638,0.8361920228407317
92,56,1,1,1,0.05461862850156638,0.8361920228407317
92,57,0,1,0,0.05461862850156638,0.8361920228407317
92,58,1,1,0,0.05461862850156638,0.8361920228407317
92,59,0,1,1,0.05461862850156638,0.8361920228407317
92,60,1,0,0,0.05461862850156638,0.8361920228407317
92,61,1,0,0,0.05461862850156638,0.8361920228407317
92,62,0,1,0,0.05461862850156638,0.8361920228407317
92,63,1,0,0,0.05461862850156638,0.8361920228407317
92,64,0,1,0,0.05461862850156638,0.8361920228407317
92,65,0,0,0,0.05461862850156638,0.8361920228407317
92,66,1,1,0,0.05461862850156638,0.8361920228407317
92,67,0,1,0,0.05461862850156638,0.8361920228407317
92,68,0,0,0,0.05461862850156638,0.8361920228407317
92,69,0,1,0,0.05461862850156638,0.8361920228407317
92,70,0,1,1,0.05461862850156638,0.8361920228407317
92,71,0,0,0,0.05461862850156638,0.8361920228407317
92,72,1,0,1,0.05461862850156638,0.8361920228407317
92,73,0,1,0,0.05461862850156638,0.8361920228407317
92,74,1,1,0,0.05461862850156638,0.8361920228407317
92,75,0,1,0,0.05461862850156638,0.8361920228407317
92,76,0,0,0,0.05461862850156638,0.8361920228407317
92,77,0,0,0,0.05461862850156638,0.8361920228407317
92,78,0,0,1,0.05461862850156638,0.8361920228407317
92,79,1,1,1,0.05461862850156638,0.8361920228407317
92,80,0,1,0,0.05461862850156638,0.8361920228407317
92,81,0,1,1,0.05461862850156638,0.8361920228407317
92,82,1,0,0,0.05461862850156638,0.8361920228407317
92,83,0,0,0,0.05461862850156638,0.8361920228407317
92,84,1,0,1,0.05461862850156638,0.8361920228407317
92,85,0,1,1,0.05461862850156638,0.8361920228407317
92,86,0,1,0,0.05461862850156638,0.8361920228407317
92,87,1,0,1,0.05461862850156638,0.8361920228407317
92,88,1,1,0,0.05461862850156638,0.8361920228407317
92,89,1,0,1,0.05461862850156638,0.8361920228407317
92,90,1,1,0,0.05461862850156638,0.8361920228407317
92,91,0,1,0,0.05461862850156638,0.8361920228407317
92,92,0,1,1,0.05461862850156638,0.8361920228407317
92,93,1,1,1,0.05461862850156638,0.8361920228407317
92,94,0,0,0,0.05461862850156638,0.8361920228407317
92,95,1,1,0,0.05461862850156638,0.8361920228407317
92,96,1,1,0,0.05461862850156638,0.8361920228407317
92,97,1,1,0,0.05461862850156638,0.8361920228407317
92,98,0,0,0,0.05461862850156638,0.8361920228407317
92,99,1,0,0,0.05461862850156638,0.8361920228407317
92,100,0,1,0,0.05461862850156638,0.8361920228407317
93,1,1,1,0,0.10314002451159686,2.373903086547635
93,2,1,0,0,0.10314002451159686,2.373903086547635
93,3,1,1,0,0.10314002451159686,2.373903086547635
93,4,0,0,0,0.10314002451159686,2.373903086547635
93,5,1,1,0,0.10314002451159686,2.373903086547635
93,6,1,1,0,0.10314002451159686,2.373903086547635
93,7,1,1,1,0.10314002451159686,2.373903086547635
93,8,1,0,0,0.10314002451159686,2.373903086547635
93,9,0,1,0,0.10314002451159686,2.373903086547635
93,10,1,1,0,0.10314002451159686,2.373903086547635
93,11,1,1,0,0.10314002451159686,2.373903086547635
93,12,1,1,1,0.10314002451159686,2.373903086547635
93,13,0,0,1,0.10314002451159686,2.373903086547635
93,14,1,1,0,0.10314002451159686,2.373903086547635
93,15,1,0,1,0.10314002451159686,2.373903086547635
93,16,1,0,1,0.10314002451159686,2.373903086547635
93,17,1,1,1,0.10314002451159686,2.373903086547635
93,18,0,1,0,0.10314002451159686,2.373903086547635
93,19,0,0,0,0.10314002451159686,2.373903086547635
93,20,0,1,1,0.10314002451159686,2.373903086547635
93,21,0,0,1,0.10314002451159686,2.373903086547635
93,22,0,1,1,0.10314002451159686,2.373903086547635
93,23,0,1,0,0.10314002451159686,2.373903086547635
93,24,1,1,0,0.10314002451159686,2.373903086547635
93,25,1,1,1,0.10314002451159686,2.373903086547635
93,26,1,1,0,0.10314002451159686,2.373903086547635
93,27,1,1,0,0.10314002451159686,2.373903086547635
93,28,0,0,0,0.10314002451159686,2.373903086547635
93,29,1,1,0,0.10314002451159686,2.373903086547635
93,30,1,1,0,0.10314002451159686,2.373903086547635
93,31,1,0,0,0.10314002451159686,2.373903086547635
93,32,1,0,0,0.10314002451159686,2.373903086547635
93,33,1,1,1,0.10314002451159686,2.373903086547635
93,34,1,1,0,0.10314002451159686,2.373903086547635
93,35,1,1,0,0.10314002451159686,2.373903086547635
93,36,1,1,1,0.10314002451159686,2.373903086547635
93,37,1,1,0,0.10314002451159686,2.373903086547635
93,38,1,1,0,0.10314002451159686,2.373903086547635
93,39,1,1,0,0.10314002451159686,2.373903086547635
93,40,0,1,0,0.10314002451159686,2.373903086547635
93,41,0,1,0,0.10314002451159686,2.373903086547635
93,42,1,1,0,0.10314002451159686,2.373903086547635
93,43,0,0,0,0.10314002451159686,2.373903086547635
93,44,1,0,0,0.10314002451159686,2.373903086547635
93,45,1,1,0,0.10314002451159686,2.373903086547635
93,46,1,0,1,0.10314002451159686,2.373903086547635
93,47,1,1,0,0.10314002451159686,2.373903086547635
93,48,1,1,0,0.10314002451159686,2.373903086547635
93,49,1,1,0,0.10314002451159686,2.373903086547635
93,50,1,0,0,0.10314002451159686,2.373903086547635
93,51,1,1,0,0.10314002451159686,2.373903086547635
93,52,1,0,0,0.10314002451159686,2.373903086547635
93,53,1,1,0,0.10314002451159686,2.373903086547635
93,54,0,1,0,0.10314002451159686,2.373903086547635
93,55,1,1,0,0.10314002451159686,2.373903086547635
93,56,1,0,1,0.10314002451159686,2.373903086547635
93,57,1,0,0,0.10314002451159686,2.373903086547635
93,58,1,1,0,0.10314002451159686,2.373903086547635
93,59,1,0,0,0.10314002451159686,2.373903086547635
93,60,1,1,0,0.10314002451159686,2.373903086547635
93,61,1,1,0,0.10314002451159686,2.373903086547635
93,62,1,1,0,0.10314002451159686,2.373903086547635
93,63,0,1,1,0.10314002451159686,2.373903086547635
93,64,1,1,0,0.10314002451159686,2.373903086547635
93,65,1,0,0,0.10314002451159686,2.373903086547635
93,66,1,1,1,0.10314002451159686,2.373903086547635
93,67,1,0,0,0.10314002451159686,2.373903086547635
93,68,1,0,1,0.10314002451159686,2.373903086547635
93,69,1,0,0,0.10314002451159686,2.373903086547635
93,70,0,0,0,0.10314002451159686,2.373903086547635
93,71,1,1,0,0.10314002451159686,2.373903086547635
93,72,1,1,1,0.10314002451159686,2.373903086547635
93,73,0,1,1,0.10314002451159686,2.373903086547635
93,74,0,1,0,0.10314002451159686,2.373903086547635
93,75,0,1,0,0.10314002451159686,2.373903086547635
93,76,1,1,0,0.10314002451159686,2.373903086547635
93,77,0,0,0,0.10314002451159686,2.373903086547635
93,78,1,1,0,0.10314002451159686,2.373903086547635
93,79,0,1,0,0.10314002451159686,2.373903086547635
93,80,1,1,0,0.10314002451159686,2.373903086547635
93,81,1,1,0,0.10314002451159686,2.373903086547635
93,82,0,1,0,0.10314002451159686,2.373903086547635
93,83,1,0,0,0.10314002451159686,2.373903086547635
93,84,1,1,0,0.10314002451159686,2.373903086547635
93,85,0,0,0,0.10314002451159686,2.373903086547635
93,86,0,1,0,0.10314002451159686,2.373903086547635
93,87,1,1,1,0.10314002451159686,2.373903086547635
93,88,1,1,1,0.10314002451159686,2.373903086547635
93,89,1,1,0,0.10314002451159686,2.373903086547635
93,90,1,0,0,0.10314002451159686,2.373903086547635
93,91,1,1,0,0.10314002451159686,2.373903086547635
93,92,1,1,0,0.10314002451159686,2.373903086547635
93,93,1,1,1,0.10314002451159686,2.373903086547635
93,94,0,1,1,0.10314002451159686,2.373903086547635
93,95,1,0,1,0.10314002451159686,2.373903086547635
93,96,1,1,0,0.10314002451159686,2.373903086547635
93,97,1,1,0,0.10314002451159686,2.373903086547635
93,98,1,0,1,0.10314002451159686,2.373903086547635
93,99,1,1,1,0.10314002451159686,2.373903086547635
93,100,1,0,0,0.10314002451159686,2.373903086547635
94,1,0,1,1,0.10410947836007545,1.6790004827023566
94,2,1,1,0,0.10410947836007545,1.6790004827023566
94,3,1,1,0,0.10410947836007545,1.6790004827023566
94,4,1,0,1,0.10410947836007545,1.6790004827023566
94,5,1,0,1,0.10410947836007545,1.6790004827023566
94,6,0,1,0,0.10410947836007545,1.6790004827023566
94,7,1,1,0,0.10410947836007545,1.6790004827023566
94,8,1,1,0,0.10410947836007545,1.6790004827023566
94,9,1,1,0,0.10410947836007545,1.6790004827023566
94,10,1,1,1,0.10410947836007545,1.6790004827023566
94,11,1,1,1,0.10410947836007545,1.6790004827023566
94,12,1,1,0,0.10410947836007545,1.6790004827023566
94,13,1,0,1,0.10410947836007545,1.6790004827023566
94,14,1,1,1,0.10410947836007545,1.6790004827023566
94,15,1,1,1,0.10410947836007545,1.6790004827023566
94,16,1,0,1,0.10410947836007545,1.6790004827023566
94,17,1,1,0,0.10410947836007545,1.6790004827023566
94,18,0,1,0,0.10410947836007545,1.6790004827023566
94,19,0,1,0,0.10410947836007545,1.6790004827023566
94,20,0,1,0,0.10410947836007545,1.6790004827023566
94,21,1,1,0,0.10410947836007545,1.6790004827023566
94,22,1,0,0,0.10410947836007545,1.6790004827023566
94,23,1,0,0,0.10410947836007545,1.6790004827023566
94,24,0,1,0,0.10410947836007545,1.6790004827023566
94,25,1,1,1,0.10410947836007545,1.6790004827023566
94,26,0,1,0,0.10410947836007545,1.6790004827023566
94,27,1,1,0,0.10410947836007545,1.6790004827023566
94,28,1,1,0,0.10410947836007545,1.6790004827023566
94,29,1,1,0,0.10410947836007545,1.6790004827023566
94,30,1,1,0,0.10410947836007545,1.6790004827023566
94,31,1,0,0,0.10410947836007545,1.6790004827023566
94,32,1,1,1,0.10410947836007545,1.6790004827023566
94,33,1,1,0,0.10410947836007545,1.6790004827023566
94,34,1,0,1,0.10410947836007545,1.6790004827023566
94,35,0,1,0,0.10410947836007545,1.6790004827023566
94,36,1,0,0,0.10410947836007545,1.6790004827023566
94,37,1,0,1,0.10410947836007545,1.6790004827023566
94,38,1,1,0,0.10410947836007545,1.6790004827023566
94,39,0,1,0,0.10410947836007545,1.6790004827023566
94,40,1,0,1,0.10410947836007545,1.6790004827023566
94,41,0,0,0,0.10410947836007545,1.6790004827023566
94,42,1,1,0,0.10410947836007545,1.6790004827023566
94,43,0,1,1,0.10410947836007545,1.6790004827023566
94,44,1,1,1,0.10410947836007545,1.6790004827023566
94,45,1,1,0,0.10410947836007545,1.6790004827023566
94,46,1,1,0,0.10410947836007545,1.6790004827023566
94,47,0,1,0,0.10410947836007545,1.6790004827023566
94,48,1,1,1,0.10410947836007545,1.6790004827023566
94,49,1,0,1,0.10410947836007545,1.6790004827023566
94,50,1,0,1,0.10410947836007545,1.6790004827023566
94,51,0,1,0,0.10410947836007545,1.6790004827023566
94,52,1,1,0,0.10410947836007545,1.6790004827023566
94,53,1,1,1,0.10410947836007545,1.6790004827023566
94,54,1,0,0,0.10410947836007545,1.6790004827023566
94,55,1,0,0,0.10410947836007545,1.6790004827023566
94,56,1,0,1,0.10410947836007545,1.6790004827023566
94,57,0,1,0,0.10410947836007545,1.6790004827023566
94,58,1,1,1,0.10410947836007545,1.6790004827023566
94,59,1,0,0,0.10410947836007545,1.6790004827023566
94,60,1,1,0,0.10410947836007545,1.6790004827023566
94,61,1,0,0,0.10410947836007545,1.6790004827023566
94,62,0,1,1,0.10410947836007545,1.6790004827023566
94,63,0,1,0,0.10410947836007545,1.6790004827023566
94,64,0,0,1,0.10410947836007545,1.6790004827023566
94,65,1,1,0,0.10410947836007545,1.6790004827023566
94,66,1,1,0,0.10410947836007545,1.6790004827023566
94,67,0,1,0,0.10410947836007545,1.6790004827023566
94,68,0,1,0,0.10410947836007545,1.6790004827023566
94,69,1,1,0,0.10410947836007545,1.6790004827023566
94,70,0,1,0,0.10410947836007545,1.6790004827023566
94,71,0,1,0,0.10410947836007545,1.6790004827023566
94,72,1,1,0,0.10410947836007545,1.6790004827023566
94,73,1,1,1,0.10410947836007545,1.6790004827023566
94,74,1,1,1,0.10410947836007545,1.6790004827023566
94,75,1,0,0,0.10410947836007545,1.6790004827023566
94,76,0,0,0,0.10410947836007545,1.6790004827023566
94,77,1,1,0,0.10410947836007545,1.6790004827023566
94,78,1,1,0,0.10410947836007545,1.6790004827023566
94,79,1,0,0,0.10410947836007545,1.6790004827023566
94,80,1,0,1,0.10410947836007545,1.6790004827023566
94,81,0,1,0,0.10410947836007545,1.6790004827023566
94,82,1,0,1,0.10410947836007545,1.6790004827023566
94,83,0,1,0,0.10410947836007545,1.6790004827023566
94,84,0,1,0,0.10410947836007545,1.6790004827023566
94,85,0,0,0,0.10410947836007545,1.6790004827023566
94,86,0,1,0,0.10410947836007545,1.6790004827023566
94,87,1,1,0,0.10410947836007545,1.6790004827023566
94,88,1,1,0,0.10410947836007545,1.6790004827023566
94,89,1,0,0,0.10410947836007545,1.6790004827023566
94,90,1,1,0,0.10410947836007545,1.6790004827023566
94,91,1,0,0,0.10410947836007545,1.6790004827023566
94,92,1,1,0,0.10410947836007545,1.6790004827023566
94,93,0,1,1,0.10410947836007545,1.6790004827023566
94,94,0,1,0,0.10410947836007545,1.6790004827023566
94,95,0,0,0,0.10410947836007545,1.6790004827023566
94,96,1,1,0,0.10410947836007545,1.6790004827023566
94,97,1,1,0,0.10410947836007545,1.6790004827023566
94,98,1,1,1,0.10410947836007545,1.6790004827023566
94,99,1,0,0,0.10410947836007545,1.6790004827023566
94,100,1,1,0,0.10410947836007545,1.6790004827023566
95,1,1,1,0,0.18797576723017564,0.9493063040478562
95,2,1,0,0,0.18797576723017564,0.9493063040478562
95,3,1,0,0,0.18797576723017564,0.9493063040478562
95,4,1,1,0,0.18797576723017564,0.9493063040478562
95,5,0,1,1,0.18797576723017564,0.9493063040478562
95,6,1,0,1,0.18797576723017564,0.9493063040478562
95,7,0,0,1,0.18797576723017564,0.9493063040478562
95,8,0,1,0,0.18797576723017564,0.9493063040478562
95,9,0,1,0,0.18797576723017564,0.9493063040478562
95,10,1,1,0,0.18797576723017564,0.9493063040478562
95,11,0,1,0,0.18797576723017564,0.9493063040478562
95,12,1,1,0,0.18797576723017564,0.9493063040478562
95,13,1,0,1,0.18797576723017564,0.9493063040478562
95,14,1,1,0,0.18797576723017564,0.9493063040478562
95,15,0,0,0,0.18797576723017564,0.9493063040478562
95,16,1,0,0,0.18797576723017564,0.9493063040478562
95,17,0,1,1,0.18797576723017564,0.9493063040478562
95,18,1,0,1,0.18797576723017564,0.9493063040478562
95,19,0,0,0,0.18797576723017564,0.9493063040478562
95,20,0,1,0,0.18797576723017564,0.9493063040478562
95,21,1,1,0,0.18797576723017564,0.9493063040478562
95,22,1,1,0,0.18797576723017564,0.9493063040478562
95,23,0,1,1,0.18797576723017564,0.9493063040478562
95,24,1,1,0,0.18797576723017564,0.9493063040478562
95,25,1,1,0,0.18797576723017564,0.9493063040478562
95,26,1,1,1,0.18797576723017564,0.9493063040478562
95,27,1,1,0,0.18797576723017564,0.9493063040478562
95,28,1,0,0,0.18797576723017564,0.9493063040478562
95,29,1,1,1,0.18797576723017564,0.9493063040478562
95,30,1,0,1,0.18797576723017564,0.9493063040478562
95,31,1,0,0,0.18797576723017564,0.9493063040478562
95,32,1,1,0,0.18797576723017564,0.9493063040478562
95,33,1,0,0,0.18797576723017564,0.9493063040478562
95,34,0,1,0,0.18797576723017564,0.9493063040478562
95,35,1,0,0,0.18797576723017564,0.9493063040478562
95,36,1,1,1,0.18797576723017564,0.9493063040478562
95,37,1,1,0,0.18797576723017564,0.9493063040478562
95,38,0,0,1,0.18797576723017564,0.9493063040478562
95,39,1,1,0,0.18797576723017564,0.9493063040478562
95,40,1,0,0,0.18797576723017564,0.9493063040478562
95,41,0,1,0,0.18797576723017564,0.9493063040478562
95,42,1,1,0,0.18797576723017564,0.9493063040478562
95,43,0,0,1,0.18797576723017564,0.9493063040478562
95,44,1,0,0,0.18797576723017564,0.9493063040478562
95,45,1,1,0,0.18797576723017564,0.9493063040478562
95,46,0,1,0,0.18797576723017564,0.9493063040478562
95,47,1,1,1,0.18797576723017564,0.9493063040478562
95,48,1,1,1,0.18797576723017564,0.9493063040478562
95,49,0,1,0,0.18797576723017564,0.9493063040478562
95,50,0,1,0,0.18797576723017564,0.9493063040478562
95,51,1,1,1,0.18797576723017564,0.9493063040478562
95,52,0,1,0,0.18797576723017564,0.9493063040478562
95,53,0,1,0,0.18797576723017564,0.9493063040478562
95,54,0,1,0,0.18797576723017564,0.9493063040478562
95,55,0,0,0,0.18797576723017564,0.9493063040478562
95,56,1,1,0,0.18797576723017564,0.9493063040478562
95,57,0,0,0,0.18797576723017564,0.9493063040478562
95,58,0,1,0,0.18797576723017564,0.9493063040478562
95,59,1,1,1,0.18797576723017564,0.9493063040478562
95,60,0,1,1,0.18797576723017564,0.9493063040478562
95,61,0,1,0,0.18797576723017564,0.9493063040478562
95,62,0,1,0,0.18797576723017564,0.9493063040478562
95,63,1,1,0,0.18797576723017564,0.9493063040478562
95,64,1,0,0,0.18797576723017564,0.9493063040478562
95,65,1,1,1,0.18797576723017564,0.9493063040478562
95,66,1,0,0,0.18797576723017564,0.9493063040478562
95,67,1,0,0,0.18797576723017564,0.9493063040478562
95,68,0,1,1,0.18797576723017564,0.9493063040478562
95,69,1,1,0,0.18797576723017564,0.9493063040478562
95,70,1,1,0,0.18797576723017564,0.9493063040478562
95,71,1,0,0,0.18797576723017564,0.9493063040478562
95,72,1,1,0,0.18797576723017564,0.9493063040478562
95,73,1,0,0,0.18797576723017564,0.9493063040478562
95,74,0,1,0,0.18797576723017564,0.9493063040478562
95,75,1,1,1,0.18797576723017564,0.9493063040478562
95,76,0,1,0,0.18797576723017564,0.9493063040478562
95,77,0,1,1,0.18797576723017564,0.9493063040478562
95,78,1,1,0,0.18797576723017564,0.9493063040478562
95,79,1,1,0,0.18797576723017564,0.9493063040478562
95,80,0,1,0,0.18797576723017564,0.9493063040478562
95,81,1,1,0,0.18797576723017564,0.9493063040478562
95,82,0,0,1,0.18797576723017564,0.9493063040478562
95,83,0,1,0,0.18797576723017564,0.9493063040478562
95,84,1,0,0,0.18797576723017564,0.9493063040478562
95,85,0,0,0,0.18797576723017564,0.9493063040478562
95,86,1,1,0,0.18797576723017564,0.9493063040478562
95,87,1,1,1,0.18797576723017564,0.9493063040478562
95,88,0,1,0,0.18797576723017564,0.9493063040478562
95,89,0,1,1,0.18797576723017564,0.9493063040478562
95,90,1,0,1,0.18797576723017564,0.9493063040478562
95,91,0,0,0,0.18797576723017564,0.9493063040478562
95,92,1,0,0,0.18797576723017564,0.9493063040478562
95,93,1,1,0,0.18797576723017564,0.9493063040478562
95,94,1,1,0,0.18797576723017564,0.9493063040478562
95,95,1,0,0,0.18797576723017564,0.9493063040478562
95,96,0,0,0,0.18797576723017564,0.9493063040478562
95,97,0,1,1,0.18797576723017564,0.9493063040478562
95,98,1,1,0,0.18797576723017564,0.9493063040478562
95,99,0,1,0,0.18797576723017564,0.9493063040478562
95,100,0,1,0,0.18797576723017564,0.9493063040478562
96,1,0,1,1,0.18509683458081916,1.3018423781886896
96,2,1,1,1,0.18509683458081916,1.3018423781886896
96,3,0,1,0,0.18509683458081916,1.3018423781886896
96,4,0,1,0,0.18509683458081916,1.3018423781886896
96,5,1,0,1,0.18509683458081916,1.3018423781886896
96,6,1,1,0,0.18509683458081916,1.3018423781886896
96,7,1,1,0,0.18509683458081916,1.3018423781886896
96,8,1,0,0,0.18509683458081916,1.3018423781886896
96,9,1,1,1,0.18509683458081916,1.3018423781886896
96,10,1,1,0,0.18509683458081916,1.3018423781886896
96,11,1,0,0,0.18509683458081916,1.3018423781886896
96,12,1,1,0,0.18509683458081916,1.3018423781886896
96,13,0,1,0,0.18509683458081916,1.3018423781886896
96,14,1,1,0,0.18509683458081916,1.3018423781886896
96,15,0,1,0,0.18509683458081916,1.3018423781886896
96,16,1,0,0,0.18509683458081916,1.3018423781886896
96,17,1,1,0,0.18509683458081916,1.3018423781886896
96,18,1,0,0,0.18509683458081916,1.3018423781886896
96,19,0,1,1,0.18509683458081916,1.3018423781886896
96,20,1,1,1,0.18509683458081916,1.3018423781886896
96,21,1,1,1,0.18509683458081916,1.3018423781886896
96,22,0,0,0,0.18509683458081916,1.3018423781886896
96,23,0,1,0,0.18509683458081916,1.3018423781886896
96,24,1,0,1,0.18509683458081916,1.3018423781886896
96,25,1,1,0,0.18509683458081916,1.3018423781886896
96,26,1,1,0,0.18509683458081916,1.3018423781886896
96,27,1,0,1,0.18509683458081916,1.3018423781886896
96,28,1,1,0,0.18509683458081916,1.3018423781886896
96,29,1,1,0,0.18509683458081916,1.3018423781886896
96,30,0,1,0,0.18509683458081916,1.3018423781886896
96,31,1,1,0,0.18509683458081916,1.3018423781886896
96,32,1,1,0,0.18509683458081916,1.3018423781886896
96,33,1,1,1,0.18509683458081916,1.3018423781886896
96,34,0,1,1,0.18509683458081916,1.3018423781886896
96,35,1,1,0,0.18509683458081916,1.3018423781886896
96,36,1,1,1,0.18509683458081916,1.3018423781886896
96,37,1,1,0,0.18509683458081916,1.3018423781886896
96,38,0,1,1,0.18509683458081916,1.3018423781886896
96,39,1,0,0,0.18509683458081916,1.3018423781886896
96,40,1,1,0,0.18509683458081916,1.3018423781886896
96,41,1,1,0,0.18509683458081916,1.3018423781886896
96,42,1,1,0,0.18509683458081916,1.3018423781886896
96,43,0,0,0,0.18509683458081916,1.3018423781886896
96,44,1,0,1,0.18509683458081916,1.3018423781886896
96,45,0,1,0,0.18509683458081916,1.3018423781886896
96,46,0,1,0,0.18509683458081916,1.3018423781886896
96,47,0,0,0,0.18509683458081916,1.3018423781886896
96,48,1,0,0,0.18509683458081916,1.3018423781886896
96,49,0,1,0,0.18509683458081916,1.3018423781886896
96,50,0,0,0,0.18509683458081916,1.3018423781886896
96,51,1,1,0,0.18509683458081916,1.3018423781886896
96,52,0,1,1,0.18509683458081916,1.3018423781886896
96,53,0,1,0,0.18509683458081916,1.3018423781886896
96,54,0,1,1,0.18509683458081916,1.3018423781886896
96,55,1,1,0,0.18509683458081916,1.3018423781886896
96,56,1,1,0,0.18509683458081916,1.3018423781886896
96,57,1,1,0,0.18509683458081916,1.3018423781886896
96,58,0,0,0,0.18509683458081916,1.3018423781886896
96,59,0,1,0,0.18509683458081916,1.3018423781886896
96,60,1,0,0,0.18509683458081916,1.3018423781886896
96,61,0,1,0,0.18509683458081916,1.3018423781886896
96,62,1,1,0,0.18509683458081916,1.3018423781886896
96,63,0,1,0,0.18509683458081916,1.3018423781886896
96,64,1,1,1,0.18509683458081916,1.3018423781886896
96,65,1,1,0,0.18509683458081916,1.3018423781886896
96,66,1,1,0,0.18509683458081916,1.3018423781886896
96,67,1,1,0,0.18509683458081916,1.3018423781886896
96,68,1,0,0,0.18509683458081916,1.3018423781886896
96,69,1,1,0,0.18509683458081916,1.3018423781886896
96,70,1,0,0,0.18509683458081916,1.3018423781886896
96,71,1,1,0,0.18509683458081916,1.3018423781886896
96,72,0,1,1,0.18509683458081916,1.3018423781886896
96,73,1,1,0,0.18509683458081916,1.3018423781886896
96,74,1,1,0,0.18509683458081916,1.3018423781886896
96,75,1,1,0,0.18509683458081916,1.3018423781886896
96,76,1,0,0,0.18509683458081916,1.3018423781886896
96,77,1,1,0,0.18509683458081916,1.3018423781886896
96,78,1,1,0,0.18509683458081916,1.3018423781886896
96,79,1,1,0,0.18509683458081916,1.3018423781886896
96,80,1,1,1,0.18509683458081916,1.3018423781886896
96,81,1,1,1,0.18509683458081916,1.3018423781886896
96,82,1,1,1,0.18509683458081916,1.3018423781886896
96,83,1,1,0,0.18509683458081916,1.3018423781886896
96,84,1,1,0,0.18509683458081916,1.3018423781886896
96,85,1,1,0,0.18509683458081916,1.3018423781886896
96,86,1,0,1,0.18509683458081916,1.3018423781886896
96,87,0,1,0,0.18509683458081916,1.3018423781886896
96,88,1,1,0,0.18509683458081916,1.3018423781886896
96,89,0,1,0,0.18509683458081916,1.3018423781886896
96,90,1,1,0,0.18509683458081916,1.3018423781886896
96,91,1,0,1,0.18509683458081916,1.3018423781886896
96,92,0,1,0,0.18509683458081916,1.3018423781886896
96,93,0,1,1,0.18509683458081916,1.3018423781886896
96,94,0,1,0,0.18509683458081916,1.3018423781886896
96,95,1,1,1,0.18509683458081916,1.3018423781886896
96,96,1,1,0,0.18509683458081916,1.3018423781886896
96,97,1,0,0,0.18509683458081916,1.3018423781886896
96,98,1,1,0,0.18509683458081916,1.3018423781886896
96,99,0,1,0,0.18509683458081916,1.3018423781886896
96,100,0,1,0,0.18509683458081916,1.3018423781886896
97,1,0,1,0,0.14086103183792684,2.125228930871793
97,2,0,1,1,0.14086103183792684,2.125228930871793
97,3,0,0,0,0.14086103183792684,2.125228930871793
97,4,1,0,1,0.14086103183792684,2.125228930871793
97,5,1,0,0,0.14086103183792684,2.125228930871793
97,6,0,0,0,0.14086103183792684,2.125228930871793
97,7,1,0,0,0.14086103183792684,2.125228930871793
97,8,0,1,1,0.14086103183792684,2.125228930871793
97,9,0,1,0,0.14086103183792684,2.125228930871793
97,10,0,1,0,0.14086103183792684,2.125228930871793
97,11,1,1,1,0.14086103183792684,2.125228930871793
97,12,1,1,0,0.14086103183792684,2.125228930871793
97,13,1,1,1,0.14086103183792684,2.125228930871793
97,14,1,1,0,0.14086103183792684,2.125228930871793
97,15,0,1,0,0.14086103183792684,2.125228930871793
97,16,1,0,0,0.14086103183792684,2.125228930871793
97,17,1,1,0,0.14086103183792684,2.125228930871793
97,18,0,1,1,0.14086103183792684,2.125228930871793
97,19,0,1,0,0.14086103183792684,2.125228930871793
97,20,1,1,1,0.14086103183792684,2.125228930871793
97,21,0,1,1,0.14086103183792684,2.125228930871793
97,22,1,1,0,0.14086103183792684,2.125228930871793
97,23,0,1,0,0.14086103183792684,2.125228930871793
97,24,1,1,0,0.14086103183792684,2.125228930871793
97,25,1,0,1,0.14086103183792684,2.125228930871793
97,26,1,0,1,0.14086103183792684,2.125228930871793
97,27,0,1,1,0.14086103183792684,2.125228930871793
97,28,0,1,1,0.14086103183792684,2.125228930871793
97,29,1,0,0,0.14086103183792684,2.125228930871793
97,30,1,1,1,0.14086103183792684,2.125228930871793
97,31,1,0,0,0.14086103183792684,2.125228930871793
97,32,1,1,1,0.14086103183792684,2.125228930871793
97,33,0,1,0,0.14086103183792684,2.125228930871793
97,34,1,0,0,0.14086103183792684,2.125228930871793
97,35,1,1,1,0.14086103183792684,2.125228930871793
97,36,1,0,0,0.14086103183792684,2.125228930871793
97,37,0,1,1,0.14086103183792684,2.125228930871793
97,38,0,1,0,0.14086103183792684,2.125228930871793
97,39,1,1,1,0.14086103183792684,2.125228930871793
97,40,1,0,0,0.14086103183792684,2.125228930871793
97,41,0,0,0,0.14086103183792684,2.125228930871793
97,42,1,0,1,0.14086103183792684,2.125228930871793
97,43,0,0,1,0.14086103183792684,2.125228930871793
97,44,0,1,0,0.14086103183792684,2.125228930871793
97,45,1,0,1,0.14086103183792684,2.125228930871793
97,46,0,1,0,0.14086103183792684,2.125228930871793
97,47,1,0,0,0.14086103183792684,2.125228930871793
97,48,1,1,1,0.14086103183792684,2.125228930871793
97,49,1,1,1,0.14086103183792684,2.125228930871793
97,50,0,1,0,0.14086103183792684,2.125228930871793
97,51,0,1,0,0.14086103183792684,2.125228930871793
97,52,1,1,0,0.14086103183792684,2.125228930871793
97,53,0,0,0,0.14086103183792684,2.125228930871793
97,54,1,1,0,0.14086103183792684,2.125228930871793
97,55,1,0,1,0.14086103183792684,2.125228930871793
97,56,0,1,1,0.14086103183792684,2.125228930871793
97,57,0,1,0,0.14086103183792684,2.125228930871793
97,58,1,1,1,0.14086103183792684,2.125228930871793
97,59,0,0,0,0.14086103183792684,2.125228930871793
97,60,1,1,0,0.14086103183792684,2.125228930871793
97,61,0,1,0,0.14086103183792684,2.125228930871793
97,62,1,0,0,0.14086103183792684,2.125228930871793
97,63,1,0,0,0.14086103183792684,2.125228930871793
97,64,1,1,0,0.14086103183792684,2.125228930871793
97,65,1,1,0,0.14086103183792684,2.125228930871793
97,66,1,1,0,0.14086103183792684,2.125228930871793
97,67,1,0,1,0.14086103183792684,2.125228930871793
97,68,0,1,0,0.14086103183792684,2.125228930871793
97,69,1,0,0,0.14086103183792684,2.125228930871793
97,70,0,1,0,0.14086103183792684,2.125228930871793
97,71,0,1,1,0.14086103183792684,2.125228930871793
97,72,1,1,0,0.14086103183792684,2.125228930871793
97,73,1,0,0,0.14086103183792684,2.125228930871793
97,74,1,1,1,0.14086103183792684,2.125228930871793
97,75,0,1,1,0.14086103183792684,2.125228930871793
97,76,0,1,1,0.14086103183792684,2.125228930871793
97,77,1,0,0,0.14086103183792684,2.125228930871793
97,78,0,1,0,0.14086103183792684,2.125228930871793
97,79,0,0,0,0.14086103183792684,2.125228930871793
97,80,1,1,0,0.14086103183792684,2.125228930871793
97,81,1,1,0,0.14086103183792684,2.125228930871793
97,82,0,1,0,0.14086103183792684,2.125228930871793
97,83,1,0,0,0.14086103183792684,2.125228930871793
97,84,1,0,0,0.14086103183792684,2.125228930871793
97,85,0,1,1,0.14086103183792684,2.125228930871793
97,86,1,1,0,0.14086103183792684,2.125228930871793
97,87,1,0,0,0.14086103183792684,2.125228930871793
97,88,1,1,1,0.14086103183792684,2.125228930871793
97,89,0,1,0,0.14086103183792684,2.125228930871793
97,90,0,0,0,0.14086103183792684,2.125228930871793
97,91,1,0,0,0.14086103183792684,2.125228930871793
97,92,0,0,1,0.14086103183792684,2.125228930871793
97,93,0,0,0,0.14086103183792684,2.125228930871793
97,94,0,1,0,0.14086103183792684,2.125228930871793
97,95,1,1,0,0.14086103183792684,2.125228930871793
97,96,1,1,0,0.14086103183792684,2.125228930871793
97,97,1,1,0,0.14086103183792684,2.125228930871793
97,98,1,0,0,0.14086103183792684,2.125228930871793
97,99,1,1,0,0.14086103183792684,2.125228930871793
97,100,1,0,0,0.14086103183792684,2.125228930871793
98,1,1,1,1,0.24528851775317442,0.5793646413968561
98,2,1,1,0,0.24528851775317442,0.5793646413968561
98,3,0,1,0,0.24528851775317442,0.5793646413968561
98,4,0,1,0,0.24528851775317442,0.5793646413968561
98,5,1,1,1,0.24528851775317442,0.5793646413968561
98,6,1,1,0,0.24528851775317442,0.5793646413968561
98,7,0,1,1,0.24528851775317442,0.5793646413968561
98,8,1,0,0,0.24528851775317442,0.5793646413968561
98,9,0,0,0,0.24528851775317442,0.5793646413968561
98,10,1,0,0,0.24528851775317442,0.5793646413968561
98,11,0,0,0,0.24528851775317442,0.5793646413968561
98,12,1,1,0,0.24528851775317442,0.5793646413968561
98,13,1,0,0,0.24528851775317442,0.5793646413968561
98,14,0,1,0,0.24528851775317442,0.5793646413968561
98,15,1,1,0,0.24528851775317442,0.5793646413968561
98,16,0,1,0,0.24528851775317442,0.5793646413968561
98,17,0,0,0,0.24528851775317442,0.5793646413968561
98,18,1,1,0,0.24528851775317442,0.5793646413968561
98,19,1,1,0,0.24528851775317442,0.5793646413968561
98,20,0,1,0,0.24528851775317442,0.5793646413968561
98,21,0,1,1,0.24528851775317442,0.5793646413968561
98,22,0,1,1,0.24528851775317442,0.5793646413968561
98,23,1,0,1,0.24528851775317442,0.5793646413968561
98,24,1,1,0,0.24528851775317442,0.5793646413968561
98,25,1,1,0,0.24528851775317442,0.5793646413968561
98,26,1,1,0,0.24528851775317442,0.5793646413968561
98,27,1,1,0,0.24528851775317442,0.5793646413968561
98,28,1,0,0,0.24528851775317442,0.5793646413968561
98,29,0,0,1,0.24528851775317442,0.5793646413968561
98,30,1,1,1,0.24528851775317442,0.5793646413968561
98,31,1,1,0,0.24528851775317442,0.5793646413968561
98,32,1,1,1,0.24528851775317442,0.5793646413968561
98,33,0,1,1,0.24528851775317442,0.5793646413968561
98,34,0,0,1,0.24528851775317442,0.5793646413968561
98,35,1,1,0,0.24528851775317442,0.5793646413968561
98,36,1,1,1,0.24528851775317442,0.5793646413968561
98,37,0,0,1,0.24528851775317442,0.5793646413968561
98,38,0,1,0,0.24528851775317442,0.5793646413968561
98,39,1,0,0,0.24528851775317442,0.5793646413968561
98,40,1,1,0,0.24528851775317442,0.5793646413968561
98,41,0,0,0,0.24528851775317442,0.5793646413968561
98,42,0,1,0,0.24528851775317442,0.5793646413968561
98,43,1,0,1,0.24528851775317442,0.5793646413968561
98,44,1,0,1,0.24528851775317442,0.5793646413968561
98,45,1,1,0,0.24528851775317442,0.5793646413968561
98,46,1,0,0,0.24528851775317442,0.5793646413968561
98,47,1,0,0,0.24528851775317442,0.5793646413968561
98,48,0,0,0,0.24528851775317442,0.5793646413968561
98,49,1,1,0,0.24528851775317442,0.5793646413968561
98,50,1,1,0,0.24528851775317442,0.5793646413968561
98,51,1,0,0,0.24528851775317442,0.5793646413968561
98,52,0,0,1,0.24528851775317442,0.5793646413968561
98,53,0,1,0,0.24528851775317442,0.5793646413968561
98,54,1,1,1,0.24528851775317442,0.5793646413968561
98,55,1,1,1,0.24528851775317442,0.5793646413968561
98,56,0,0,0,0.24528851775317442,0.5793646413968561
98,57,0,1,0,0.24528851775317442,0.5793646413968561
98,58,0,0,0,0.24528851775317442,0.5793646413968561
98,59,0,1,0,0.24528851775317442,0.5793646413968561
98,60,0,1,0,0.24528851775317442,0.5793646413968561
98,61,1,1,0,0.24528851775317442,0.5793646413968561
98,62,0,1,1,0.24528851775317442,0.5793646413968561
98,63,0,0,1,0.24528851775317442,0.5793646413968561
98,64,0,1,1,0.24528851775317442,0.5793646413968561
98,65,1,1,0,0.24528851775317442,0.5793646413968561
98,66,1,1,1,0.24528851775317442,0.5793646413968561
98,67,0,1,0,0.24528851775317442,0.5793646413968561
98,68,1,1,0,0.24528851775317442,0.5793646413968561
98,69,0,1,0,0.24528851775317442,0.5793646413968561
98,70,1,1,0,0.24528851775317442,0.5793646413968561
98,71,1,1,0,0.24528851775317442,0.5793646413968561
98,72,1,1,0,0.24528851775317442,0.5793646413968561
98,73,1,0,0,0.24528851775317442,0.5793646413968561
98,74,0,1,0,0.24528851775317442,0.5793646413968561
98,75,1,0,0,0.24528851775317442,0.5793646413968561
98,76,0,0,0,0.24528851775317442,0.5793646413968561
98,77,1,1,1,0.24528851775317442,0.5793646413968561
98,78,1,0,0,0.24528851775317442,0.5793646413968561
98,79,0,1,0,0.24528851775317442,0.5793646413968561
98,80,1,0,0,0.24528851775317442,0.5793646413968561
98,81,0,1,0,0.24528851775317442,0.5793646413968561
98,82,1,0,0,0.24528851775317442,0.5793646413968561
98,83,0,0,1,0.24528851775317442,0.5793646413968561
98,84,0,1,0,0.24528851775317442,0.5793646413968561
98,85,1,1,1,0.24528851775317442,0.5793646413968561
98,86,1,1,0,0.24528851775317442,0.5793646413968561
98,87,0,1,1,0.24528851775317442,0.5793646413968561
98,88,1,1,1,0.24528851775317442,0.5793646413968561
98,89,1,1,1,0.24528851775317442,0.5793646413968561
98,90,1,1,1,0.24528851775317442,0.5793646413968561
98,91,0,0,1,0.24528851775317442,0.5793646413968561
98,92,1,1,0,0.24528851775317442,0.5793646413968561
98,93,1,1,1,0.24528851775317442,0.5793646413968561
98,94,0,0,1,0.24528851775317442,0.5793646413968561
98,95,0,1,0,0.24528851775317442,0.5793646413968561
98,96,0,0,1,0.24528851775317442,0.5793646413968561
98,97,1,1,0,0.24528851775317442,0.5793646413968561
98,98,1,1,0,0.24528851775317442,0.5793646413968561
98,99,0,1,1,0.24528851775317442,0.5793646413968561
98,100,0,1,0,0.24528851775317442,0.5793646413968561
99,1,0,1,0,0.21916263840638317,2.876831495738356
99,2,1,1,0,0.21916263840638317,2.876831495738356
99,3,1,1,0,0.21916263840638317,2.876831495738356
99,4,1,0,0,0.21916263840638317,2.876831495738356
99,5,1,1,0,0.21916263840638317,2.876831495738356
99,6,1,0,0,0.21916263840638317,2.876831495738356
99,7,1,1,1,0.21916263840638317,2.876831495738356
99,8,1,1,0,0.21916263840638317,2.876831495738356
99,9,1,0,0,0.21916263840638317,2.876831495738356
99,10,1,0,0,0.21916263840638317,2.876831495738356
99,11,1,0,0,0.21916263840638317,2.876831495738356
99,12,1,1,0,0.21916263840638317,2.876831495738356
99,13,1,1,0,0.21916263840638317,2.876831495738356
99,14,1,1,0,0.21916263840638317,2.876831495738356
99,15,1,1,0,0.21916263840638317,2.876831495738356
99,16,1,1,1,0.21916263840638317,2.876831495738356
99,17,1,0,0,0.21916263840638317,2.876831495738356
99,18,1,1,1,0.21916263840638317,2.876831495738356
99,19,0,1,1,0.21916263840638317,2.876831495738356
99,20,1,0,0,0.21916263840638317,2.876831495738356
99,21,1,0,0,0.21916263840638317,2.876831495738356
99,22,1,1,0,0.21916263840638317,2.876831495738356
99,23,1,0,1,0.21916263840638317,2.876831495738356
99,24,0,1,1,0.21916263840638317,2.876831495738356
99,25,0,1,1,0.21916263840638317,2.876831495738356
99,26,0,0,0,0.21916263840638317,2.876831495738356
99,27,0,1,1,0.21916263840638317,2.876831495738356
99,28,0,1,0,0.21916263840638317,2.876831495738356
99,29,1,1,0,0.21916263840638317,2.876831495738356
99,30,1,1,1,0.21916263840638317,2.876831495738356
99,31,1,0,0,0.21916263840638317,2.876831495738356
99,32,1,1,0,0.21916263840638317,2.876831495738356
99,33,1,1,0,0.21916263840638317,2.876831495738356
99,34,1,1,0,0.21916263840638317,2.876831495738356
99,35,1,1,0,0.21916263840638317,2.876831495738356
99,36,1,1,0,0.21916263840638317,2.876831495738356
99,37,0,1,0,0.21916263840638317,2.876831495738356
99,38,1,1,1,0.21916263840638317,2.876831495738356
99,39,1,1,0,0.21916263840638317,2.876831495738356
99,40,1,1,0,0.21916263840638317,2.876831495738356
99,41,1,1,0,0.21916263840638317,2.876831495738356
99,42,0,1,0,0.21916263840638317,2.876831495738356
99,43,1,1,0,0.21916263840638317,2.876831495738356
99,44,1,1,0,0.21916263840638317,2.876831495738356
99,45,1,1,0,0.21916263840638317,2.876831495738356
99,46,1,1,0,0.21916263840638317,2.876831495738356
99,47,1,1,0,0.21916263840638317,2.876831495738356
99,48,1,1,0,0.21916263840638317,2.876831495738356
99,49,1,0,0,0.21916263840638317,2.876831495738356
99,50,1,0,0,0.21916263840638317,2.876831495738356
99,51,0,0,1,0.21916263840638317,2.876831495738356
99,52,1,1,1,0.21916263840638317,2.876831495738356
99,53,1,1,0,0.21916263840638317,2.876831495738356
99,54,1,0,1,0.21916263840638317,2.876831495738356
99,55,1,1,0,0.21916263840638317,2.876831495738356
99,56,1,1,1,0.21916263840638317,2.876831495738356
99,57,1,0,0,0.21916263840638317,2.876831495738356
99,58,1,0,0,0.21916263840638317,2.876831495738356
99,59,1,1,0,0.21916263840638317,2.876831495738356
99,60,1,0,0,0.21916263840638317,2.876831495738356
99,61,1,1,1,0.21916263840638317,2.876831495738356
99,62,1,0,0,0.21916263840638317,2.876831495738356
99,63,0,0,1,0.21916263840638317,2.876831495738356
99,64,1,1,0,0.21916263840638317,2.876831495738356
99,65,1,1,0,0.21916263840638317,2.876831495738356
99,66,1,1,1,0.21916263840638317,2.876831495738356
99,67,0,1,0,0.21916263840638317,2.876831495738356
99,68,1,1,0,0.21916263840638317,2.876831495738356
99,69,1,1,0,0.21916263840638317,2.876831495738356
99,70,1,1,0,0.21916263840638317,2.876831495738356
99,71,1,0,0,0.21916263840638317,2.876831495738356
99,72,1,0,0,0.21916263840638317,2.876831495738356
99,73,1,0,1,0.21916263840638317,2.876831495738356
99,74,1,1,1,0.21916263840638317,2.876831495738356
99,75,1,1,1,0.21916263840638317,2.876831495738356
99,76,0,1,0,0.21916263840638317,2.876831495738356
99,77,1,0,1,0.21916263840638317,2.876831495738356
99,78,1,1,1,0.21916263840638317,2.876831495738356
99,79,0,1,1,0.21916263840638317,2.876831495738356
99,80,0,1,0,0.21916263840638317,2.876831495738356
99,81,0,1,0,0.21916263840638317,2.876831495738356
99,82,1,0,1,0.21916263840638317,2.876831495738356
99,83,1,0,0,0.21916263840638317,2.876831495738356
99,84,1,1,0,0.21916263840638317,2.876831495738356
99,85,1,1,0,0.21916263840638317,2.876831495738356
99,86,0,1,1,0.21916263840638317,2.876831495738356
99,87,0,1,1,0.21916263840638317,2.876831495738356
99,88,1,1,1,0.21916263840638317,2.876831495738356
99,89,1,1,1,0.21916263840638317,2.876831495738356
99,90,0,1,0,0.21916263840638317,2.876831495738356
99,91,0,0,0,0.21916263840638317,2.876831495738356
99,92,0,1,0,0.21916263840638317,2.876831495738356
99,93,0,1,0,0.21916263840638317,2.876831495738356
99,94,1,1,0,0.21916263840638317,2.876831495738356
99,95,1,1,0,0.21916263840638317,2.876831495738356
99,96,1,1,1,0.21916263840638317,2.876831495738356
99,97,1,1,1,0.21916263840638317,2.876831495738356
99,98,0,0,1,0.21916263840638317,2.876831495738356
99,99,0,0,0,0.21916263840638317,2.876831495738356
99,100,1,1,1,0.21916263840638317,2.876831495738356
100,1,1,0,0,0.1800526114951696,2.4297474498762806
100,2,0,1,0,0.1800526114951696,2.4297474498762806
100,3,0,1,0,0.1800526114951696,2.4297474498762806
100,4,1,1,0,0.1800526114951696,2.4297474498762806
100,5,1,1,1,0.1800526114951696,2.4297474498762806
100,6,1,1,0,0.1800526114951696,2.4297474498762806
100,7,1,1,0,0.1800526114951696,2.4297474498762806
100,8,1,1,1,0.1800526114951696,2.4297474498762806
100,9,0,1,0,0.1800526114951696,2.4297474498762806
100,10,1,1,1,0.1800526114951696,2.4297474498762806
100,11,1,1,1,0.1800526114951696,2.4297474498762806
100,12,0,1,0,0.1800526114951696,2.4297474498762806
100,13,1,1,1,0.1800526114951696,2.4297474498762806
100,14,1,1,0,0.1800526114951696,2.4297474498762806
100,15,0,1,0,0.1800526114951696,2.4297474498762806
100,16,1,0,0,0.1800526114951696,2.4297474498762806
100,17,1,0,0,0.1800526114951696,2.4297474498762806
100,18,1,1,1,0.1800526114951696,2.4297474498762806
100,19,0,1,0,0.1800526114951696,2.4297474498762806
100,20,1,1,1,0.1800526114951696,2.4297474498762806
100,21,1,1,0,0.1800526114951696,2.4297474498762806
100,22,1,1,1,0.1800526114951696,2.4297474498762806
100,23,1,1,0,0.1800526114951696,2.4297474498762806
100,24,1,1,0,0.1800526114951696,2.4297474498762806
100,25,1,0,0,0.1800526114951696,2.4297474498762806
100,26,1,1,0,0.1800526114951696,2.4297474498762806
100,27,1,1,0,0.1800526114951696,2.4297474498762806
100,28,1,1,0,0.1800526114951696,2.4297474498762806
100,29,1,1,0,0.1800526114951696,2.4297474498762806
100,30,1,0,1,0.1800526114951696,2.4297474498762806
100,31,1,0,0,0.1800526114951696,2.4297474498762806
100,32,1,0,1,0.1800526114951696,2.4297474498762806
100,33,1,1,1,0.1800526114951696,2.4297474498762806
100,34,1,1,0,0.1800526114951696,2.4297474498762806
100,35,0,1,0,0.1800526114951696,2.4297474498762806
100,36,1,1,0,0.1800526114951696,2.4297474498762806
100,37,1,0,1,0.1800526114951696,2.4297474498762806
100,38,1,0,0,0.1800526114951696,2.4297474498762806
100,39,1,1,0,0.1800526114951696,2.4297474498762806
100,40,1,1,0,0.1800526114951696,2.4297474498762806
100,41,1,1,0,0.1800526114951696,2.4297474498762806
100,42,0,1,1,0.1800526114951696,2.4297474498762806
100,43,1,1,0,0.1800526114951696,2.4297474498762806
100,44,0,0,1,0.1800526114951696,2.4297474498762806
100,45,0,1,0,0.1800526114951696,2.4297474498762806
100,46,0,1,0,0.1800526114951696,2.4297474498762806
100,47,1,0,1,0.1800526114951696,2.4297474498762806
100,48,1,1,0,0.1800526114951696,2.4297474498762806
100,49,1,0,0,0.1800526114951696,2.4297474498762806
100,50,0,1,1,0.1800526114951696,2.4297474498762806
100,51,1,0,0,0.1800526114951696,2.4297474498762806
100,52,0,0,0,0.1800526114951696,2.4297474498762806
100,53,0,1,0,0.1800526114951696,2.4297474498762806
100,54,1,1,1,0.1800526114951696,2.4297474498762806
100,55,0,1,0,0.1800526114951696,2.4297474498762806
100,56,1,1,1,0.1800526114951696,2.4297474498762806
100,57,1,1,0,0.1800526114951696,2.4297474498762806
100,58,1,1,0,0.1800526114951696,2.4297474498762806
100,59,1,0,0,0.1800526114951696,2.4297474498762806
100,60,0,1,0,0.1800526114951696,2.4297474498762806
100,61,1,1,1,0.1800526114951696,2.4297474498762806
100,62,1,1,0,0.1800526114951696,2.4297474498762806
100,63,1,1,0,0.1800526114951696,2.4297474498762806
100,64,1,1,0,0.1800526114951696,2.4297474498762806
100,65,1,1,0,0.1800526114951696,2.4297474498762806
100,66,1,1,0,0.1800526114951696,2.4297474498762806
100,67,1,1,0,0.1800526114951696,2.4297474498762806
100,68,1,1,1,0.1800526114951696,2.4297474498762806
100,69,0,1,0,0.1800526114951696,2.4297474498762806
100,70,0,0,1,0.1800526114951696,2.4297474498762806
100,71,1,0,0,0.1800526114951696,2.4297474498762806
100,72,1,1,0,0.1800526114951696,2.4297474498762806
100,73,1,1,0,0.1800526114951696,2.4297474498762806
100,74,0,0,1,0.1800526114951696,2.4297474498762806
100,75,0,0,1,0.1800526114951696,2.4297474498762806
100,76,1,1,1,0.1800526114951696,2.4297474498762806
100,77,1,0,0,0.1800526114951696,2.4297474498762806
100,78,1,1,1,0.1800526114951696,2.4297474498762806
100,79,0,1,0,0.1800526114951696,2.4297474498762806
100,80,1,1,0,0.1800526114951696,2.4297474498762806
100,81,1,0,0,0.1800526114951696,2.4297474498762806
100,82,0,0,1,0.1800526114951696,2.4297474498762806
100,83,0,1,0,0.1800526114951696,2.4297474498762806
100,84,1,1,0,0.1800526114951696,2.4297474498762806
100,85,1,0,0,0.1800526114951696,2.4297474498762806
100,86,1,1,0,0.1800526114951696,2.4297474498762806
100,87,1,0,0,0.1800526114951696,2.4297474498762806
100,88,0,1,0,0.1800526114951696,2.4297474498762806
100,89,1,1,0,0.1800526114951696,2.4297474498762806
100,90,1,0,0,0.1800526114951696,2.4297474498762806
100,91,1,0,0,0.1800526114951696,2.4297474498762806
100,92,1,1,0,0.1800526114951696,2.4297474498762806
100,93,0,1,0,0.1800526114951696,2.4297474498762806
100,94,1,1,0,0.1800526114951696,2.4297474498762806
100,95,1,0,0,0.1800526114951696,2.4297474498762806
100,96,1,1,0,0.1800526114951696,2.4297474498762806
100,97,1,0,1,0.1800526114951696,2.4297474498762806
100,98,1,0,1,0.1800526114951696,2.4297474498762806
100,99,1,0,1,0.1800526114951696,2.4297474498762806
100,100,1,1,0,0.1800526114951696,2.4297474498762806
